ContractReferenceNo,ContractTitle,TeamName,ContractOwner,CPSRep,Department,Directorate,IsOJEU,FinancialImplications,Initial Contract start date,Initial Contract end date,Ext Contract start date,Ext Contract end date,Framework Agreem.,Framework Agreement,EsitmatedCostOfContract,ContractCost,CostVariance,HasExtensionOption,Contract Extended,Extended Post Contract,Auth to Tender,Goods/Serivce or Works,SuccessfulSupplier,IsTermContract,ParentClassification,ContractClassification
6434,Strategic Direction piece,HR Advice & Employee Relations,Timothy Powell,Maria Sun,People Services,Corporate Services Directorate,0,Expenditure,30/05/2019,02/08/2019,,,No,,50000,47860,-2140,Yes,No,No,Delegated Authority,Goods/Service, Engage,No,Professional Services ,Consultancy
6424,Level 3 Fire Safety Auditors Qualification,FSR Learning,Susan Naylor,Robert Fisher,Training and Professional Development,Safety and Assurance Directorate,0,Expenditure,26/03/2019,26/09/2019,,,No,,18220,18220,0,Yes,No,No,Delegated Authority,Goods/Service, Xact Consultancy and Training LTD,No,Professional Services ,Learning
6423,Senior M&E Consultant,FM Service Delivery Team,Claire Page,Devron Cariba,Technical and Service Support,Corporate Services Directorate,0,Expenditure,04/03/2019,04/03/2020,,,No,,105600,105600,0,No,No,No,Delegated Authority,Goods/Service, Global Real Estate Ltd,No,Construction and FM,Technical Services
6421,Vehicle Glass Replacement & Repair ,Vehicle Administration,Floyd Phillip,Maria Sun,Procurement,Corporate Services Directorate,0,Expenditure,13/05/2019,13/05/2021,,,Yes,ESPO 275,27000,27000,0,No,No,No,Budget Holder Approval,Goods/Service, Nationwide Windscreen Services Limited,No,Fleet ,Fleet Management
6417,Skills for Justice level 6 Advanced Tactical Incident Command Course,Incident Command Policy,Julian Spooner,Gary Phillips,Safety and Assurance Directorate,Commissioner,0,Expenditure,29/03/2019,29/03/2020,,,No,,47520,47520,0,No,No,No,Budget Holder Approval,Goods/Service, Fire Service College,No,Professional Services ,Development and Training
6384,Lighting Upgrade To LED Lighting Energy reduction 8 Stations ,FM Service Delivery Team,Neville Harper,Remmy Kamya,Technical and Service Support,Corporate Services Directorate,0,Expenditure,19/03/2019,19/09/2019,,,No,,22000,132277,110277,No,No,No,Delegated Authority,Works, APC Technology Group PLC,No,Construction and FM,Building Operations
6378,Union Street A/C MER replacement,FM Service Delivery Team,Neville Harper,Gary Phillips,Technical and Service Support,Corporate Services Directorate,0,Expenditure,14/02/2019,14/03/2019,,,No,,89760,89760,0,No,No,No,Budget Holder Approval,Works, Quantech Environmental Ltd,No,Construction and FM,Construction Service Providers
6375,"Barking fire station, repointing of brickwork",FM Service Delivery Team,Christopher Bate,John O'Dor,Technical and Service Support,Corporate Services Directorate,0,Expenditure,25/02/2019,26/08/2019,,,No,,130000,111544,-18456,No,No,No,Budget Holder Approval,Works, Standage,No,Construction and FM,Construction Service Providers
6365,Licence renewal of ForcePoint Web security proxy,ICT Management,Christopher Yiangou,Tom Marshall,Information and Communications Technology ,Corporate Services Directorate,0,Expenditure,18/12/2018,18/03/2022,,,No,,82114,82114,0,No,No,No,Budget Holder Approval,Goods/Service, MTI Technology Limited,Yes,ICT,Services
6364,MODAS DataPump,System Support & Improvement,Christopher O'Connor,Tom Marshall,Information and Communications Technology ,Corporate Services Directorate,0,Expenditure,01/03/2019,28/02/2022,,,No,,17000,17000,0,No,No,No,Head of Procurement approval for single tender action,Goods/Service, 3TC Software Limited,No,ICT,Software
6362,Magic course Multi agency gold incident command training,Emergency Planning,Alex Townsend-Drake,Remmy Kamya,Operational Resilience and Special Operations,Safety and Assurance Directorate,0,Expenditure,01/04/2019,01/05/2020,,,No,,36500,36500,0,No,No,No,Budget Holder Approval,Goods/Service,,Yes,Professional Services ,Operational Services
6360,"Sutton fire station, Refurbishment of showers & toilets",FM Service Delivery Team,Christopher Bate,Maria Sun,Technical and Service Support,Corporate Services Directorate,0,Expenditure,04/03/2019,04/05/2019,,,No,,80000,119958,39958,No,No,No,Budget Holder Approval,Works, B Nokes Contracts,No,Construction and FM,Construction Service Providers
6356,Independent review of training,Training Delivery,Peter Groves,Gary Phillips,Training and Professional Development,Safety and Assurance Directorate,0,Expenditure,25/02/2019,25/08/2019,,,No,,100000,76000,-24000,No,No,No,Budget Holder Approval,Goods/Service, Ribband Star Consultancy Ltd,No,Professional Services ,Development and Training
6355,Babcock training centre Harrow/Heating system,FM Service Delivery Team,Derek Richardson,Maria Sun,Technical and Service Support,Corporate Services Directorate,0,Expenditure,21/01/2019,21/02/2019,,,No,,43500,39975,-3525,No,No,No,Budget Holder Approval,Works, Quantech Environmental Services Ltd,No,Construction and FM,Construction Service Providers
6353,Cable Cutter Pouches,Fire Rescue Policy,Thomas Goodall,Gary Phillips,Safety and Assurance Directorate,Commissioner,0,Expenditure,03/12/2018,03/12/2022,,,No,,4500,4500,0,No,No,No,Budget Holder Approval,Goods/Service, First Products (Sussex) Ltd,Yes,Operational Equipment,Emergency and Rescue Equipment and Supplies
6351,Level 5 Dipolma in Fire Engineering ,FSR Learning,Susan Naylor,Gary Phillips,Training and Professional Development,Safety and Assurance Directorate,0,Expenditure,01/06/2019,01/06/2021,,,No,,30000,30000,0,Yes,No,Yes,Delegated Authority,Goods/Service, XACT Consultancy and Training Limited,Yes,Professional Services ,Learning
6350,Liquid Tight Suits (LTS) Chemical Protective Clothing Respirex,Hazmat & Incident Comms Policy,Anthony Farrant,Gary Phillips,Operational Policy,Safety and Assurance Directorate,0,Expenditure,21/01/2019,21/01/2024,,,No,,80000,80000,0,No,No,No,Budget Holder Approval,Goods/Service, Respirex International Limited,No,Clothing and PPE,Clothing and Textiles
6349,"Tottenham fire station, damp proofing to external wall of Male Showers ",FM Service Delivery Team,Christopher Bate,Maria Sun,Technical and Service Support,Corporate Services Directorate,0,Expenditure,11/02/2019,11/03/2019,,,No,,50000,41497,-8503,No,No,No,Budget Holder Approval,Works, B Nokes Contracts,No,Construction and FM,Construction Service Providers
6348,"Battersea fire station, Refurbishment of Crew Manager Showers",FM Service Delivery Team,Christopher Bate,Maria Sun,Technical and Service Support,Corporate Services Directorate,0,Expenditure,11/02/2019,11/03/2019,,,No,,60000,53977,-6023,No,No,No,Budget Holder Approval,Works, Standage & Co Ltd,No,Construction and FM,Construction Service Providers
6347,"Stratford fire station, Refurbishment of Crew Manager Showers",FM Service Delivery Team,Christopher Bate,Maria Sun,Technical and Service Support,Corporate Services Directorate,0,Expenditure,28/01/2019,28/02/2019,,,No,,40000,63499,23499,No,No,No,Budget Holder Approval,Works, B Nokes Contracts,No,Construction and FM,Construction Service Providers
6346,Cable Cutters ,Fire Rescue Policy,Thomas Goodall,Gary Phillips,Operational Policy,Safety and Assurance Directorate,0,Expenditure,03/12/2018,03/12/2022,,,No,,8000,8000,0,No,No,No,Budget Holder Approval,Goods/Service, Cannons MSA Ltd,Yes,Operational Equipment,Emergency and Rescue Equipment and Supplies
6345,Performance Management Framework (PMF),Strategy Risk and Engagement,Regina Bonas,Robert Fisher,Strategy and Risk,Safety and Assurance Directorate,0,Expenditure,01/04/2019,31/03/2020,,,No,,20000,18800,-1200,Yes,No,No,Head of Procurement approval for single tender action,Goods/Service, 360 Systems ,Yes,ICT,Software
6332,Fire Investigation Basic Pratical Course,FSR Learning,Susan Naylor,Remmy Kamya,Training and Professional Development,Safety and Assurance Directorate,0,Expenditure,11/03/2019,11/03/2023,,,No,,10000,25000,15000,No,No,No,Delegated Authority,Goods/Service, Gardiners Associates,Yes,Professional Services ,Learning
6325,Laundry & Dry Cleaning,Fire Stations & Area Team Management,Andrew Roe,Anouska Herman,Fire Stations,Operations Directorate,1,Expenditure,01/01/2019,01/01/2023,,,Yes,CCS Framework,380000,380000,0,No,No,No,Committee Decision,Goods/Service, Berendsen UK Ltd,Yes,Clothing and PPE,Clothing and Textiles
6323,Provision of Velcro Patches for PPE,Internal Communications and Events,Justina Leitao,Gary Phillips,Communications,Corporate Services Directorate,0,Expenditure,19/11/2018,19/11/2026,,,No,,20000,9900,-10100,No,No,No,Budget Holder Approval,Goods/Service, Stitch Tech Ltd,Yes,Clothing and PPE,Clothing and Textiles
6318,Museum fundraiser,External Communications and Campaigns,Caroline Davis,Robert Fisher,Communications,Corporate Services Directorate,0,Income,01/11/2018,31/10/2022,,,No,,39600,50000,10400,No,No,No,Budget Holder Approval,Goods/Service, The Heritage Bureau Ltd,No,Professional Services ,Consultancy
6313,Fire  Investigation Theory Foundation Course ,FSR Learning,Susan Naylor,Remmy Kamya,Training and Professional Development,Safety and Assurance Directorate,0,Expenditure,11/02/2019,11/02/2023,,,No,,50000,48000,-2000,No,No,No,Delegated Authority,Goods/Service, Bereau Veritas,Yes,Professional Services ,Learning
6302,APEA Course for the Petroleum BTCE,FSR Learning,Susan Naylor,Remmy Kamya,Training and Professional Development,Safety and Assurance Directorate,0,Expenditure,04/01/2019,04/05/2022,,,No,,18600,18600,0,No,No,No,Delegated Authority,Goods/Service, APEA,Yes,Professional Services ,Development and Training
6296,LexisLibrary,Departmental Management & Business Support,Christopher Marshall,Joseph Newton,General Counsel,Corporate Services Directorate,0,Expenditure,16/08/2018,16/08/2019,,,No,,29930,29930,0,No,No,No,Head of Procurement approval for single tender action,Goods/Service, Lexis Nexis (trading name of RELX (UK)Ltd),Yes,Professional Services ,Legal
6292,HR Services,HR Advice & Employee Relations,Kushalta Saini,Robert Fisher,People Services,Corporate Services Directorate,0,Expenditure,01/11/2018,31/10/2019,,,No,,80500,82600,2100,Yes,No,No,Delegated Authority,Goods/Service, You HR Consultancy Ltd ,No,Professional Services ,HR Services
6291,BTEC Level 7 Advanced Professional Certificate in Investigative Practice (APCIP),FSR Learning,Susan Naylor,Remmy Kamya,Training and Professional Development,Safety and Assurance Directorate,0,Expenditure,21/01/2019,21/04/2022,,,No,,74000,74000,0,No,No,No,Delegated Authority,Goods/Service, Bond Solon,Yes,Professional Services ,Development and Training
6290,Fire Station Fridges/Freezers,Fire Stations & Area Team Management,Andrew Roe,Robert Fisher,Fire Stations,Operations Directorate,0,Expenditure,27/11/2018,27/11/2022,,,Yes,ESPO Framework for Supply of Domestic Electrical Appliances,140000,140000,0,No,No,No,Budget Holder Approval,Goods/Service, ESPO,Yes,Construction and FM,Domestic Goods
6288,Interim Provision of Portable Hygiene Units ,Fire Rescue Policy,Liam Hall,Michael McCarthy,Operational Policy,Safety and Assurance Directorate,0,Expenditure,02/07/2018,01/10/2018,15/03/2019,14/04/2019,No,,65000,116500,51500,Yes,Yes,Yes,Budget Holder Approval,Goods/Service, Site-Equip Limited ,Yes,Fleet ,Vehicle Hire and Lease
6286,Executive search - Head of London Resilience,HR Advice & Employee Relations,Timothy Powell,Robert Fisher,People Services,Corporate Services Directorate,0,Expenditure,19/07/2018,19/07/2019,,,Yes,Local Government Resourcing Partnership LGRP,23500,23500,0,Yes,No,No,Delegated Authority,Goods/Service, Gatenbysanderson Limited,No,Professional Services ,HR Services
6277,Safety Accredited Contractors:Forecourt Passport Scheme,FSR Learning,Susan Naylor,Remmy Kamya,Training and Professional Development,Safety and Assurance Directorate,0,Expenditure,03/09/2018,03/05/2023,,,No,,17000,17000,0,No,No,No,Delegated Authority,Goods/Service, Tersus Consultancy Limited,No,Professional Services ,Operational Services
6275,Specialist Software Provision ,National Operational Guidance,Simon Davis,Chris Caesar,Strategy and Risk,Safety and Assurance Directorate,0,Expenditure,03/02/2019,03/02/2020,,,No,,10872,10872,0,No,No,No,Head of Procurement approval for single tender action,Goods/Service, CGE Risk Management Solutions B.V.,Yes,ICT,Services
6261,Chaplaincy Services,Croydon (Team),Andrew Williams,Gillian Maxwell,Fire Stations,Operations Directorate,0,Expenditure,01/06/2018,01/06/2021,,,No,,80000,60000,-20000,Yes,No,No,Budget Holder Approval,Goods/Service, Guys & St Thomas' NHS Foundation Trust,Yes,Professional Services ,Welfare
6255,HR Policy consultancy,HR Advice & Employee Relations,Catherine Gibbs,Remmy Kamya,People Services,Corporate Services Directorate,0,Expenditure,05/11/2018,04/09/2019,,,Yes,CCS HR,12000,11350,-650,Yes,No,No,Delegated Authority,Goods/Service, RealWorldHR Limited,No,Professional Services ,Consultancy
6254,Specialist Paper ,Internal Communications and Events,Justina Leitao,Robert Fisher,Communications,Corporate Services Directorate,0,Expenditure,23/04/2018,23/10/2018,,,No,,1500,1500,0,No,No,No,Delegated Authority,Goods/Service, HV Sier ,Yes,,
6246,Flood Protection barriers,Rescue & ISAR Policy,Richard Abbot,Gillian Maxwell,Operational Policy,Safety and Assurance Directorate,0,Expenditure,21/09/2018,20/09/2020,,,No,,100000,100000,0,No,No,No,Budget Holder Approval,Goods/Service, Flood Control International,No,Operational Equipment,Emergency and Rescue Equipment and Supplies
6239,Fire Engineering Degree,FSR Learning,Susan Naylor,Remmy Kamya,Training and Professional Development,Safety and Assurance Directorate,1,Expenditure,01/08/2018,01/08/2023,,,No,,197600,197600,0,No,No,No,Head of Procurement approval for single tender action,Goods/Service, Glasgow Caledonian University,Yes,Professional Services ,Development and Training
6205,SUPPORT Plan - Apple devices,ICT Management,Phillip Freestone,Sharon Donovan,Information and Communications Technology ,Corporate Services Directorate,0,Expenditure,01/09/2018,01/09/2019,,,No,,9019,9019,0,No,No,No,Budget Holder Approval,Goods/Service, Support Plan (UK) Ltd,Yes,ICT,Services
6197,Service Desk ITSM Tool,ICT Management,Phillip Freestone,Joseph Newton,Information and Communications Technology ,Corporate Services Directorate,0,Expenditure,01/05/2018,01/05/2019,,,Yes,Technology Products 2,90560,90560,0,No,No,No,Budget Holder Approval,Goods/Service, Marval Software Ltd,No,,
6177,Provision of a Managed Archived Records Storage Service,Business Intelligence,David Morris,Catherine Bray,Information and Communications Technology ,Corporate Services Directorate,1,Expenditure,02/11/2018,01/11/2023,,,Yes,"CCS - RM3781, Lot 4",190000,190000,0,Yes,No,No,Budget Holder Approval,Goods/Service, The Document Warehouse Limited,Yes,ICT,Services
6175,Microsoft Premier Support,ICT Management,Phillip Freestone,Sharon Donovan,Information and Communications Technology ,Corporate Services Directorate,0,Expenditure,14/12/2018,14/12/2019,,,No,,84320,84320,0,No,No,No,Budget Holder Approval,Goods/Service,,Yes,ICT,Services
6170,Business Name Dataset Compatible with AddressBase Premium,ICT Management,Phillip Freestone,Gary Phillips,Information and Communications Technology ,Corporate Services Directorate,0,Expenditure,26/11/2018,26/11/2021,,,No,,43000,43000,0,No,No,No,Budget Holder Approval,Goods/Service, Aligned Assets Ltd,Yes,ICT,Services
6169,HR Systems support,ICT Management,Phillip Freestone,Remmy Kamya,Information and Communications Technology ,Corporate Services Directorate,0,Expenditure,17/03/2018,17/03/2019,17/03/2019,17/03/2020,No,,10000,10442,442,Yes,Yes,No,Budget Holder Approval,Goods/Service, Reed Business,Yes,,
6166,Fire engineernig consultancy services,FSR Fire Engineering Group,Lynsey Seal,Anouska Herman,Fire Safety (Regulatory and Community),Operations Directorate,0,Expenditure,30/07/2018,30/07/2022,,,No,,40000,40000,0,No,No,No,Budget Holder Approval,Goods/Service, Fire Surgery ,Yes,,
6164,Ballistic PPE: Body Armour,Special Operations Group,Patrick Goulbourne,Gillian Maxwell,Operational Resilience and Special Operations,Safety and Assurance Directorate,0,Expenditure,28/02/2018,28/02/2022,,,Yes,Ballistic PPE Capability Framework Agreement ,86930,86930,0,No,No,No,Budget Holder Approval,Goods/Service, Aegis Engineering,Yes,,
6162,Staff Engagement Survey,Strategy Risk and Engagement,Regina Bonas,Remmy Kamya,Strategy and Risk,Safety and Assurance Directorate,0,Expenditure,26/03/2018,26/06/2019,,,Yes,TFL 91930 CPT Customer Research and Insight Services relating to Employee Research,20000,50000,30000,No,No,No,Delegated Authority,Goods/Service, ORC International,No,,
6158,FRU Dry Suit,Rescue & ISAR Policy,Richard Abbot,Gillian Maxwell,Operational Policy,Safety and Assurance Directorate,0,Expenditure,10/08/2018,10/08/2020,,,No,,20000,20000,0,No,No,No,Budget Holder Approval,Goods/Service, Typhoon,Yes,Operational Equipment,Emergency and Rescue Equipment and Supplies
6156,Legal/Loggist Training,Emergency Planning,Alex Townsend-Drake,Remmy Kamya,Operational Resilience and Special Operations,Safety and Assurance Directorate,0,Expenditure,11/06/2018,11/06/2019,,,No,,5000,15000,10000,No,No,No,Budget Holder Approval,Goods/Service, David Burrows-Sutcliffe,Yes,Professional Services ,Development and Training
6155,Web Based Job Evaluation Scheme,HR Advice & Employee Relations,Robert Bond,Robert Fisher,People Services,Corporate Services Directorate,0,Expenditure,04/05/2018,04/05/2022,,,No,,18845,18845,0,No,No,No,Budget Holder Approval,Goods/Service, PILAT EUROPE LIMITED ,No,,
6149,Branded Office template developer,Internal Communications and Events,Justina Leitao,Remmy Kamya,Communications,Corporate Services Directorate,0,Expenditure,14/01/2019,14/01/2020,,,No,,20000,23000,3000,No,No,No,Budget Holder Approval,Goods/Service,,No,Professional Services ,Marketing
6146,VMware vSphere 6,ICT Management,Phillip Freestone,Not allocated,Information and Communications Technology ,Corporate Services Directorate,0,Expenditure,01/02/2018,01/02/2021,,,Yes,CCS Technology Products 2,91803,91803,0,No,No,No,Budget Holder Approval,Goods/Service, Phoenix Software Ltd,,,
6142,Provision of Black Workwear Jackets for Senior Officers,Tower Hamlets (Team),Richard Tapp,Anouska Herman,Fire Stations,Operations Directorate,0,Expenditure,01/02/2018,01/02/2019,,,No,,20000,20000,0,No,No,No,Budget Holder Approval,Goods/Service, Burlington Uniforms,No,Clothing and PPE,Clothing and Textiles
6141,IELP Main Contractor ,TSS Management,Lloyd Bentley,John O'Dor,Technical and Service Support,Corporate Services Directorate,0,Expenditure,04/03/2019,13/12/2019,,,No,,2929000,3299183,370183,No,No,No,Committee Decision,Works, ITC Concepts Ltd  ,No,Construction and FM,Construction Service Providers
6140,Provision of Visual and Audible Warning Equipment - Cars,Vehicle Administration,Floyd Phillip,Remmy Kamya,Procurement,Corporate Services Directorate,0,Expenditure,31/05/2018,30/05/2019,,,No,,50000,15800,-34200,No,No,No,Budget Holder Approval,Goods/Service, Redtronic,Yes,,
6137,NEC3 Licence Agreement ,Corporate Procurement Services,Michael McCarthy,Not allocated,Procurement,Corporate Services Directorate,0,Expenditure,03/01/2018,02/01/2020,,,Yes,TFL NEC Licence Agreement ,1900,1900,0,No,No,No,Delegated Authority,Goods/Service, NEC (Thomas Telford) ,,,
6135,Network monitoring software,Network,Thomas Mohan,Robert Fisher,Information and Communications Technology ,Corporate Services Directorate,0,Expenditure,09/04/2018,08/04/2019,,,Yes,Technology Products 2 Agreement RM3733 ,30000,47467,17467,Yes,No,No,Budget Holder Approval,Goods/Service, COMPUTACENTER (UK) Ltd ,Yes,,
6133,Sensitivity review service,Health & Safety,Adrian Bevan,Remmy Kamya,Health and Safety,Safety and Assurance Directorate,0,Expenditure,16/07/2018,16/07/2020,,,Yes,RM33781,3000,3000,0,No,No,No,Budget Holder Approval,Goods/Service, Iron Mountain,Yes,Professional Services ,Business Process Outsourcing Services
6130,Inspection of Fleet Vehicles,FLEET,Alexander Vispo,Robert Fisher,Technical and Service Support,Corporate Services Directorate,0,Expenditure,01/04/2019,01/04/2022,,,No,,160000,149800,-10200,No,No,No,Budget Holder Approval,Goods/Service, Applus Car Testing Services Ltd,Yes,Fleet ,Fleet Management
6129,Smoke escape hoods,Fire Rescue Policy,Steven Collins,Gillian Maxwell,Operational Policy,Safety and Assurance Directorate,0,Expenditure,20/09/2018,20/09/2022,,,Yes,Devon and Somerset,100000,100000,0,No,No,No,Budget Holder Approval,Goods/Service, Draeger Safety UK Ltd,No,,
6124,Provision of Chilled Mains Drinking Water Dispenser Services,FM Service Delivery Team,Claire Page,Michael McCarthy,Technical and Service Support,Corporate Services Directorate,0,Expenditure,31/10/2017,31/10/2019,,,Yes,ESPO Water Coolers ,39000,39000,0,Yes,No,No,Delegated Authority,Goods/Service, Water Coolers Limited ,Yes,,
6120,E-Tendering Software,Corporate Procurement Services,Gillian Maxwell,Gillian Maxwell,Procurement,Corporate Services Directorate,0,Expenditure,01/04/2018,31/03/2020,,,Yes,TBC,10000,10000,0,No,No,No,Budget Holder Approval,Goods/Service, EU Supply,Yes,ICT,Software
6115,Citrix Security Solution,Virtual Desktop Delivery,Philip Hillary,Joseph Newton,Information and Communications Technology ,Corporate Services Directorate,0,Expenditure,08/01/2018,08/01/2021,,,Yes,Technology Products 2,80000,102072,22072,No,No,No,Budget Holder Approval,Goods/Service, Softcat PLC,Yes,,
6114,Training - Fire Investigation Qualification,FSR Learning,Susan Naylor,Gillian Maxwell,Training and Professional Development,Safety and Assurance Directorate,0,Expenditure,01/02/2018,01/02/2020,,,No,,35000,35000,0,No,No,No,Head of Procurement approval for single tender action,Goods/Service, Gardiner Associates Training and Research Ltd,No,Professional Services ,Development and Training
6113,Replacement Wireless LAN Controllers,ICT Management,Phillip Freestone,Joseph Newton,Information and Communications Technology ,Corporate Services Directorate,1,Expenditure,01/01/2018,01/01/2021,,,Yes,Crown Commercial Service Technology Products 2 Framework ,195000,119981,-75019,No,No,No,Budget Holder Approval,Goods/Service, Q Associates Limited,Yes,,
6112,Flame Retardant Bedding,CS Policy and Projects,Marvin Ikua,Robert Fisher,Fire Safety (Regulatory and Community),Operations Directorate,0,Expenditure,01/03/2018,01/03/2022,,,Yes,Safe and Well Equipment Framework,26000,26000,0,No,No,No,Budget Holder Approval,Goods/Service," Thomas Kneale & Co Limited  , Vision Support Services ",Yes,,
6110,Provision of Insurance Services,Accountancy & Treasury,Peter Risby,Robert Fisher,Finance,Corporate Services Directorate,1,Expenditure,30/06/2018,30/06/2021,,,No,,8228196,6661418,-1566778,Yes,No,No,Delegated Authority,Goods/Service," Risk Management Partners Limited, Travelers Insurance Co Ltd",Yes,Professional Services ,Financial
6095,Business Administration Apprenticeship Training ,Cultural Change,Damian Candish,Gillian Maxwell,People Services,Corporate Services Directorate,0,Expenditure,08/01/2018,08/01/2019,,,Yes,TFL 93582,10000,10000,0,No,No,No,Delegated Authority,Goods/Service, Outsource Training Ltd,Yes,Professional Services ,Learning
6094,Purchase & maintenance of mail screening X-ray scanner,Business Intelligence,David Morris,Hitesh Mistry,Information and Communications Technology ,Corporate Services Directorate,0,Expenditure,31/12/2017,31/12/2022,,,No,,17177,17177,0,No,No,No,Budget Holder Approval,Goods/Service, Todd Research Ltd,No,,
6091,Visualfiles Annual Maintenance Agreement ,Departmental Management & Business Support,Christopher Marshall,Robert Fisher,General Counsel,Corporate Services Directorate,0,Expenditure,01/04/2017,01/04/2020,,,No,,44787,44787,0,No,No,No,Delegated Authority,Goods/Service, LexisNexis ,Yes,,
6087,Replacement Paging System,ICT Management,Julian Martin,Lesley Troke,Information and Communications Technology ,Corporate Services Directorate,0,Expenditure,13/10/2017,13/10/2020,,,No,,35000,98390,63390,Yes,No,No,Budget Holder Approval,Goods/Service, PageOne Communications Limited,Yes,,
6073,"Project Manager, Quantity Surveyor and Contract Administrator Duties on IELP Project",Estates & Major Works,Rupert Palmer,Michael McCarthy,Technical and Service Support,Corporate Services Directorate,0,Expenditure,03/10/2017,31/12/2019,,,No,,150000,136762,-13238,No,No,No,Committee Decision,Goods/Service, Burke Hunter Adams ,No,,
6072,"For the provision of water and seawage, automated reading across the LFb estate",FM Service Delivery Team,Grace Lukumoi,Robert Fisher,Technical and Service Support,Corporate Services Directorate,1,Expenditure,01/08/2018,01/08/2023,,,Yes,Water Lot1 Aggregation RM3790,250000,250000,0,No,No,No,Delegated Authority,Goods/Service, Anglian Water Business (National) Ltd trading as Wave,Yes,,
6070,Supply of Marine Fuel ,Fire Stations & Area Team Management,Andrew Roe,Robert Fisher,Fire Stations,Operations Directorate,0,Expenditure,01/10/2017,01/10/2019,,,Yes,National Fuels Framework,20000,20000,0,No,No,No,Delegated Authority,Goods/Service, Certas Energy UK Ltd,Yes,Fleet ,Fuel
6069,Supply of Diesel for Strategic Reserve Storage Tanks,Fire Stations & Area Team Management,Andrew Roe,Robert Fisher,Fire Stations,Operations Directorate,0,Expenditure,01/10/2017,30/09/2019,,,Yes,National Fuels Framework,1000000,1000000,0,No,No,No,Delegated Authority,Goods/Service, WFL (UK) Ltd t/a Hall Fuels,Yes,Fleet ,Fuel
6067,Netcall Upgrade (telephony),ICT Management,Julian Martin,Lesley Troke,Information and Communications Technology ,Corporate Services Directorate,0,Expenditure,25/07/2017,25/07/2020,,,No,,87000,87000,0,No,No,No,Budget Holder Approval,Goods/Service, Netcall Telecom Limited,Yes,,
6066,e-disclosure services,Corporate & Commercial,Thomas Davies,Robert Fisher,General Counsel,Corporate Services Directorate,0,Expenditure,11/09/2017,11/09/2019,,,Yes,RM3717,100000,100000,0,No,No,No,Delegated Authority,Goods/Service, PA Consulting Services Limited,No,,
6061,The supply and maintenance of digital production printers,Internal Communications and Events,Justina Leitao,Anouska Herman,Communications,Corporate Services Directorate,0,Expenditure,02/07/2018,02/07/2021,,,No,,140000,110000,-30000,No,No,No,Budget Holder Approval,Goods/Service, Konica Minolta,Yes,,
6059,Building Fabric ,TSS Management,Lloyd Bentley,Michael McCarthy,Technical and Service Support,Corporate Services Directorate,1,Expenditure,03/12/2018,02/12/2021,,,No,,3000000,5137092,2137092,Yes,No,No,Delegated Authority,Goods/Service, Close Brothers Rail Ltd ,Yes,Construction and FM,Building Operations
6058,"Mechanical, Electrical & Plumbing Services (MEP)",FM Service Delivery Team,Claire Page,Michael McCarthy,Technical and Service Support,Corporate Services Directorate,1,Expenditure,03/12/2018,03/12/2021,,,No,,3000000,19773933,16773933,Yes,No,No,Budget Holder Approval,Goods/Service," Kier Facilities Services Limited   , Servest Group Ltd   ",Yes,Construction and FM,Property Occupation
6057,Provision of Tax Advisory Services,Accountancy & Treasury,Annette Trigg,Robert Fisher,Finance,Corporate Services Directorate,0,Expenditure,01/10/2017,01/10/2020,,,Yes,ESPO Consultancy framework 664 ,32000,33545,1545,Yes,No,No,Budget Holder Approval,Goods/Service, PSTAX,No,Professional Services ,Consultancy
6055,Lift Maintenance,TSS Management,Lloyd Bentley,Michael McCarthy,Technical and Service Support,Corporate Services Directorate,1,Expenditure,08/04/2018,08/04/2021,,,No,,175000,533333,358333,Yes,No,No,Committee Decision,Goods/Service, Apex Lifts & Escalator Engineers Limited,Yes,,
6054,Pest Control Services,TSS Management,Lloyd Bentley,Michael McCarthy,Technical and Service Support,Corporate Services Directorate,1,Expenditure,06/03/2018,06/03/2021,,,No,,175000,340000,165000,Yes,No,No,Delegated Authority,Goods/Service, Servest Group Limited ,Yes,,
6050,Staff Health Check survey,Strategy Risk and Engagement,Regina Bonas,Anouska Herman,Strategy and Risk,Safety and Assurance Directorate,0,Expenditure,20/11/2017,20/11/2019,,,No,,40000,40000,0,No,No,No,Delegated Authority,Goods/Service,,No,,
6048,Vehicle Glass Replacement & Repair,Vehicle Administration,Floyd Phillip,Hitesh Mistry,Procurement,Corporate Services Directorate,0,Expenditure,01/06/2017,01/06/2019,,,No,,40000,40000,0,No,No,No,Budget Holder Approval,Goods/Service, Nationwide Windscreen Services,Yes,,
6047,Asbestos Management Services ,FM Service Delivery Team,Lloyd Bentley,Michael McCarthy,Technical and Service Support,Corporate Services Directorate,0,Expenditure,01/06/2017,01/04/2018,05/04/2018,04/03/2019,No,,117223,117223,0,Yes,Yes,Yes,Delegated Authority,Goods/Service, Gradient Consultancy Ltd,Yes,,
6044,Replacement of Extended Duration Breathing Apparatus (EDBA) Cylinders,Protective Equipment Group,Geoffrey Avis,Anouska Herman,Technical and Service Support,Corporate Services Directorate,1,Expenditure,12/07/2017,12/07/2022,,,Yes,Devon/Somerset Fire & Rescue Service Ref DS 072-11,400000,500000,100000,No,No,No,Budget Holder Approval,Goods/Service," Draeger Safety UK Ltd,              ",Yes,,
6040,The Provision and Supply of Smoke Alarms and Related Products,FSR Management Group,Victoria Lowry,Gillian Maxwell,Fire Safety (Regulatory and Community),Operations Directorate,0,Expenditure,01/11/2017,01/11/2021,,,No,,50000,50000,0,No,No,No,Delegated Authority,Goods/Service, Sprue,Yes,Operational Equipment,Emergency and Rescue Equipment and Supplies
6039,Lease Cars,Vehicle Administration,Floyd Phillip,Hitesh Mistry,Procurement,Corporate Services Directorate,1,Expenditure,01/10/2017,01/10/2020,,,Yes,Halton Housing Framework,4000000,4000000,0,No,No,No,Budget Holder Approval,Goods/Service," Days Fleet, Automotive Leasing, Daimler, Lex Autoleasing",Yes,,
6035,Electric Vehicle Chargepoints,Contracts Management Group,Sandra Headlam,Robert Fisher,Procurement,Corporate Services Directorate,1,Expenditure,01/04/2018,31/03/2022,,,Yes,ESPO - 636 - Vehicle Charging Infrastructure,387912,387912,0,Yes,No,No,Delegated Authority,Goods/Service, Chargemaster Plc  ,Yes,,
6031,Aztec - Support Contract,ICT Management,Phillip Freestone,Joseph Newton,Information and Communications Technology ,Corporate Services Directorate,0,Expenditure,01/04/2017,01/04/2020,,,No,,50000,50000,0,No,No,No,Delegated Authority,Goods/Service, Aztec,No,,
6029,Assessment Management Tool,Talent & Recruitment,Thomas Houghton,Robert Fisher,People Services,Corporate Services Directorate,0,Expenditure,26/02/2018,22/04/2020,,,Yes,G-cloud 9,35000,29680,-5320,No,No,No,Budget Holder Approval,Goods/Service, Skillset Ltd,Yes,Professional Services ,HR Services
6025,Supply of Electricity and Ancilliary Services,FM Service Delivery Team,Lloyd Bentley,Gillian Maxwell,Technical and Service Support,Corporate Services Directorate,1,Expenditure,01/04/2016,31/03/2020,,,Yes,CCS ,1000000,1000000,0,No,No,No,Delegated Authority,Goods/Service, EDF Energy,Yes,,
6017,LFB Training Centre - Communications Consultant,Property Supply Chain Management,Rupert Palmer,Michael McCarthy,Technical and Service Support,Corporate Services Directorate,0,Expenditure,08/06/2017,08/03/2020,,,No,,20000,39662,19662,No,No,No,Committee Decision,Goods/Service, SP Broadway Ltd  ,No,,
6010,Provision of Occupational Health Services,Wellbeing,David Amis,Gillian Maxwell,People Services,Corporate Services Directorate,1,Expenditure,05/03/2018,05/03/2021,,,No,,6000000,6000000,0,No,No,No,Committee Decision,Goods/Service, HML Ltd,Yes,Professional Services ,Staff Medical Care
6006,Esri Gazetteer Support,ICT Management,Phillip Freestone,Dean Kinsella,Information and Communications Technology ,Corporate Services Directorate,0,Expenditure,01/05/2017,01/05/2020,,,No,,65000,65000,0,No,No,No,Budget Holder Approval,Goods/Service, ESRI Ltd,Yes,,
6002,ICT Training Passport,ICT Management,Phillip Freestone,Robert Fisher,Information and Communications Technology ,Corporate Services Directorate,0,Expenditure,01/12/2017,30/11/2021,,,Yes,TfL 90805 Desktop and Specialist IT,25000,25000,0,No,No,No,Budget Holder Approval,Goods/Service, QA Ltd,No,ICT,Services
5999,SharePoint Platform Support,ICT Management,Phillip Freestone,Joseph Newton,Information and Communications Technology ,Corporate Services Directorate,0,Expenditure,20/11/2017,20/11/2019,,,Yes,Gcloud 9,60000,147876,87876,No,No,No,Budget Holder Approval,Goods/Service, Silversands Limited,Yes,,
5986,Moore Stephens Application Support,ICT Management,Phillip Freestone,Joseph Newton,Information and Communications Technology ,Corporate Services Directorate,0,Expenditure,01/04/2017,01/04/2020,,,No,,626806,626806,0,Yes,No,No,Budget Holder Approval,Goods/Service, Moore Stephens LLP,Yes,,
5984,Atkins Support and Development,ICT Management,Phillip Freestone,Joseph Newton,Information and Communications Technology ,Corporate Services Directorate,1,Expenditure,01/04/2017,01/04/2018,01/04/2018,31/03/2020,No,,2560000,385082,-2174918,Yes,Yes,No,Budget Holder Approval,Goods/Service," Atkins PLC, Atkins Global",Yes,,
5983,Microsoft EA Renewal(s),ICT Management,Phillip Freestone,Joseph Newton,Information and Communications Technology ,Corporate Services Directorate,1,Expenditure,11/12/2017,11/12/2020,,,No,,2000000,3308762,1308762,No,No,No,Budget Holder Approval,Goods/Service, Phoenix Software,Yes,,
5979,Citrix – License Increase for email,ICT Management,Christopher Yiangou,Lesley Troke,Information and Communications Technology ,Corporate Services Directorate,0,Expenditure,13/03/2017,01/02/2020,,,No,,43000,43000,0,No,No,No,Budget Holder Approval,Goods/Service, Insight Direct (UK) Limited,Yes,,
5978,Renewal of franking machine,Business Intelligence,David Morris,Dean Kinsella,Information and Communications Technology ,Corporate Services Directorate,0,Expenditure,23/03/2017,23/03/2022,,,No,,23000,23000,0,No,No,No,Head of Procurement approval for single tender action,Goods/Service, Pitney Bowes,Yes,,
5971,Cardinus Risk Management,ICT Management,Phillip Freestone,Lesley Troke,Information and Communications Technology ,Corporate Services Directorate,0,Expenditure,03/02/2017,03/02/2020,,,Yes,TP2,30000,30000,0,No,No,No,Budget Holder Approval,Goods/Service, Cardinus,Yes,,
5964,Multi-Disciplinary Professional Services Framework,Property Supply Chain Management,Rupert Palmer,Michael McCarthy,Technical and Service Support,Corporate Services Directorate,1,Expenditure,09/10/2017,09/10/2021,,,No,,3500000,3500000,0,No,No,No,Committee Decision,Goods/Service," The Fulker Consultancy Ltd, Currie & Brown UK Ltd , Frankham Consultancy Group Ltd ",Yes,,
5959,Citrix Renewal,ICT Management,Christopher Yiangou,Lesley Troke,Information and Communications Technology ,Corporate Services Directorate,0,Expenditure,01/02/2017,01/02/2020,,,Yes,Technology Products 2,150000,465000,315000,No,No,No,Delegated Authority,Goods/Service, Insight Direct,Yes,,
5956,"The Provision of Planned And Reactive Maintenance Work For Appliance Bay Doors, Gates, Barriers And Drill Tower Grills And Shutters ",TSS Management,Lloyd Bentley,Michael McCarthy,Technical and Service Support,Corporate Services Directorate,1,Expenditure,17/06/2017,16/06/2020,,,No,,1875000,1640000,-235000,Yes,No,No,Committee Decision,Goods/Service, Arkas Limited ,Yes,,
5953,Control Room Video Wallboard Display,Brigade Control Management Team,Scott Hayward,Anouska Herman,Information and Communications Technology ,Corporate Services Directorate,0,Expenditure,24/03/2018,24/03/2021,,,No,,84796,116000,31204,No,No,No,Budget Holder Approval,Goods/Service, Christie Digital ,Yes,ICT,Hardware
5950,E-Recruitment system,HR Services,Keeley Robinson,Dean Kinsella,People Services,Corporate Services Directorate,0,Expenditure,01/04/2017,01/04/2022,,,No,,80000,80000,0,No,No,No,Budget Holder Approval,Goods/Service, lumesse,Yes,ICT,Software
5943,Airwave,ICT Management,Phillip Freestone,Joseph Newton,Information and Communications Technology ,Corporate Services Directorate,1,Expenditure,01/04/2018,01/04/2021,,,Yes,Local Government Radio,1530000,1530000,0,No,No,No,Budget Holder Approval,Goods/Service,,Yes,,
5937,Mobile Telephony,ICT Management,Julian Martin,Joseph Newton,Information and Communications Technology ,Corporate Services Directorate,0,Expenditure,01/04/2018,31/03/2020,,,No,,100000,486816,386816,No,No,No,Budget Holder Approval,Goods/Service, vodafone,Yes,,
5935,Trend ScanMail for MS Exchange Suite Licence,ICT Management,Phillip Freestone,Joseph Newton,Information and Communications Technology ,Corporate Services Directorate,0,Expenditure,01/12/2016,01/12/2019,,,Yes,RM3733 Technology Products 2,13789,13789,0,No,No,No,Budget Holder Approval,Goods/Service, Phoenix,Yes,,
5930,SafeEnd security renewal,Security,Ashley Woodhams,Lesley Troke,Information and Communications Technology ,Corporate Services Directorate,0,Expenditure,31/12/2016,31/08/2019,,,No,,15000,11419,-3581,No,No,No,Budget Holder Approval,Goods/Service, Capita,Yes,,
5925,Multi Function Devices,ICT Management,Julian Martin,Hitesh Mistry,Information and Communications Technology ,Corporate Services Directorate,0,Expenditure,30/06/2017,30/06/2020,,,Yes,"Multifunctional Devices, Managed Print and Content Services and Records and Information Management",115000,115000,0,No,No,No,Budget Holder Approval,Goods/Service, Canon,Yes,,
5924,Replacement/Upgrade of network security products,Network,Thomas Mohan,Joseph Newton,Information and Communications Technology ,Corporate Services Directorate,0,Expenditure,01/02/2017,01/02/2020,,,No,,500000,508176,8176,No,No,No,Budget Holder Approval,Goods/Service, Bramble Hub Limited,No,,
5923,Trainee Firefighter Assessment and Selection (Initial Sift),Talent & Recruitment,Thomas Houghton,Robert Fisher,People Services,Corporate Services Directorate,0,Expenditure,15/12/2016,14/12/2019,,,No,,36000,36900,900,No,No,No,Budget Holder Approval,Goods/Service, Assessment and Development Consultants ,Yes,Professional Services ,Communication Services
5920,Replacement ICT Password Safe,Security,Ashley Woodhams,Lesley Troke,Information and Communications Technology ,Corporate Services Directorate,0,Expenditure,01/02/2017,01/02/2020,,,No,,80000,25000,-55000,No,No,No,Budget Holder Approval,Goods/Service, Thycotic,Yes,,
5906,audience response system,Redbridge (Team),Frazer Ferguson,Robert Fisher,Operational Policy,Safety and Assurance Directorate,0,Expenditure,01/11/2016,01/11/2019,,,No,,9750,9750,0,No,No,No,Budget Holder Approval,Goods/Service, Qwizdom UK Ltd,Yes,,
5905,Provision of Undress Uniform,Central Operations Team,Richard Field,Anouska Herman,Fire Stations,Operations Directorate,1,Expenditure,01/10/2016,01/10/2017,31/10/2018,30/10/2019,No,,275000,275000,0,Yes,Yes,No,Head of Procurement approval for single tender action,Goods/Service, Waterfront Ltd,Yes,Clothing and PPE,Clothing and Textiles
5902,Real Fire Training Venue Specialist,Estates & Major Works,Leah Armstrong,Michael McCarthy,Technical and Service Support,Corporate Services Directorate,1,Expenditure,01/08/2017,01/06/2018,01/06/2018,30/06/2019,No,,0,59905,59905,Yes,Yes,No,Committee Decision,Goods/Service, Haagen Rookgeneratoren B.V ,Yes,Construction and FM,Construction Service Providers
5894,Design Team Services - Third Training Centre,Property Supply Chain Management,Rupert Palmer,Michael McCarthy,Technical and Service Support,Corporate Services Directorate,0,Expenditure,06/01/2017,06/10/2020,,,Yes,HCA Multi-Disciplinary Panel,92000,170475,78475,No,No,No,Delegated Authority,Goods/Service, BDP,No,,
5893,Drugs and Alcohol screening,HR Advice & Employee Relations,Catherine Gibbs,Robert Fisher,People Services,Corporate Services Directorate,0,Expenditure,01/11/2016,31/10/2019,,,No,,10000,10000,0,Yes,No,No,Delegated Authority,Goods/Service, Alere Toxicology PLC,Yes,Professional Services ,Clinical and Medical Support Services
5892,NOGP - new website and online database,National Operational Guidance,Stephen Beakhust,Gillian Maxwell,Strategy and Risk,Safety and Assurance Directorate,0,Expenditure,01/12/2016,01/06/2018,20/04/2017,19/04/2020,No,,160000,160000,0,Yes,Yes,No,Budget Holder Approval,Goods/Service, Panlogic Ltd,No,,
5886,Provision of Insurance Broking Services,Accountancy & Treasury,Peter Risby,Robert Fisher,Finance,Corporate Services Directorate,0,Expenditure,01/07/2017,01/07/2020,,,No,,45000,26500,-18500,Yes,No,No,Delegated Authority,Goods/Service, Arthur J. Gallagher Insurance Brokers Limited,Yes,Professional Services ,Financial
5885,Provision of PPE,Central Operations Team,Richard Field,Anouska Herman,Fire Stations,Operations Directorate,1,Expenditure,15/10/2018,15/10/2026,,,Yes,Kent PPE Framework,80000000,80000000,0,No,No,No,Delegated Authority,Goods/Service, Bristol Uniforms,Yes,Clothing and PPE,Clothing and Textiles
5884,Provision of Property and Estates Management Services,Estates & Major Works,Paul Greenwood,Michael McCarthy,Technical and Service Support,Corporate Services Directorate,1,Expenditure,01/04/2017,01/10/2020,,,No,,3000000,3500000,500000,Yes,No,No,Committee Decision,Goods/Service, Dron & Wright,Yes,,
5873,Provision of Catering Services,Property Supply Chain Management,Paula Taylor,Gillian Maxwell,Technical and Service Support,Corporate Services Directorate,0,Expenditure,01/04/2017,01/04/2020,,,Yes,RM1056,200000,200000,0,Yes,No,No,Budget Holder Approval,Goods/Service, ESS Government Services,Yes,,
5872,The Supply of Waste Management,FM Service Delivery Team,Claire Page,Michael McCarthy,Technical and Service Support,Corporate Services Directorate,1,Expenditure,01/10/2017,01/10/2020,,,No,,765000,1686000,921000,Yes,No,No,Delegated Authority,Goods/Service, Bywaters (Leyton) Ltd  ,Yes,,
5870,Transcription Services,Sustainable Development,Nicole Fletcher,Gillian Maxwell,Procurement,Corporate Services Directorate,0,Expenditure,01/07/2016,30/06/2019,,,Yes,TfL/91768 - Pan GLA Transcription and General Note Taking Services,6000,6000,0,Yes,No,No,Delegated Authority,Goods/Service, WordWave International Ltd (T/A DTI),Yes,Professional Services ,Business and Commercial Services
5868,Non Emergency Telephony System,ICT Management,Julian Martin,Lesley Troke,Information and Communications Technology ,Corporate Services Directorate,0,Expenditure,08/07/2016,31/07/2019,,,Yes,RM1045 Network Services,276454,276454,0,No,No,No,Delegated Authority,Goods/Service, Unify Enterprise Communications Ltd,Yes,,
5860,Provision of aerial photography for use in brigade mapping applications,System Support & Improvement,Ramon Hooper,Lesley Troke,Information and Communications Technology ,Corporate Services Directorate,0,Expenditure,01/09/2016,01/09/2019,,,No,,30000,23850,-6150,No,No,No,Budget Holder Approval,Goods/Service, Getmapping plc,Yes,,
5854,Supply Of Cleaning Services,FM Service Delivery Team,Claire Page,Michael McCarthy,Technical and Service Support,Corporate Services Directorate,1,Expenditure,08/10/2016,09/10/2019,,,Yes,MOPAC- Building and Facilities Management Lot 1 ,5700000,6578895,878895,Yes,No,No,Committee Decision,Goods/Service, Interserve (Facilities Management) Ltd,Yes,,
5851,Provision Of Inspection And Maintenance And Occasional Supply Of Gym Equipment,FM Service Delivery Team,Claire Page,Michael McCarthy,Technical and Service Support,Corporate Services Directorate,1,Expenditure,01/08/2016,01/08/2019,,,Yes,MOPAC Miscellaneous repair and maintenance services,450000,352686,-97314,Yes,No,No,Committee Decision,Goods/Service, Sportsafe U.K Ltd,Yes,,
5850,Supply Of Planned And Reactive Grounds Maintenance Services,FM Service Delivery Team,Claire Page,Robert Fisher,Technical and Service Support,Corporate Services Directorate,1,Expenditure,01/08/2016,31/07/2019,,,Yes,MOPAC- Building and Facilities Management Services ,480000,586660,106660,Yes,No,No,Committee Decision,Goods/Service, G. Burley & Sons Limited.,Yes,,
5844,Sum Total Cyborg,ICT Management,Phillip Freestone,Lesley Troke,Information and Communications Technology ,Corporate Services Directorate,1,Expenditure,01/03/2016,01/03/2021,,,No,,500000,509539,9539,No,No,No,Head of Procurement approval for single tender action,Goods/Service, SumTotal Systems UK Limited,Yes,ICT,Software
5840,Accident Reporting and Recording Software Replacment Provision  ,Health & Safety,Adrian Bevan,Robert Fisher,Health and Safety,Safety and Assurance Directorate,0,Expenditure,05/06/2017,05/06/2019,,,Yes,G Cloud 8 ,30000,114210,84210,No,No,No,Delegated Authority,Goods/Service, Rivo Software Limited ,Yes,,
5839,Supply of Stationery,Procurement Business Systems & Analytics,Asad khan,Robert Fisher,Procurement,Corporate Services Directorate,0,Expenditure,17/04/2017,17/04/2020,,,Yes,CCS RM3703,100000,100000,0,Yes,No,No,Delegated Authority,Goods/Service, Banner Group,Yes,Office Solutions,Office Supplies
5835,Hyperconverged Infrastructure,ICT Management,Christopher Yiangou,Gillian Maxwell,Information and Communications Technology ,Corporate Services Directorate,1,Expenditure,14/11/2016,14/11/2019,,,No,,300000,377185,77185,No,No,No,Budget Holder Approval,Goods/Service, XMA Limited,No,,
5821,Audio / Visual Equipment Refresh - Union Street,ICT Management,Julian Martin,Hitesh Mistry,Information and Communications Technology ,Corporate Services Directorate,0,Expenditure,06/02/2017,05/02/2020,,,Yes,Technology Products 2 RM3733,130000,107444,-22556,No,No,No,Delegated Authority,Goods/Service, Softcat,No,ICT,Hardware
5817,Temporary Labour,HR Advice & Employee Relations,Simon Bampfylde,Robert Fisher,People Services,Corporate Services Directorate,1,Expenditure,01/02/2016,16/06/2018,16/06/2018,16/06/2019,Yes,TfL/90747 Master Vendor for Supply of Temporary and Permanent Workers,4000000,4000000,0,Yes,Yes,Yes,Delegated Authority,Goods/Service, Hays Specialist Recruitment Ltd,Yes,,
5810,"Direct Access Appliance Hardware, Configuration & Support",Technical Projects,Jeremy Sanders-Smith,Lesley Troke,Information and Communications Technology ,Corporate Services Directorate,0,Expenditure,08/02/2016,07/02/2019,08/02/2019,07/02/2020,No,,32000,29630,-2370,Yes,Yes,No,Delegated Authority,Goods/Service, Risual Limited,No,ICT,Services
5804,Chemical Protection Suits,Hazmat & Incident Comms Policy,Anthony Farrant,Gillian Maxwell,Operational Policy,Safety and Assurance Directorate,1,Expenditure,06/06/2016,06/06/2020,,,Yes,CFR1008/CPC ,1000000,1000000,0,No,No,No,Budget Holder Approval,Goods/Service, Respirex International Ltd,Yes,,
5802,Cycle to Work Scheme,HR Advice & Employee Relations,Colman Donnelly,Michael McCarthy,People Services,Corporate Services Directorate,1,Income,18/04/2017,18/04/2021,,,No,,1000000,3000000,2000000,No,No,No,Delegated Authority,Goods/Service, F.W. Evans Ltd ,Yes,,
5797,Replacement Ff Torches,Leavers,Darren Levett,Anouska Herman,Fire Stations,Operations Directorate,0,Expenditure,22/07/2016,22/07/2021,,,No,,45000,45000,0,No,No,No,Delegated Authority,Goods/Service, Wolf Safety Lamp Company Ltd,Yes,Operational Equipment,Emergency and Rescue Equipment and Supplies
5796,FIRE Bag,Fire Rescue Policy,Thomas Goodall,Hitesh Mistry,Operational Policy,Safety and Assurance Directorate,0,Expenditure,29/06/2016,29/06/2021,,,No,,45000,32976,-12024,No,No,No,Delegated Authority,Works, First Products (Sussex) Limited,Yes,,
5785,Provision of Medical Consumables,Commissioner & Directors,Richard Mills,Robert Fisher,Operational Policy,Safety and Assurance Directorate,1,Expenditure,11/04/2016,10/04/2020,,,Yes,"NATIONAL SUPPLY & DELIVERY OF FIRST AID & PHARMACEUTICALS, EMERGENCY LIFE SUPPORT & TRAINING EQUIPMENT AND ASSOCIATED PRODUCTS",200000,200000,0,No,No,No,Delegated Authority,Goods/Service, Aero Healthcare Limited ,Yes,Operational Equipment,Medical and Surgical Consumables
5781,"Maintenance of high pressure breathable oxygen and air compressors, high pressure pipework and associated distribution systems ",Protective Equipment Group,Geoffrey Avis,Gillian Maxwell,Technical and Service Support,Corporate Services Directorate,1,Expenditure,16/09/2016,16/09/2021,,,No,,300000,175000,-125000,No,No,No,Budget Holder Approval,Goods/Service, Gas & Air Services (UK) Limited,Yes,,
5774,Audio and visual technical provision,Ex temps (SPL ADMIN ONLY),Liz O'Hare,Robert Fisher,Communications,Corporate Services Directorate,0,Expenditure,01/03/2016,01/03/2019,01/03/2019,30/04/2019,No,,50000,55063,5063,Yes,Yes,Yes,Delegated Authority,Goods/Service, CVS International ,Yes,,
5760,Library Management System,Business Intelligence,Andrew Mobbs,Lesley Troke,Information and Communications Technology ,Corporate Services Directorate,0,Expenditure,01/02/2016,31/01/2021,,,No,,20000,35550,15550,No,No,No,Delegated Authority,Goods/Service, PTFS Europe Ltd,Yes,,
5757,Heavy Duty Lockers,TSS Management,Lloyd Bentley,Lesley Troke,Technical and Service Support,Corporate Services Directorate,0,Expenditure,01/03/2016,01/03/2021,,,No,,95000,95000,0,No,No,No,Delegated Authority,Goods/Service, Garran Lockers Limited,Yes,Construction and FM,Furniture
5755,Catering Consumables,Fire Stations & Area Team Management,Andrew Roe,Anouska Herman,Fire Stations,Operations Directorate,0,Expenditure,25/07/2016,24/07/2018,25/07/2018,24/07/2020,Yes,ESPO Light Catering Framework 97,190000,76000,-114000,Yes,Yes,No,Delegated Authority,Goods/Service, NISBETS PLC,Yes,Construction and FM,Catering
5754,Cleaning Consumables,Fire Stations & Area Team Management,Andrew Roe,Robert Fisher,Fire Stations,Operations Directorate,0,Expenditure,14/11/2016,31/08/2019,,,Yes,LCSG Framework Agreement for the Porvision of Cleaning Materials and Janitorial Products ,610000,610000,0,No,No,No,Delegated Authority,Goods/Service, Greenham ,Yes,Construction and FM,Domestic Goods
5752,Respiratory Protective Equipment (RPE) Replacement Components,Protective Equipment Group,Geoffrey Avis,Lesley Troke,Technical and Service Support,Corporate Services Directorate,1,Expenditure,01/07/2016,01/07/2021,,,No,,2100000,2000000,-100000,No,No,No,Budget Holder Approval,Goods/Service, Draeger Limited,Yes,Operational Equipment,Emergency and Rescue Equipment and Supplies
5750,Provision of Gas Automated Meter Reading (AMR) Services,FM Service Delivery Team,Lloyd Bentley,Gillian Maxwell,Technical and Service Support,Corporate Services Directorate,0,Expenditure,01/04/2016,01/04/2021,,,Yes,CCS Framework RM 896,50000,50000,0,No,No,No,Delegated Authority,Goods/Service, Corona Energy,Yes,,
5749,Inspection of Fleet Vehicles,FLEET,Trevor Neal,Gillian Maxwell,Technical and Service Support,Corporate Services Directorate,0,Expenditure,01/04/2016,01/04/2019,,,No,,140000,140000,0,No,No,No,Delegated Authority,Goods/Service, Applus Car Testing Service Ltd,Yes,Fleet ,Fleet Management
5748,Property Integrator,TSS Management,Lloyd Bentley,Michael McCarthy,Technical and Service Support,Corporate Services Directorate,1,Expenditure,01/05/2016,30/04/2024,,,Yes,MOPAC Integrator,13000000,13000000,0,Yes,No,No,Delegated Authority,Goods/Service, KBR Ltd,Yes,,
5739,Lone Worker Protection Services,FSR Policy Team,Philip Skelton,Robert Fisher,Fire Safety (Regulatory and Community),Operations Directorate,0,Expenditure,04/01/2016,04/01/2019,04/01/2019,02/01/2020,No,,80000,50000,-30000,Yes,Yes,No,Budget Holder Approval,Goods/Service, Skyguard Limited,Yes,,
5736,Relocation of LFB Museum,Estates & Major Works,John Grey,Michael McCarthy,Technical and Service Support,Corporate Services Directorate,1,Expenditure,01/06/2016,01/06/2021,,,No,,250000,250000,0,No,No,No,Committee Decision,Goods/Service," Premier Moves Ltd, Bishop's Move Ltd",No,,
5732,Provision of Security Services,FM Service Delivery Team,Timothy Crocker,John O'Dor,Technical and Service Support,Corporate Services Directorate,0,Expenditure,01/01/2016,31/12/2018,01/01/2019,31/01/2020,Yes,CCS Framework 1056,640000,640000,0,Yes,Yes,Yes,Delegated Authority,Goods/Service, Mitie Security Limited ,Yes,Construction and FM,Building Operations
5723,Agreement for the Supply of Electronic Office Supplies ,Procurement Business Systems & Analytics,Asad khan,Robert Fisher,Procurement,Corporate Services Directorate,0,Expenditure,31/05/2016,31/05/2020,,,Yes,LCSG,344000,228000,-116000,No,No,No,Budget Holder Approval,Goods/Service, Supplies Team T/A Banner,Yes,Office Solutions,Printing Machinery and Equipment
5719,Re-development of 8 Albert Embankment,Estates & Major Works,Rupert Palmer,Michael McCarthy,Technical and Service Support,Corporate Services Directorate,1,Income,24/08/2016,24/05/2020,,,No,,50000000,67000000,17000000,No,No,No,Committee Decision,Works, U and I Group PLC ,No,,
5707,Lay flat hose,Protective Equipment Group,Geoffrey Avis,Gillian Maxwell,Technical and Service Support,Corporate Services Directorate,0,Expenditure,01/11/2015,31/10/2018,01/11/2018,31/10/2019,Yes,YPO Framework ,300000,300000,0,Yes,Yes,No,Budget Holder Approval,Goods/Service, Angus Fire,Yes,,
5706,"Operational research, including modelling, services ",ICT Management,David Wyatt,Gillian Maxwell,Information and Communications Technology ,Corporate Services Directorate,1,Expenditure,05/11/2015,05/11/2020,,,No,,0,0,0,Yes,No,No,Budget Holder Approval,Goods/Service, Operational Research in Health Ltd (ORH),Yes,Professional Services ,Operational Services
5699,Provision of Internet Services,ICT Management,Julian Martin,Lesley Troke,Information and Communications Technology ,Corporate Services Directorate,0,Expenditure,13/07/2015,12/07/2018,13/07/2018,12/07/2019,Yes,CCS - PSN Services RM1498 Lot 1,1800000,0,-1800000,Yes,Yes,No,Committee Decision,Goods/Service, British Telecommunications plc,Yes,,
5685,Provision of Journals,Business Intelligence,Andrew Mobbs,Dean Kinsella,Information and Communications Technology ,Corporate Services Directorate,0,Expenditure,19/01/2015,18/01/2018,19/01/2018,18/01/2019,No,,21000,0,-21000,Yes,Yes,No,Budget Holder Approval,Goods/Service, Prenax Ltd,No,,
5672,Mobile Data Terminals and Other Devices for Vehicles and Fire Appliances,ICT Management,Julian Martin,Lesley Troke,Information and Communications Technology ,Corporate Services Directorate,0,Expenditure,01/05/2015,30/04/2019,,,Yes,CCS Framework   RM1054 Technology Products (Lot 1: Technology Hardware),2540000,0,-2540000,No,No,No,Committee Decision,Goods/Service," Specialist Computer Centres Plc, Insight Direct (UK) Ltd, ERGO Computing UK Ltd ",Yes,,
5668,Fuel Cards and Associated Services Framework Agreement RM1027,Contracts Management Group,David Catchpole,Robert Fisher,Procurement,Corporate Services Directorate,0,Expenditure,17/01/2015,16/01/2019,16/05/2019,30/06/2019,Yes,CCS Framework (CCS ran call off competition),4000000,4000000,0,Yes,Yes,Yes,Committee Decision,Goods/Service, ALLSTAR BUSINESS SOLUTIONS Ltd,Yes,Fleet ,Fuel
5660,Undress Uniform: Blue Shirts,Central Operations Team,Richard Field,Anouska Herman,Fire Stations,Operations Directorate,0,Expenditure,01/12/2014,30/11/2019,,,No,,35000,35000,0,Yes,No,No,Head of Procurement approval for single tender action,Goods/Service, Burlington Uniforms Ltd,Yes,Clothing and PPE,Clothing and Textiles
5656,Provision of a Wide Area Network,ICT Management,Julian Martin,Gillian Maxwell,Information and Communications Technology ,Corporate Services Directorate,0,Expenditure,01/07/2015,30/06/2018,01/07/2018,30/06/2020,Yes,CCS RM860,2500000,2699077,199077,Yes,Yes,No,Committee Decision,Goods/Service, BT PLC,Yes,,
5648,Childcare Vouchers,HR Advice & Employee Relations,Colman Donnelly,Dean Kinsella,People Services,Corporate Services Directorate,0,Expenditure,08/11/2014,07/11/2018,,,Yes,HTE Europe ,0,0,0,No,No,No,Committee Decision,Goods/Service, EdenRed UK Group,Yes,,
5631,De-polluted cars,Central Operations Team,Keith Cunnew,Robert Fisher,Fire Stations,Operations Directorate,0,Expenditure,01/02/2015,30/04/2019,01/05/2019,30/07/2019,No,,0,0,0,Yes,Yes,Yes,Budget Holder Approval,Goods/Service, E&SB Davis,Yes,Operational Equipment,Emergency and Rescue Equipment and Supplies
5624,"Supply, Delivery, Collection and Disposal of Firefighting Foam and Containers",Fire Rescue Policy,Daniel Kipling,Anouska Herman,Operational Policy,Safety and Assurance Directorate,0,Expenditure,17/04/2015,16/04/2018,17/04/2019,16/04/2020,No,,0,0,0,Yes,Yes,No,Head of Procurement approval for single tender action,Goods/Service, Auxquimia S.A,Yes,Operational Equipment,Emergency and Rescue Equipment and Supplies
5621,Provision of merchandising and promotional items,Leavers,Emma Francis,Anouska Herman,Communications,Corporate Services Directorate,0,Expenditure,15/12/2014,14/12/2018,,,No,,120000,120000,0,No,No,No,Committee Decision,Goods/Service, Supplies Team,Yes,,
5620,Supply of high visibility surcoats and role badge inserts,FLEET,Gary Hopkins,Gillian Maxwell,Operational Policy,Safety and Assurance Directorate,0,Expenditure,10/09/2015,09/09/2020,,,No,,0,0,0,No,No,No,Budget Holder Approval,Goods/Service, B & A Textiles Ltd,Yes,,
5581,Provision of anti-entanglement Breathing Apparatus cylinder covers,Protective Equipment Group,Geoffrey Avis,Samantha Groves,Technical and Service Support,Corporate Services Directorate,0,Expenditure,01/05/2014,30/04/2019,30/04/2017,30/04/2019,No,,49000,41090,-7910,Yes,Yes,No,Budget Holder Approval,Goods/Service, Ulster Supported Employment Ltd,No,,
5571,Supply of ICT Hardware Support and Maintenance Services,ICT Management,Julian Martin,Lesley Troke,Information and Communications Technology ,Corporate Services Directorate,0,Expenditure,28/02/2014,31/03/2019,01/04/2019,31/07/2019,Yes,GPS,1500000,1737870,237870,Yes,Yes,Yes,Committee Decision,Goods/Service, Computacenter (UK) Ltd,Yes,ICT,Services
5558,Scientific Services,Contracts Management Group,Justin Ali,Gillian Maxwell,Procurement,Corporate Services Directorate,1,Expenditure,01/03/2014,28/02/2017,01/03/2018,31/08/2019,No,,3530829,3526200,-4629,Yes,Yes,No,Committee Decision,Goods/Service, Bureau Veritas UK Ltd,Yes,,
5554,Rank and Role Markings,Corporate Procurement Services,Gillian Maxwell,Anouska Herman,Fire Stations,Operations Directorate,0,Expenditure,01/03/2014,28/02/2017,28/02/2017,28/02/2019,No,,0,0,0,Yes,Yes,No,Committee Decision,Goods/Service, Wyedean Weaving Co Ltd,Yes,Clothing and PPE,Clothing and Textiles
5553,Workwear: Jackets,Central Operations Team,Richard Field,Anouska Herman,Fire Stations,Operations Directorate,0,Expenditure,10/10/2013,09/10/2017,10/10/2017,30/06/2019,Yes,ESPO 144,0,0,0,Yes,Yes,Yes,Committee Decision,Goods/Service, Burlington Uniforms (agent for FCC Ltd),Yes,Clothing and PPE,Clothing and Textiles
5550,Property PFI Project,FM Service Delivery Team,Claire Page,Michael McCarthy,Technical and Service Support,Corporate Services Directorate,0,Expenditure,01/08/2013,04/02/2041,,,No,,0,0,0,No,No,No,Committee Decision,Goods/Service, Blue3 (London) Ltd,Yes,,
5522,Fleet and Operational Equipment Items Management and Maintenance Contract,TSS Management,Rhys Powell,Gillian Maxwell,Procurement,Corporate Services Directorate,1,Expenditure,13/11/2014,12/11/2035,,,No,,169000000,162273000,-6727000,Yes,No,No,Committee Decision,Goods/Service, Babcock Critical Services Ltd,Yes,Fleet ,Purchase
5505,Emergency Fire Crew Capability Services,Special Operations Group,Matthew Herrington,Gillian Maxwell,Operational Resilience and Special Operations,Safety and Assurance Directorate,1,Expenditure,13/11/2014,12/11/2020,,,No,,20000000,0,-20000000,Yes,No,No,Committee Decision,Goods/Service, Securitas Security Services (UK) Ltd,Yes,Operational Equipment,Emergency and Rescue Services
5501,Provision of Guardian Services at Authority Premises,FM Service Delivery Team,Claire Page,Michael McCarthy,Technical and Service Support,Corporate Services Directorate,1,Expenditure,01/10/2013,30/09/2016,01/10/2017,31/03/2019,No,,0,190000,190000,Yes,Yes,No,Committee Decision,Goods/Service, Vigilance Properties Ltd,Yes,Construction and FM,Security
5479,White Shirts and T Shirts,Central Operations Team,Richard Field,Anouska Herman,Fire Stations,Operations Directorate,1,Expenditure,01/08/2013,31/07/2016,31/07/2018,30/06/2019,No,,122000,0,-122000,Yes,Yes,Yes,Committee Decision,Goods/Service, Hunter Apparel&#x0D; Burlington Uniforms ,Yes,Clothing and PPE,Clothing and Textiles
5414,Station Based Workwear,Central Operations Team,Richard Field,Anouska Herman,Fire Stations,Operations Directorate,1,Expenditure,01/07/2013,30/06/2016,31/07/2018,30/06/2019,No,,0,0,0,Yes,Yes,Yes,Committee Decision,Goods/Service, Hunter ApparelBurlington Uniforms ,Yes,Clothing and PPE,Clothing and Textiles
5350,Control and Mobilising Services,ICT Management,Julian Martin,Gillian Maxwell,Information and Communications Technology ,Corporate Services Directorate,1,Expenditure,01/08/2012,01/08/2022,,,No,,17500000,19601893,2101893,Yes,No,No,Committee Decision,Goods/Service, Capita Secure Information Solutions Ltd,Yes,ICT,Services
5290,FOfT - Future Options for Training,Training Delivery,Peter Groves,Gillian Maxwell,Training and Professional Development,Safety and Assurance Directorate,1,Expenditure,01/04/2012,31/03/2022,,,No,,366705402,366705402,0,No,No,No,Committee Decision,Goods/Service, Babcock Training Ltd,Yes,Professional Services ,Development and Training
5278,"Provision of the Preservation, Digitisation and Marketing of LFB's Photographic Archive",Enterprise Application Delivery,Robert Stansbie,Hitesh Mistry,Information and Communications Technology ,Corporate Services Directorate,0,Income,25/07/2011,24/07/2016,24/07/2018,23/07/2019,No,,70000,10000,-60000,Yes,Yes,Yes,Budget Holder Approval,Goods/Service, Mary Evans Picture Library,Yes,,
5059,Waste collection service for discarded hosing materials,Sustainable Development,Nicole Fletcher,Robert Fisher,Procurement,Corporate Services Directorate,0,Expenditure,01/04/2009,01/04/2014,,01/04/2019,No,,0,0,0,Yes,Yes,No,Committee Decision,Goods/Service, Eako Limited,Yes,,
4907,Provision of Banking Services,Budget,Rory Murphy,Anouska Herman,Finance,Corporate Services Directorate,0,Expenditure,01/07/2008,30/06/2016,30/06/2016,30/06/2018,No,,33000,27693,-5307,Yes,Yes,No,Standing Order,Goods/Service, The Royal Bank of Scotland plc,Yes,,
4762,Hire of trucks for BDC,Corporate Procurement Services,Brendan O'Sullivan,Robert Fisher,Procurement,Corporate Services Directorate,0,Expenditure,12/12/2007,11/12/2014,30/03/2019,29/03/2020,No,,38000,27000,-11000,Yes,Yes,No,Delegated Authority,Goods/Service, Toyota Material Handling UK Rental Ltd,Yes,Fleet ,Vehicle Hire and Lease
