Senior Office Title,Value,Claim Date,Expenses Category,Details of Claim
Head of Operational Policy,3.85,01-Apr-2015,Travel,St/by base - Office - Alperton (for bodywork repair)
Director of Operations,2.86,01-Apr-2015,Travel,BASE - BHQ - CITY HALL - BHQ - STRATFORD FS - BASE (LAUNCH OF GLA COLLABORATIVE PROCUREMENT TEAM AND GM's MEETING)
Head of Operational Assurance,1.32,02-Apr-2015,Travel,HQ - GT - HQ (repeated journey (x3) to give updates on flooding incident)
Head of Operational Assurance,7.48,02-Apr-2015,Travel,Home to office - April 2015
Head of Operational Policy,3.85,03-Apr-2015,Travel,Alperton - Office - St/by Base
Director of Operations,2.86,08-Apr-2015,Travel,BASE - BHQ - LEWISHAM FS - BASE (STATION VISIT)
Head of Operational Resilience,4.84,09-Apr-2015,Travel,BASE - BELGRAVIA POLICE MEETING - HQ -IFORD FIRE STATION - BASE
Head of Operational Policy,5.06,15-Apr-2015,Travel,St/by base - Office - Newport St Garage - Office - St/by base
Director of Operations,4.62,15-Apr-2015,Travel,BASE - LOC MERTON - BHQ - STRATFORD FS - BASE (MOPAC VISIT AND GM's MEETING)
Head of Operational Policy,2.53,16-Apr-2015,Travel,St/by base - Office - Newport St Garage
Head of Technical and Service Support,4.62,16-Apr-2015,Travel,Standby Base-Babcock Park Royal TC-Standby Base
Head of Operational Policy,2.53,17-Apr-2015,Travel,Newport St Garage - Office - Stand-by base (New car collection)
Director of Operations,2.31,19-Apr-2015,Travel,BASE - ST PAULS CATHEDRAL - BASE (INVITATION TO ATTEND SERVICE BY BRIGADE CHAPLAIN)
Head of Strategy and Inclusion,37.00,21-Apr-2015,Travel Expense,Attendance at CFOA Protective Security Steering Group meeting 
Head of Strategy and Inclusion,7.20,21-Apr-2015,Travel Expense,Attendance at CFOA Protective Security Steering Group meeting
Head of Strategy and Inclusion,7.40,21-Apr-2015,Travel Expense,Attendance at CFOA Protective Security Steering Group meeting
Head of Operational Policy,7.59,21-Apr-2015,Travel,St/by base - Office - Littlebrook Power Stn - St/by base
Head of Operational Resilience,12.43,21-Apr-2015,Travel,BASE - FSC CONFERENCE 
Head of Operational Resilience,12.43,22-Apr-2015,Travel,RETURN FROM FSC - BASE 
Director of Operations,2.64,22-Apr-2015,Travel,BASE - BHQ - ST JAMES' COURT - BASE (JOINT SECRETARIES CONCILLIATION)
Head of Operational Resilience,4.18,23-Apr-2015,Travel,BASE - SW1- CONFERENCE - BASE 
Head of Technical and Service Support,9.60,23-Apr-2015,Travel Expense,Travel to Met Police/Fire Brigade tabletop exercise
Head of Operational Policy,6.16,24-Apr-2015,Travel,St/by base - Office - Poplar High St - Office - St/by base(Marathon site meeting)
Director of Operations,2.86,24-Apr-2015,Travel,BASE - BHQ - LEYTON FS - BASE (STATION VISIT)
Head of Operational Policy,4.40,25-Apr-2015,Travel,St/by base - Poplar High Street (return - to set up LFB water station for Marathon
Head of Operational Policy,8.80,25-Apr-2015,Subsistence,Lunch - LFB water station site preparation for Virgin London Marathon
Head of Operational Policy,4.40,26-Apr-2015,Travel,St/by base - Poplar High Street (return - to manage LFB water station for Marathon
Commissioner,239.38,30-Apr-2015,Travel,This special allowance is in recognition of the on-call requirements placed upon the Commissioner and is in place of monthly mileage claims.
Head of Operational Policy,36.96,30-Apr-2015,Travel,Home to office - April 2015
Head of Operational Resilience,66.99,30-Apr-2015,Travel,Home to office - April 2015
Director of Operations,36.52,30-Apr-2015,Travel,Home to office - April 2015
Head of Technical and Service Support,57.96,30-Apr-2015,Travel,Home to office - April 2015
Head of Fire Safety,108.35,30-Apr-2015,Travel,Home to office - April 2015
Head of Operational Policy,24.86,01-May-2015,Travel,St/by base - FSC (return - for Geohazards working group meeting on behalf of USAR NWG)
Head of Operational Policy,6.60,01-May-2015,Subsistence,Meeting of geohazard (USAR) working group at the FSC
Head of Operational Policy,6.60,05-May-2015,Subsistence,Attending USAR national working group meeting at Merseyside FRS training academy
Head of Operational Policy,5.95,05-May-2015,Subsistence,Attending USAR national working group meeting at Merseyside FRS training academy
Head of Operational Policy,11.00,05-May-2015,Travel Expense,Attending USAR national working group meeting at Merseyside FRS training academy - heavy congestion on M6 main carriageway
Head of Operational Policy,48.51,05-May-2015,Travel,St/by base - Merseyside FRS Training Acadmey (return - to attend USAR NWG)
Commissioner,1885.35,05-May-2015,Other Expenses,"Reimbursement to IFCEM for a return flight (London Heathrow to Kuala Lumpur) 5th -8th May 2015 to attend the IFCEM 2015 Conference and Exhibition as a guest speaker, however this flight was no longer required as the Commissioner was required to be in London for that time period due to Authority instructions. "
Head of Strategy and Inclusion,37.00,06-May-2015,Travel Expense,Attendance at CFOA National Operations Committee for National Operational Guidance
Head of Operational Policy,13.42,06-May-2015,Travel,St/by base - Heathrow - Woodford fire station - Romford - St/by base via M25 (to meet members of LFB ISAR team and return to their homes)
Head of Operational Policy,3.36,06-May-2015,Subsistence,Attend Heathrow to welcome back LFB ISAR team from Nepal deployment
Head of Operational Policy,13.00,06-May-2015,Car Park,Attend Heathrow to welcome back LFB ISAR team from Nepal deployment
Head of Fire Safety,6.71,07-May-2015,Travel,Base-HQ-Paddington-Base
Head of Operational Assurance,1.98,08-May-2015,Travel,Base - Lee Green FS (Funeral Planning) - Base
Director of Finance and Contractual Services,47.26,08-May-2015,Travel,Travel from London Paddington to Mortimer (return) via Reading  to attend the LFB Babcock ELP Leadership Programme
Head of Fire Safety,6.60,09-May-2015,Travel,Base - HMS President - Base
Head of Operational Resilience,1.10,09-May-2015,Travel,CFOA HQ TAMWORTH - NAT MEMORIAL STAFFS
Head of Operational Resilience,15.51,10-May-2015,Travel,TRAVEL BACK TAMWORTH - BASE
Head of Operational Resilience,24.64,11-May-2015,Travel,BASE - FSC MEETING - BASE
Director of Operations,2.31,11-May-2015,Travel,BASE - BHQ - MILLWALL FS - BASE (FIRE SAFETY VISIT IN THE NE)
Head of Operational Resilience,15.84,12-May-2015,Travel,BASE - GOLD SUMMITT TWICKENHAM - BASE
Head of Fire Safety,6.82,12-May-2015,Travel,Base-W2 7BA-Base
Director of Operations,2.64,13-May-2015,Travel,BASE - BHQ - STRATFORD FS - BASE (REGULAR GM'S MEETING)
Head of Operational Assurance,0.66,14-May-2015,Travel,Base - Kemnal Cemetary (Funeral)
Director of Operations,2.53,19-May-2015,Travel,BASE - BHQ - GREAT PETER STREET - CITY HALL - BASE (MEDICAL RESPONSE AND CCG MEETING)
Head of Operational Policy,46.20,20-May-2015,Travel,Home to office - May 2015
Director of Operations,22.33,21-May-2015,Travel,Home to office - May 2015
Head of Fire Safety,10.34,21-May-2015,Travel,Base-E6 3RS-Base
Commissioner,130.00,21-May-2015,Travel,Two single return tickets from London Euston to Liverpool Lime Street train station to attend the National Resilience Board meeting on 21 May 2015. The Commissioner did not use these tickets as he was required to be in London following Authority purposes. 
Head of Operational Policy,5.06,21-May-2015,Travel,St/by base - Office - Ryl College of Surgeons - Office - St/by base (Chair &amp; present to Flood conference)
Head of Operational Policy,5.17,22-May-2015,Travel,St/by base - Office - Tower 42 - Office - St/by base (meeting with Tall Building Safety Group)
Head of Technical and Service Support,56.00,22-May-2015,Travel,Home to office - May 2015
Head of Fire Safety,92.40,28-May-2015,Travel,Home to office - May 2015
Head of Operational Assurance,11.22,29-May-2015,Travel,Home to office - May 2015
Head of Operational Resilience,67.43,29-May-2015,Travel,Home to office - May 2015
Head of Fire Safety,4.40,29-May-2015,Travel,Base-TW14 0LH-Base
Commissioner,239.38,29-May-2015,Travel,This special allowance is in recognition of the on-call requirements placed upon the Commissioner and is in place of monthly mileage claims.
Head of Operational Resilience,34.11,01-Jun-2015,Car Park,Car parking at Heathrow airport travelling to Denmark for Conference. 
Head of Operational Policy,5.52,02-Jun-2015,Travel,St/by base - Office - Guildhall - Office (EUR presentation to Local Authority CEOs)
Director of Operations,4.80,02-Jun-2015,Travel,BASE - BHQ - MITCHAM FS - BASE (RE-OPENING CEREMONY)
Commissioner,129.20,02-Jun-2015,Accommodation,1 night Bed & Breakfast at Carlton Hotel in Edinburgh on 2 June 2015 to attend the LGA NJC Advisory Forum meetings being held on 3 June 2015.
Commissioner,208.33,02-Jun-2015,Travel,"Open return train ticket from London Kings Cross to Edinburgh Waverley station (2nd and 3rd June) to attend the LGA NJC Advisory Forum meetings being held on 3 June 2015.
However, the Commissioner did not use the return ticket on 3rd June as he personally paid for a flight from Edinburgh to London City airport for a personal emergency engagement. A refund for the second part of this ticket was not feasible as the admin charge was greater than the refund that would have been received."
Head of Strategy and Inclusion,54.30,02-Jun-2015,Refreshments,Lunch  provided for a meeting with the Chief Executive Officer of Melbourne Fire Brigade.
Head of Strategy and Inclusion,47.93,03-Jun-2015,Refreshments,Lunch provided for meeting with the Deputy Commissioner of theTasmania Fire Service and a further visitor. 
Director of Operations,2.88,03-Jun-2015,Travel,BASE - BHQ - STRATFORD FS - BASE (REGULAR GM'S MEETING)
Head of Fire Safety,7.92,03-Jun-2015,Travel,Base-HQ-Brent Civic Center-Base
Head of Operational Resilience,6.00,03-Jun-2015,Travel,RETURN FROM CONFERENCE HEATHROW - WEMBLEY STAFF ENGAGEMENT - BASE 
Head of Operational Policy,13.68,04-Jun-2015,Travel,St/by base - Kent FRS HQ Maidstone via M25 (EUR presentation to Kent FRS)
Head of Operational Policy,6.60,04-Jun-2015,Subsistence,EUR partner meeting with Kent FRS @ Maidstone
Head of Operational Policy,8.80,04-Jun-2015,Subsistence,EUR partner meeting with Kent FRS @ Maidstone
Head of Operational Policy,8.80,05-Jun-2015,Subsistence,"EUR partner meeting with CFO Wilshire, Herforsdshire FRS HQ, Hertford"
Head of Operational Policy,8.16,05-Jun-2015,Travel,"St/by base - Office - Herts FRS HQ, Hertford (EUR presentation to CFO Wilshir) FRS)"
Head of Fire Safety,9.84,05-Jun-2015,Travel,Base-RG7 3AH-Base
Head of Strategy and Inclusion,18.10,05-Jun-2015,Travel Expense,"Attendance at Executive Leadership Programme Presentation Day at Wokefield Park, Reading"
Head of Strategy and Inclusion,4.10,05-Jun-2015,Travel Expense,"Attendance at Executive Leadership Programme Presentation Day, Wokefield Park, Reading"
Head of Strategy and Inclusion,22.20,05-Jun-2015,Travel Expense,"Attendance at Executive Leadership Programme Presentation Day at Wokefield Park, Reading"
Head of Information and Communications Technology ,15.00,05-Jun-2015,Travel Expense,"Taxi from Mortimer station to Wokefield Park, Berkshire to attend leadership meeting."
Head of Procurement,217.04,05-Jun-2015,Travel,"Air travel to Hanover, Germany. To attend 2015 interschutz International Fire and Rescue Trade Exhibition"
Head of Procurement,435.46,05-Jun-2015,Accommodation,"3 nights Hotel stay in Hanover, Germany"
Head of Procurement,21.95,07-Jun-2015,Travel Expense,Intershutz exhibition
Head of Operational Resilience,16.48,09-Jun-2015,Subsistence,Evening meal during overnight stay at Fire Service college attending a conference. 
Head of Operational Resilience,4.99,09-Jun-2015,Subsistence,Out of pocket expenses - overnight stay at fire Service college attending a conference.
Head of Operational Resilience,22.80,09-Jun-2015,Travel,BASE - HEREFORD CONFERENCE
Head of Procurement,21.85,10-Jun-2015,Travel Expense,Intershutz exhibition
Head of Operational Resilience,9.00,11-Jun-2015,Travel Expense,Taxi from FSC to railway station -  attending a conference.
Head of Operational Assurance,14.76,11-Jun-2015,Travel,Base - Fire Service College (WFS AGM and Development Weekend)
Head of Operational Resilience,22.80,11-Jun-2015,Travel,RETURN FROM HEREFORD 
Head of Operational Resilience,9.36,12-Jun-2015,Travel,BASE - WEMBLEY STAFF ENGAGEMENT -BASE
Director of Operations,5.28,12-Jun-2015,Travel,BASE - HIGHGATE CEMETERY - KENTISH TOWN FS - BASE (MEMORIAL SERVICE AND CCG MEETING)
Head of Operational Assurance,14.76,14-Jun-2015,Travel,Fire Service College -Base
Commissioner,70.50,15-Jun-2015,Accommodation,"1 night bed & breakfast at Hilton Birmingham Metropole hotel to attend The Securitas Community Awards ceremony on the evening of 15 June 2015. 
However, please note that other accommodation arrangements were made for the Commissioner by Securitas and this hotel was no longer required and cancelled on 9 June through RedFern Travel. Unfortunately the hotel’s policy does not allow refunds and therefore the Authority is still required to make full payment to the Hilton Birmingham Metropole hotel."
Commissioner,45.50,15-Jun-2015,Travel,Two single return tickets from London Euston to Birmingham International train station to attend The Securitas Community Awards on 15th June 2015.
Head of Fire Safety,7.20,16-Jun-2015,Travel,Base-SW1P 3HZ-Base
Head of Fire Safety,12.24,17-Jun-2015,Travel,Base-Excel-Base
Head of Operational Assurance,3.72,18-Jun-2015,Travel,Base - Beckton (AC ICE Preparation) - Base
Head of Technical and Service Support,10.78,18-Jun-2015,Travel,Standby Base-Chatham Cemetery-BHQ-Standby Base
Head of Operational Policy,3.36,19-Jun-2015,Travel,St/by base - F21 (meeting)
Head of Strategy and Inclusion,11.20,22-Jun-2015,Travel Expense,Taxi to Capita's office for meeting
Director of Operations,3.12,22-Jun-2015,Travel,BASE - ILFORD FS -BHQ - CITY HALL - BASE (STATION VISIT AND ARMED FORCES DAY)
Director of Operations,2.52,23-Jun-2015,Travel,BASE - BHQ - EXCEL CENTRE - BASE (PUBLIC SECTOR SHOW)
Head of Operational Policy,37.68,23-Jun-2015,Travel,"St/by base - Oldbury fire Stn, WMFRS (return via M40 - to visit high rise training facility)"
Director of Operations,15.00,23-Jun-2015,Car Park,Excel London Car Park/Public Sector Show 2015 at Excel.
Director of Operations,36.84,24-Jun-2015,Travel,Home to office - June 2015
Head of Operational Policy,6.96,25-Jun-2015,Travel,St/by base - Office - Pk Royal DTF - Stand-by base (Trainee passout)
Head of Strategy and Inclusion,5.00,25-Jun-2015,Travel Expense,Visit to Fire Service College for meeting with Capita
Director of Operations,2.52,25-Jun-2015,Travel,BASE - BHQ - CITY HALL -BASE (AUTHORITY MEETING)
Director of Operations,0.24,26-Jun-2015,Travel,BASE - BECKTON TRAINING CENTRE - BASE (INCIDENT COMMAND EXERCISE)
Head of Operational Assurance,3.72,26-Jun-2015,Travel,Base - Beckton (AC ICE Preparation) - Base
Director of Operations,3.00,27-Jun-2015,Travel,BASE - SOHO FS - BASE (PRIDE BREAKFAST)
Head of Fire Safety,6.96,27-Jun-2015,Travel,Base - HMS President - Base
Head of Operational Policy,7.08,29-Jun-2015,Travel,St/by base - Pettits Lane Nth - Tavistock Sq (return - 7/7 Memorial Lecture with DAC Ellis)
Director of Operations,0.24,29-Jun-2015,Travel,BASE - BECTON TRAINING CENTRE - BASE (INCIDENT COMMAND EXERCISE) 
Head of Operational Assurance,3.72,29-Jun-2015,Travel,Base - Beckton (AC ICE Evaluation) - Base
Director of Finance and Contractual Services,38.88,29-Jun-2015,Travel,Ticket purchased to Travel from London Euston to Tamworth to attend CFOA Audit Committee which was cancelled at the last minute by CFOA. 
Director of Finance and Contractual Services,60.40,30-Jun-2015,Travel,Travel from London Waterloo to Poole to attend a meeting with RNLI. 
Commissioner,239.38,30-Jun-2015,Travel,This special allowance is in recognition of the on-call requirements placed upon the Commissioner and is in place of monthly mileage claims.
Director of Operations,7.20,30-Jun-2015,Travel,BASE - BHQ - STRAND - BHQ - TOTTENHAM FS - BASE (eXERCISE STRONG TOWER AND CADETS PASSOUT PARADE)
Head of Technical and Service Support,86.52,30-Jun-2015,Travel,Home to office - June 2015
Head of Fire Safety,86.40,30-Jun-2015,Travel,Home to office - June 2015
Head of Operational Assurance,36.72,30-Jun-2015,Travel,Home to office - June 2015
Head of Operational Policy,70.56,30-Jun-2015,Travel,Home to office - June 2015
Head of Operational Resilience,60.36,30-Jun-2015,Travel,Home to office - June 2015
Head of Technical and Service Support,1.68,03-Jul-2015,Travel,Base-PEG Croydon-Base
Head of Operational Policy,8.52,04-Jul-2015,Travel,St/by base - Perivale (20PF - return via M25/A1)
Head of Operational Policy,5.64,06-Jul-2015,Travel,St/by base - Office - NSY - Office - St/by base (Kingsway debrief) 
Director of Operations,3.36,06-Jul-2015,Travel,BASE - ST JAMES' - BHQ - PICCADILLY THEATRE - BASE (CONCILLIATION AND JACK PETCHEYS SPEAK OUT)
Director of Operations,3.60,07-Jul-2015,Travel,BASE - ST JAMES' - ST PAULS - ST JAMES' - BASE (CONCILLIATION AND GLA 10th ANNIVERSARY SERVICE)
Director of Operations,2.52,08-Jul-2015,Travel,BASE - ST JAMES' - BASE (CONCILLIATION)
Head of Operational Policy,5.28,10-Jul-2015,Travel,St/By - base - University of Greenwich (to coordinate and present at high rise conference)
Head of Fire Safety,3.60,13-Jul-2015,Travel,Base-Hillingdon-Base
Head of Fire Safety,7.20,14-Jul-2015,Travel,Base-HQ-Camden-Base
Head of Operational Assurance,0.48,14-Jul-2015,Travel,HQ - Farringdon (Fire Fitness JWG) - HQ
Head of Operational Assurance,1.68,15-Jul-2015,Travel,Base - Eltham Crematorium (Funeral) - Base
Head of Operational Policy,5.52,16-Jul-2015,Travel,St/by base - Office - CLG Marsham St - Office - St/by base (attend SRB for Commissioner)
Director of Operations,2.52,16-Jul-2015,Travel,BASE - BHQ - CITY HALL - BASE (RESOURCES COMMITTEE)
Head of Operational Policy,6.24,17-Jul-2015,Travel,St/by base - Office -F23 - Office - St/by base (to discuss S3 discipline appeal case) 
Commissioner,3.74,17-Jul-2015,Other Expenses,Dry cleaning for uniform jacket. 
Head of Strategy and Inclusion,78.80,20-Jul-2015,Travel Expense,Travel to Winchester for meeting with SW Chiefs re National Operational Guidance
Head of Strategy and Inclusion,4.80,20-Jul-2015,Travel Expense,Visit to Salisbury for meeting with SW Chiefs re National Operational Guidance 
Head of Operational Assurance,1.68,22-Jul-2015,Travel,Base - Eltham Crematorium (Funeral) - Base
Head of Fire Safety,7.20,23-Jul-2015,Travel,Base-HQ-SE1 5JH-Base
Director of Operations,6.96,23-Jul-2015,Travel,BASE - HESTON FS - BHQ - OLD KENT ROAD FS - BHQ - CITY HALL - BASE (STATION VISIT RE-OPENING OF FIRE STATION AND MAYORS OFFICE FUNCTION)
Head of Technical and Service Support,42.56,23-Jul-2015,Travel,Home to office - July 2015
Head of Operational Resilience,5.52,24-Jul-2015,Travel,BASE - HAMMERSMITH INTERVIEWS - BASE 
Head of Procurement,9.00,27-Jul-2015,Travel Expense,Collaborative PPE board West mids FRA
Head of Procurement,75.88,27-Jul-2015,Travel,Rail travel to  attend PPE Project Board meeting and PPE Supplier Engagement Day  in Birmingham
Head of Procurement,63.53,27-Jul-2015,Accommodation,1 night stay at Premier Inn hotel Birmingham to attend PPE Project Board meeting and PPE Supplier Engagement Day  
Head of Operational Assurance,1.80,28-Jul-2015,Travel,Base - Erith Fire Station (Cadets Pass out ceremony) - Base
Head of Procurement,9.00,28-Jul-2015,Travel Expense,Collaborative PPE supplier day West Mids FRA
Director of Operations,33.48,28-Jul-2015,Travel,Home to office - July 2015
Head of Operational Assurance,44.88,28-Jul-2015,Travel,Home to office - July 2015
Head of Operational Policy,70.56,29-Jul-2015,Travel,Home to office - July 2015
Head of Operational Resilience,38.64,29-Jul-2015,Travel,Home to office - July 2015
Director of Operations,2.88,29-Jul-2015,Travel,BASE - BHQ - ST JAMES' -BASE (CONCILLIATION)
Head of Operational Assurance,18.24,29-Jul-2015,Travel,Base - Leighton Buzzard (funeral) - Base
Head of Operational Assurance,11.52,30-Jul-2015,Travel,Base - Hertfordshire (CFOA Eastern Region Meeting) - Base
Head of Operational Policy,5.40,30-Jul-2015,Travel,St/by base - Office - Plaistow F/Stn - Prince Regent DLR - St/by base (Staff engagement workshop)
Director of Operations,2.88,30-Jul-2015,Travel,BASE - BHQ - ST JAMES' -BASE (CONCILLIATION)
Head of Fire Safety,7.68,30-Jul-2015,Travel,Base-HQ-Wembley-Base
Head of Operational Policy,6.24,31-Jul-2015,Travel,"St/by base - New Scotland Yard (return - meeting with Cmdr Harrington, MPS) "
Head of Operational Resilience,75.80,31-Jul-2015,Travel,"Event: UKRO Competitions

Destination: Moreton In Marsh By Standard Anytime Return"
Head of Fire Safety,129.60,31-Jul-2015,Travel,Home to office - July 2015
Director of Operations,2.52,03-Aug-2015,Travel,BASE - SHOREDITCH FS - BASE (CADETS PASS OUT)
Director of Operations,2.88,05-Aug-2015,Travel,BASE - BHQ - ST JAMES' - BASE (CONCILLIATION)
Director of Operations,3.36,06-Aug-2015,Travel,BASE - BHQ - STRATFORD FS - ILFORD FS - BASE (GM MEETING &amp; CADETS PASS OUT)
Head of Operational Resilience,4.68,07-Aug-2015,Travel,BSE - HQ - CANARY WHARF CONTROL ROOM - BASE
Head of Fire Safety,14.40,19-Aug-2015,Travel,Base-Queen Mary Hospital-Base
Head of Technical and Service Support,28.84,21-Aug-2015,Travel,Home to office - August 2015
Head of Operational Assurance,1.56,24-Aug-2015,Travel,Base - E29 Lee Green (Staff Engagement) - Base
Director of Finance and Contractual Services,25.60,25-Aug-2015,Travel Expense,"Taxi from Atllanta, USA  airport to hotel to attend Fire Conference with two other LFB officers"
Director of Finance and Contractual Services,2.56,26-Aug-2015,Subsistence,Breakfast whilst attending fire conference in USA.
Head of Operational Assurance,28.56,26-Aug-2015,Travel,Home to office - August 2015
Head of Operational Resilience,54.12,27-Aug-2015,Travel,Home to office - August 2015
Director of Finance and Contractual Services,3.20,27-Aug-2015,Subsistence,Breakfast whilst attending fire conference in USA.
Director of Finance and Contractual Services,2.56,28-Aug-2015,Subsistence,Breakfast whilst attending fire conference in USA.
Director of Finance and Contractual Services,25.60,28-Aug-2015,Travel Expense,Travel by taxi from hotel in Atlanta USA to airport with two other LFB officers following fire conference.
Director of Operations,12.60,28-Aug-2015,Travel,Home to office - August 2015
Head of Operational Policy,50.40,28-Aug-2015,Travel,Home to office - August 2015
Head of Fire Safety,129.60,28-Aug-2015,Travel,Home to office - August 2015
Director of Finance and Contractual Services,14.10,29-Aug-2015,Travel Expense,Train travel from Heathrow airport to Paddington station following return from fire conference in USA.
Head of Technical and Service Support,8.33,01-Sep-2015,Car Park,20/30 year Medal Ceremony at City Hall
Director of Operations,2.31,01-Sep-2015,Travel,BASE - BHQ - CITY HALL - BASE (30 AND 40 YEAR AWARDS)
Director of Operations,2.64,02-Sep-2015,Travel,BASE - BHQ - STRATFORD FS - BASE (REGULAR GM's MEETING)
Head of Operational Resilience,6.80,02-Sep-2015,Travel Expense,attending the NOC meeting at CFOA HQ Tamworth 
Head of Operational Resilience,56.60,02-Sep-2015,Travel," Event: National Operations Committee
Destination: Tamworth From Gidea Park Standard Off Peak Return"
Head of Fire Safety,7.04,04-Sep-2015,Travel,Base-HQ-Wembley-Base
Head of Operational Policy,4.95,05-Sep-2015,Travel,St/by base - Islington fire stn (return to attend Open Day)
Head of Operational Assurance,3.96,09-Sep-2015,Travel,Base to Merton (Staf Engagement) - Base
Head of Operational Policy,5.06,10-Sep-2015,Travel,St/by base - Office - VW Abridge - St/by base  (to assess break-in damage to driver door)
Head of Operational Resilience,6.27,12-Sep-2015,Travel,BASE - HEATHROW AIRPORT TRAVEL TO DUBAI LFBe
Head of Operational Resilience,10.50,12-Sep-2015,Subsistence,evening meal at Heathrow - flight to Dubia for the Fire Safe Middle East Summit.
Head of Operational Resilience,50.00,12-Sep-2015,Car Park,Flying to Dubai for the Fire Safe Middle East Summit
Director of Operations,4.62,14-Sep-2015,Travel,BASE - BHQ - CITY HALL - BHQ - MERTON LOC -BASE (GOVERNANCE PERFORMANCE AND AUDIT COMMITTEE MEETING AND NEW MOBILISING SYSTEM)
Director of Operations,2.31,15-Sep-2015,Travel,BASE - BHQ - CITY HALL - BASE (RESOURCES COMMITTEE)
Head of Operational Policy,5.89,15-Sep-2015,Subsistence,Attending USAR NWG meeting at Merseyside FRS HQ
Head of Operational Policy,53.00,15-Sep-2015,Accommodation,"Event: CFOA USAR NWG Meeting
Destination: Park Hotel, Netherton L30 6YN"
Head of Operational Policy,29.04,15-Sep-2015,Travel,"St/by base - Office - BTP HQ Camden Rd - Office - Park Hotel, Merseyside (EUR meeting with ACC Newton + attend USAR NWG meeting)"
Head of Operational Policy,5.50,15-Sep-2015,Travel Expense,Attending USAR NWG meeting at Merseyside FRS HQ
Head of Operational Policy,16.48,15-Sep-2015,Subsistence,Attending USAR NWG meeting at Merseyside FRS HQ
Head of Operational Assurance,1.21,15-Sep-2015,Travel,Base - Bromley FS (Mentoring Meeting) - Base
Head of Operational Policy,5.50,16-Sep-2015,Travel Expense,Attending USAR NWG meeting at Merseyside FRS HQ
Head of Operational Policy,24.86,16-Sep-2015,Travel,Pk Hotel - Merseyside FRS HQ - St/by base (attend USAR NWG meeting)
Head of Operational Policy,7.99,16-Sep-2015,Subsistence,Attending USAR NWG meeting at Merseyside FRS HQ
Director of Operations,2.64,16-Sep-2015,Travel,BASE - BHQ - STRATFORD FS - BASE (REGULAR GM's MEETING)
Head of Operational Resilience,16.48,17-Sep-2015,Subsistence,Attending Fire Safe Middle East Summit in Dubai
Head of Operational Policy,5.72,17-Sep-2015,Travel,St/by base - Office - F23 - Office - St/by base (meeting to review S3 appeal case) 
Head of Operational Resilience,6.27,17-Sep-2015,Travel,TRAVEL BACK FROM DUBAI HEATHROW - BASE
Head of Operational Policy,8.80,18-Sep-2015,Travel,St/by base - Littlebrook Power Station and Bluewater shopping centre via M25 (return - to meet site manager regarding Ex Unified Response)
Head of Operational Assurance,33.88,18-Sep-2015,Travel,Base - Tamworth (NCCWG) - Base
Head of Operational Resilience,16.48,22-Sep-2015,Subsistence,Emergency services show Birmingham 
Head of Operational Resilience,16.48,23-Sep-2015,Subsistence,Emergency services show Birmingham 
Head of Procurement,62.00,23-Sep-2015,Accommodation,Ibis Budget Hotel Birmingham for CFOA national procurement group meeting and seminar following day.
Head of Operational Assurance,69.00,23-Sep-2015,Travel,"Event: Emergency Services Show
Destination: Ibis Styles Birmingham Airport NEC"
Head of Procurement,166.42,23-Sep-2015,Travel,Rail travel to attend National Procurement Group at NEC Birmingham
Director of Operations,2.53,23-Sep-2015,Travel,BASE - BHQ - WATERLOO ROAD - BASE (NON EMERGENCY TRANSPORT SERVICE MEETING)
Commissioner,138.00,24-Sep-2015,Travel,Travel from London Euston to Liverpool Lime Street to attend the National Resilience Board meeting 
Head of Technical and Service Support,4.95,24-Sep-2015,Subsistence,Breakfast when attending Sandhurst
Head of Technical and Service Support,17.16,24-Sep-2015,Travel,"Base-Sandhurst Academy-Base via M25, A25,M3,A30."
Head of Operational Resilience,13.64,24-Sep-2015,Travel,RETURN FROM BIRMINGHAM - BASE
Head of Operational Policy,60.06,25-Sep-2015,Travel,Home to office - September 2015
Head of Operational Assurance,3.74,26-Sep-2015,Travel,Base - Southwark (Ops Training Day) - Base
Head of Operational Policy,5.17,28-Sep-2015,Travel,St/by base - Office - MPS NSY - Office - Standby base (Meeting with MPS Deputy Commissioner)
Head of Operational Resilience,70.84,28-Sep-2015,Travel,Home to office - September 2015
Director of Operations,28.16,29-Sep-2015,Travel,Home to office - September 2015
Head of Operational Policy,8.25,29-Sep-2015,Travel,St/by base - Office - Littlebrook Pwr Stn - St/by base (EUR site visit)
Head of Technical and Service Support,2.08,29-Sep-2015,Travel,Standby base-Mitcham FS-Standby base
Head of Operational Resilience,3.96,30-Sep-2015,Travel,BASE - PENTONVILE PRISON EXERCISE - BASE
Head of Operational Policy,5.06,30-Sep-2015,Travel,St/by base - Office - Plaistow - DLR Custom House - St/by base (New station opening ceremony)
Head of Technical and Service Support,56.94,30-Sep-2015,Travel,Home to office - September 2015
Director of Operations,2.42,30-Sep-2015,Travel,BASE - BHQ - PLAISTOW FS - BASE (RE OPENING CEREMONY)
Head of Fire Safety,99.00,30-Sep-2015,Travel,Home to office - September 2015
Head of Operational Assurance,52.36,30-Sep-2015,Travel,Home to office - September 2015
Head of Operational Policy,5.94,01-Oct-2015,Travel,St/by base - Office - Lewisham - Office - St/by base (EUR briefing for SE area officers)
Head of Technical and Service Support,7.92,01-Oct-2015,Car Park,Parking for the Authority Meeting 
Head of Fire Safety,1.32,01-Oct-2015,Travel,Base-BRE WD25-Base
Director of Operations,2.31,01-Oct-2015,Travel,BASE - BHQ - CITY HALL - BASE (AUTHORITY MEETING)
Head of Operational Assurance,3.96,01-Oct-2015,Travel,Base - Merton (Staff Engagement) - Base
Head of Operational Assurance,2.42,02-Oct-2015,Travel,Base - Beckton (Director's ICE) - Base
Head of Operational Policy,5.72,02-Oct-2015,Travel,St/by base - Office - Millwall - Office - St/by base (meetign to discuss S3 appeal)
Head of Operational Policy,10.23,06-Oct-2015,Travel,St/by base - Office - Littlebrook - Southgate LUL - St/by base (EUR meeting with EU states + lift for Italian delegate to get his return flight from Heathrow)
Director of Operations,2.31,06-Oct-2015,Travel,BASE - BHQ - CITY HALL - BASE (MEETING WITH DR FIONA TWYCROSS)
Director of Operations,23.10,08-Oct-2015,Travel,BASE - FS COLLEGE - BASE (INDUSTRY COLLABORATION)
Head of Operational Resilience,2.20,08-Oct-2015,Travel,BASE - BECKTON ICE ASSESSMENT - BASE
Head of Operational Policy,5.83,09-Oct-2015,Travel,St/by base - Office - Parliament Hill Fields - Office - St/by base (handover meeting for LFB x/country race)
Head of Operational Resilience,6.27,10-Oct-2015,Travel,BASE - HEATHROW TRAVEL TO JAPAN MEETINGS
Head of Operational Resilience,50.00,11-Oct-2015,Car Park,car parking at Heathrow flying to Japan for conference. 
Head of Operational Resilience,8.80,11-Oct-2015,Subsistence,lunch at Heathrow - flying to Japan for conference. 
Head of Operational Assurance,7.92,11-Oct-2015,Travel,Base - Marine Court (Injury Rehabilitation)
Head of Operational Resilience,1609.26,11-Oct-2015,Travel,"Travelling To: Tokyo - Narita International Airport
Reason For Travel: Attending Crisis Management Conference
Outbound 11/10/15 Return 15/10/15"
Head of Operational Resilience,14.89,12-Oct-2015,Subsistence,evening meal - conference in Japan
Head of Operational Policy,5.06,12-Oct-2015,Travel,St/by base - Office - City Hall - Office - St/by base (EUR briefing for London Resilience Forum)
Head of Operational Policy,6.60,14-Oct-2015,Travel,"St/by base - Littlebrook power station (provide EUR briefing to Bridge Estate managers, via M25)"
Head of Operational Resilience,16.64,14-Oct-2015,Travel Expense,taxi from hotel to meeting while in Japan attending a conference. 
Head of Operational Policy,6.60,14-Oct-2015,Subsistence,Meeting with trading estate managers The Bridge trading estate (EUR venue)
Head of Operational Resilience,22.00,15-Oct-2015,Travel Expense,taxi return from meeting to hotel attending meeting in Japan while attending a cxonference
Head of Operational Resilience,22.00,15-Oct-2015,Travel Expense,taxi while in Japan attending conference
Director of Operations,5.17,15-Oct-2015,Travel,BASE - BHQ - CITY HALL - BHQ - SOUTH ESSEX CREMATORIUM -BASE (APPOINTMENTS AND URGENCY COMMITTEE AND RETIRED MEMBERS FUNERAL)
Head of Operational Resilience,6.27,15-Oct-2015,Travel,TRAVEL BACK FROM HEATHROW - BASE
Head of Operational Policy,6.60,16-Oct-2015,Subsistence,Visit to Airwave national control centre in Rugby
Head of Operational Policy,8.69,20-Oct-2015,Travel,St/by base - Office - Littlebrook - Office - St/by base (meeting to discss CS and youth engagement opportunities presented by EUR) 
Head of Operational Policy,25.19,22-Oct-2015,Travel,St/by base - RWE Swindon HQ (return - meeting with RWE lawyers)
Head of Operational Policy,6.60,22-Oct-2015,Subsistence,Meeting with RWE at their Swindon offices to finalise agreement to use Littlebrook site
Head of Operational Policy,3.99,22-Oct-2015,Subsistence,Meeting with RWE at their Swindon offices to finalise agreement to use Littlebrook site
Director of Operations,2.64,22-Oct-2015,Travel,BASE - BHQ - LGA SMITH SQUARE - BASE (CONCILIATION)
Head of Fire Safety,6.93,22-Oct-2015,Travel,"Base-HQ-4 Norton Folgate, E1 6DB-Base"
Head of Operational Policy,36.96,23-Oct-2015,Travel,Home to office - October 2015
Head of Technical and Service Support,43.68,23-Oct-2015,Travel,Home to office - October 2015
Head of Operational Assurance,7.92,24-Oct-2015,Travel,Marine Court (Injury Rehabilitation) - base
Head of Operational Resilience,12.87,28-Oct-2015,Travel,BASE - FIRE SERVICE COLLEGE MEETING
Director of Operations,2.64,28-Oct-2015,Travel,BASE - BHQ - LGA SMITH SQUARE - BASE (CONCILIATION)
Director of Operations,35.64,29-Oct-2015,Travel,Home to office - October 2015
Head of Operational Resilience,12.87,29-Oct-2015,Travel,RETURN FROM FIRE SERVICE COLLEGE - BASE
Head of Strategy and Inclusion,99.00,30-Oct-2015,Travel Expense,To chair CFOA Protective Security Steering Group meeting
Head of Strategy and Inclusion,7.20,30-Oct-2015,Travel Expense,To Chair CFOA Protective Security Steering Group meeting
Head of Strategy and Inclusion,7.20,30-Oct-2015,Travel Expense,To Chair CFOA Protective Security Steering Group meeting
Head of Operational Resilience,69.85,30-Oct-2015,Travel,Home to office - October 2015
Head of Fire Safety,92.73,30-Oct-2015,Travel,Home to office - October 2015
Head of Operational Assurance,26.18,30-Oct-2015,Travel,Home to office - October 2015
Director of Operations,2.31,30-Oct-2015,Travel,BASE - BHQ - CITY HALL - BASE (30 &amp; 40 YEARS AWARD CEREMONY)
Director of Operations,6.16,31-Oct-2015,Travel,BASE - HEATHROW TERMINAL 5 - BASE (CONFERENCE IN QATAR)
Head of Information and Communications Technology ,10.20,02-Nov-2015,Travel Expense,Taxi form Liverpool street stn to training venue (incurred as I was already 1.5 houra late due to Tfl underground failure).
Head of Information and Communications Technology ,10.55,02-Nov-2015,Subsistence,Evening meal at Hotel whilst on training course 
Head of Information and Communications Technology ,8.80,03-Nov-2015,Subsistence,Breakfast at hotel due to training course.
Head of Operational Policy,5.50,03-Nov-2015,Travel,St/by base - Office - Caledonian Club SW1 - Office - St/by base (attend flood conference)
Head of Operational Policy,5.06,04-Nov-2015,Travel,St/by base - Office - 4Cs offices EC3 - Office - St/by base (meeting with 4Cs)
Head of Operational Resilience,16.48,04-Nov-2015,Subsistence,Attending conference in Qatar on behalf of LFBe
Head of Fire Safety,33.06,04-Nov-2015,Travel Expense,"Meeting to attend in Camden, leaving and returning to HQ. "
Head of Operational Policy,5.39,06-Nov-2015,Travel,St/by base - Office - GLA - Office - GLA - Office - St/by base (attend memorial service)
Head of Operational Resilience,2.20,08-Nov-2015,Travel,RETURN FROM CENTOTAPH HQ- BASE
Director of Operations,2.31,08-Nov-2015,Travel,BASE - LAMBETH FS - BASE (SERVICE OF REMEMBERANCE)
Head of Operational Resilience,16.48,09-Nov-2015,Subsistence, Cross Boundary Mobilisation Workshop at Liverpool 
Head of Operational Resilience,12.95,10-Nov-2015,Subsistence, Cross Boundary Mobilisation Workshop at Liverpool
Head of Strategy and Inclusion,10.00,10-Nov-2015,Travel Expense,Travel with exhibition materials to Portcullis House for National Operational Guidance Parliamentary Seminar
Head of Operational Policy,5.72,13-Nov-2015,Travel,St/by base - Office - Millwall f/stn - Office - St/by base (meeting to discuss discipline case)
Head of Strategy and Inclusion,15.00,16-Nov-2015,Travel Expense,"Travel from GPAC Meeting at City Hall to Emergency Services Sector Working Group meeting at Thames House, Millbank"
Director of Operations,2.31,16-Nov-2015,Travel,BASE - BHQ - CITY HALL - BHQ - MERTON LOC (GOVERNANCE PERFORMANCE AND AUDIT COMMITTEE AND VISION GOING LIVE)
Head of Operational Assurance,5.61,16-Nov-2015,Travel,Base-HQ-Beckton-Base
Director of Operations,2.64,18-Nov-2015,Travel,BASE - BHQ - STRATFORD FS - BASE (GM's MEETING)
Head of Information and Communications Technology ,7.00,18-Nov-2015,Travel Expense,Taxi from Tamworth station to CFOA head quarters
Head of Information and Communications Technology ,7.40,18-Nov-2015,Travel Expense,CFOA head quarters to Tamworth rail station
Head of Operational Policy,5.17,23-Nov-2015,Travel,St/by base - Office - Guildhall - Office - St/by base  (arrange EUR launch conference venue)
Director of Finance and Contractual Services,48.17,24-Nov-2015,Travel,"Rail travel to meeting at Wokefield Park, Reading"
Head of Procurement,48.17,24-Nov-2015,Travel,Return rail travel to Mortimer to attend LFB/Babcock event  
Director of Operations,2.31,24-Nov-2015,Travel,BASE - BHQ - CITY HALL - BASE (20 YEAR AWARD CEREMONY)
Director of Operations,22.44,25-Nov-2015,Travel,Home to office - November 2015
Head of Fire Safety,115.06,26-Nov-2015,Travel,Home to office - November 2015
Head of Operational Resilience,50.71,27-Nov-2015,Travel,Home to office - November 2015
Head of Operational Policy,10.12,27-Nov-2015,Travel,St/by base - Office - Littlebrook - Office - St/by base  (return)
Commissioner,95.00,29-Nov-2015,Travel,"Accommodation at the Marriott Hotel, Liverpool Lime Street for attendance at the National Resilience Conference meeting from 29 November to 1 December only had to pay for 1 nights accommodation (the 30th paid for as a delegate) "
Commissioner,84.37,29-Nov-2015,Travel,Return Travel from London Euston to Liverpool Lime Street for National Resilience Conference 
Director of Operations,2.64,30-Nov-2015,Travel,BASE - BHQ - ST JAMES' - BASE (CONCILIATION)
Head of Operational Assurance,14.96,30-Nov-2015,Travel,Home to office - November 2015
Head of Operational Policy,69.30,30-Nov-2015,Travel,Home to office - November 2015
Head of Technical and Service Support,52.78,30-Nov-2015,Travel,Home to office - November 2015
Director of Operations,3.19,01-Dec-2015,Travel,BASE - BHQ - HALLAM CONFERENCE CENTRE - STRATFORD FS - BASE (LOCAL AUTHORITY MEETING AND GM's MEETING)
Head of Operational Policy,29.81,01-Dec-2015,Travel,St/by base - Littlebrook - Park Hotel Merseyside (EUR site meetinng and travel to USAR NWG)
Head of Operational Policy,16.48,01-Dec-2015,Subsistence,Attend USAR NWG at Merseyside FRS HQ  
Head of Operational Policy,8.80,01-Dec-2015,Subsistence,Attend USAR NWG at Merseyside FRS HQ
Head of Operational Policy,5.50,01-Dec-2015,Travel Expense,Attend USAR NWG at Merseyside FRS HQ  (heavy traffic on M6)
Head of Operational Policy,5.50,02-Dec-2015,Travel Expense,Attend USAR NWG at Merseyside FRS HQ  (heavy traffic on M6)
Head of Operational Policy,4.49,02-Dec-2015,Subsistence,Attend USAR NWG at Merseyside FRS HQ 
Head of Strategy and Inclusion,11.00,02-Dec-2015,Travel Expense,Shared taxi to Authority meeting
Head of Operational Policy,24.75,02-Dec-2015,Travel,Park Hotel - Merseyside FRS HQ - St/by base (attend USAR NWG)
Head of Operational Policy,25.85,04-Dec-2015,Travel,St/by base - Airwave Rugby (return - EUR briefing for airwave via M11/A14))
Head of Strategy and Inclusion,9.00,04-Dec-2015,Travel Expense,Shared taxi from Fire Magazine Awards at One Great George Street back to HQ
Head of Operational Policy,6.60,04-Dec-2015,Subsistence,Meeting at Airwave Rugby (to provide brief on EUR)
Head of Operational Policy,8.80,04-Dec-2015,Subsistence,Meeting at Airwave Rugby (to provide brief on EUR)
Head of Operational Policy,6.38,07-Dec-2015,Travel,St/by base - Park Royal T/C (driver simulation demo and meeting with Babcock)
Head of Fire Safety,15.00,08-Dec-2015,Travel Expense,HQ to WC1E 7BT
Head of Fire Safety,8.25,09-Dec-2015,Subsistence,Travelodge Salford Qays for Conference 
Head of Operational Resilience,232.60,09-Dec-2015,Travel,"Event: National Resilience Board
Destination: Liverpool Lime Street
"
Head of Fire Stations,5.20,09-Dec-2015,Travel,Standby Base-Wembley FS-Standby Base
Head of Fire Safety,22.66,09-Dec-2015,Travel,Base - M3 6EN
Head of Fire Safety,22.66,10-Dec-2015,Travel,M3 6EN - Base 
Head of Fire Stations,0.78,10-Dec-2015,Travel,Standby Base-Forest Hill FS-Standby Base
Head of Fire Safety,7.00,10-Dec-2015,Car Park,Salford University Campus 
Head of Fire Stations,3.12,11-Dec-2015,Travel, Base-Hammersmith FS-Base 
Head of Fire Safety,8.80,16-Dec-2015,Travel,Base -HQ - DA1 5PT - Base 
Director of Safety and Assurance,5.72,16-Dec-2015,Travel,Base-HQ-Littlebrook-Base
Head of Operational Policy,7.81,16-Dec-2015,Travel,St/by base - Office - Littlebrook - St/by base (Commissioners Group visit to Littlebrook)
Director of Operations,2.31,17-Dec-2015,Travel,BASE - BHQ - CITY HALL -BASE (MEETING IN MAYORS OFFICE)
Head of Operational Policy,7.81,18-Dec-2015,Travel,St/by base - Office - Littlebrook - St/by base (Chairman's visit to Littlebrook)
Head of Operational Policy,4.95,21-Dec-2015,Travel,St/by base - Office - St Pauls cathederal - St/by base (steward carol service)
Director of Operations,2.86,21-Dec-2015,Travel,BASE - BHQ - LAS HQ - BHQ - ST PAULS - BASE (STAFF CO-ORDINATION MEETING AND ANNUAL CAROL SERVICE)
Head of Operational Policy,6.16,22-Dec-2015,Travel,St/by base - Office - Western Gateway E16 - Office - St/by base (development meeting)
Director of Operations,2.64,23-Dec-2015,Travel,BASE - BHQ - STRATFORD FS - BASE (GM's MEETING)
Head of Fire Safety,85.80,24-Dec-2015,Travel,Home to office - December 2015
Head of Fire Stations,39.91,24-Dec-2015,Travel,Home to office - December 2015
Head of Operational Policy,46.20,24-Dec-2015,Travel,Home to office - December 2015
Director of Operations,28.71,24-Dec-2015,Travel,Home to office - December 2015
Director of Safety and Assurance,44.88,24-Dec-2015,Travel,Home to office - December 2015
Head of Operational Resilience,53.24,30-Dec-2015,Travel,Home to office - December 2015
Head of Fire Safety,10.56,04-Jan-2016,Travel,Base - Plaistow FS - Base
Director of Operations,2.53,04-Jan-2016,Travel,BASE - BHQ - SMITH SQUARE - BASE (CONCILIATION)
Director of Operations,2.31,05-Jan-2016,Travel,BASE - BHQ - CITY HALL - BASE (MEETING WITH ANDREW DISMORE)
Director of Operations,2.64,06-Jan-2016,Travel,BASE - BHQ - STRATFORD FS - BASE (REGULAR GM'S MEETING)
Director of Operations,2.53,08-Jan-2016,Travel,BASE - BHQ - SMITH SQUARE - BASE (CONCILIATION)
Director of Operations,5.39,11-Jan-2016,Travel,BASE - BHQ - CITY HALL - BRENT CIVIC CENTRE - BASE (MEET CHAIR FOR PUBLIC MEETING ON BUDGET CONSULTATION)
Director of Safety and Assurance,16.72,11-Jan-2016,Travel,Base-HQ-Derbyshire FRS.
Director of Safety and Assurance,18.26,12-Jan-2016,Travel,Derbyshire-Base
Director of Operations,4.07,12-Jan-2016,Travel,BASE - BHQ - COMMUNITY CENTRE WANDSWORTH - BASE (PUBLIC MEETING ON BUDGET CONSULTATION)
Director of Operations,2.53,14-Jan-2016,Travel,BASE - BHQ - CITY HALL - MANSION HOUSE - BASE (RESOURCES COMMITTEE &amp; THE LONDON GOVERNMENT DINNER)
Head of Operational Policy,9.79,15-Jan-2016,Travel,St/by base - Office - Littlebrook - Office - St/by base (EUR site visit)
Head of Operational Policy,5.17,19-Jan-2016,Travel,St/by base - Office - Guildhall - Office - St/by base  (conference set up)
Head of Operational Policy,5.17,20-Jan-2016,Travel,St/by base - Office - Guildhall - Office - St/by base  (attend and speak at EUR Launch conference)
Head of Fire Safety,5.94,21-Jan-2016,Travel,Base - SW6 1TR - Base
Head of Operational Policy,7.48,22-Jan-2016,Travel,St/by base - Littlebrook - St/by base (EUR site visit)
Director of Operations,2.31,25-Jan-2016,Travel,BASE - BHQ - WEST INDIA DOCKS - BASE (HMS SEVERN RECEPTION)
Director of Operations,2.31,26-Jan-2016,Travel,BASE - BHQ - CITY HALL - BASE (HOLOCAUST MEMORIAL DAY CEREMONY)
Head of Fire Stations,53.17,26-Jan-2016,Travel,Home to office - January 2016
Head of Operational Policy,27.72,26-Jan-2016,Travel,St/by base - Office - University of Salford - Hotel (to attend and speak at Civil Contingencies conference via M40 &amp; M6 toll)
Director of Finance and Contractual Services,8.00,26-Jan-2016,Travel Expense,Taxi from railway station to CFOA HQ Tamworth for meeting of the CFOA Audit Committee.
Head of Operational Policy,5.28,26-Jan-2016,Subsistence,Speaking at flooding conference University of Salford
Head of Operational Policy,5.50,26-Jan-2016,Travel Expense,Speaking at flooding conference University of Salford
Head of Operational Policy,16.48,26-Jan-2016,Subsistence,Speaking at flooding conference University of Salford
Head of Procurement,23.70,26-Jan-2016,Travel,"Return Rail travel to Reigate, to attend PPE Suppliers Day "
Head of Operational Policy,3.09,27-Jan-2016,Subsistence,Speaking at flooding conference University of Salford
Head of Operational Policy,5.50,27-Jan-2016,Travel Expense,Speaking at flooding conference University of Salford
Head of Operational Policy,25.08,27-Jan-2016,Travel, Hotel - University of Salford - St/by base (attend and present at Civil Contingencies conference)
Director of Operations,4.84,27-Jan-2016,Travel,BASE - BHQ - PEEL CENTRE HENDON - BASE (HOLOCAUST MEMORIAL DAY CEREMONY)
Head of Operational Resilience,80.30,28-Jan-2016,Travel,Home to office - January 2016
Head of Operational Policy,9.79,28-Jan-2016,Travel,St/by base - Office - Littlebrook - Office - St/by base (EUR site visit with DC Mackey MPS)
Director of Operations,15.40,29-Jan-2016,Travel,Home to office - January 2016
Director of Safety and Assurance,48.62,29-Jan-2016,Travel,Home to office - January 2016
Head of Operational Policy,60.06,29-Jan-2016,Travel,Home to office - January 2016
Head of Fire Safety,92.95,29-Jan-2016,Travel,Home to office - January 2016
Head of Operational Policy,7.48,31-Jan-2016,Travel,St/by base - Littlebrook - St/by base (Host cadets at EUR site visit)
Head of Operational Policy,6.60,31-Jan-2016,Subsistence,Fire cadet visit to EUR site
Head of Fire Stations,5.07,03-Feb-2016,Travel,Standby Base-Ealing FS-BHQ-Standby Base
Director of Operations,2.75,04-Feb-2016,Travel,BASE - BHQ - STRATFORD FS - BASE (GM's MEETING) 
Director of Operations,4.40,05-Feb-2016,Travel,BASE - MERTON LOC - BASE (RMC MEETING)
Director of Safety and Assurance,2.64,05-Feb-2016,Travel,Base-Littlebrook-Base
Head of Fire Stations,1.30,05-Feb-2016,Travel,Standby Base-E21-Standby Base
Head of Fire Safety,1.98,08-Feb-2016,Travel,Base - WD25 9NH - Base
Director of Safety and Assurance,5.50,09-Feb-2016,Travel,Base-Beckton-Base
Director of Safety and Assurance,5.50,10-Feb-2016,Travel,Base-Beckton-Base
Director of Operations,5.83,10-Feb-2016,Travel,BASE - BHQ - LITTLEBROOK POWER STATION - BASE (EUR EXERCISE)
Head of Fire Safety,9.90,11-Feb-2016,Travel,Base - CV37 6YR
Head of Fire Safety,9.90,12-Feb-2016,Travel,CV37 6YR - Base
Head of Fire Stations,1.56,12-Feb-2016,Travel,Standby Base-H31-Standby Base
Director of Safety and Assurance,3.08,12-Feb-2016,Travel,Base-Croydon-Base
Head of Operational Policy,6.60,15-Feb-2016,Subsistence,Hosting EUR site visit by Air Cadets
Director of Operations,2.31,16-Feb-2016,Travel,BASE - BHQ - CITY HALL - BASE (30 &amp; 40 YEAR AWARDS)
Director of Operations,2.53,19-Feb-2016,Travel,BASE - BHQ - SMITH SQUARE - BASE (CONCILIATION)
Head of Strategy and Inclusion,11.80,19-Feb-2016,Travel Expense,Return travel to Wembley for staff engagement session
Head of Operational Policy,4.78,19-Feb-2016,Subsistence,EUR site visit
Head of Operational Resilience,2.09,23-Feb-2016,Travel,BASE - EUSTON  TRAINING 
Head of Operational Resilience,9.57,24-Feb-2016,Travel,EUSTON  TRAINING - FSC  CONFERENCE
Head of Fire Safety,7.15,24-Feb-2016,Travel,Base - HA9 OFJ - HQ -Base
Head of Operational Resilience,120.00,24-Feb-2016,Accommodation,"Event: Met Police Meeting At Fire Service College
Destination: Redesdale Arms Hotel Moreton In Marsh Gl56 0aw
"
Director of Safety and Assurance,11.66,24-Feb-2016,Travel,Base-HQ-wormwood scrubs-moreton
Head of Fire Stations,30.94,24-Feb-2016,Travel,Home to office - February 2016
Director of Safety and Assurance,14.08,25-Feb-2016,Travel,Moreton-Base
Head of Operational Resilience,12.87,25-Feb-2016,Travel,RETURN FROM FSC 
Head of Information and Communications Technology ,14.60,25-Feb-2016,Travel Expense,"Taxi from Tamworth rail station to CFOA Headquarters, Pebble Close, Tamworth and inclusing return journey to station."
Head of Fire Safety,92.40,26-Feb-2016,Travel,Home to office - February 2016
Director of Safety and Assurance,44.88,26-Feb-2016,Travel,Home to office - February 2016
Head of Operational Policy,8.80,28-Feb-2016,Subsistence,EUR final site preparation
Head of Operational Policy,8.80,29-Feb-2016,Subsistence,Attend EUR exercise site on Day
Head of Fire Safety,12.10,29-Feb-2016,Travel,Base - Littlebrook DA1 5EF - Base
Head of Operational Resilience,44.77,29-Feb-2016,Travel,Home to office - February 2016
Director of Operations,40.15,29-Feb-2016,Travel,Home to office - February 2016
Director of Safety and Assurance,2.64,29-Feb-2016,Travel,Base-Littlebrook-Base
Director of Safety and Assurance,2.40,01-Mar-2016,Travel,Base-Littlebrook-Base
Director of Operations,2.70,02-Mar-2016,Travel,BASE - BHQ - PARK LANE - BASE (CST ANNUAL DINNER)
Director of Safety and Assurance,2.40,02-Mar-2016,Travel,Base-Littlebrook-Base
Head of Operational Policy,3.60,02-Mar-2016,Travel,B-DA1 5PT-B
Head of Operational Policy,3.60,03-Mar-2016,Travel,B-DA1 5PT-B
Director of Safety and Assurance,2.40,03-Mar-2016,Travel,Base-Littlebrook-Base
Director of Operations,4.00,03-Mar-2016,Travel,BASE - LITTLEBROOK POWER STATION - STRATFORD FS - BASE (EUR EXERCISE AND REGULAR GM's MEETING)
Director of Operations,2.40,04-Mar-2016,Travel,BASE - BHQ - LAS HQ - BHQ -BASE (O2 CYLINDERS MEETING)
Head of Operational Response,2.30,04-Mar-2016,Travel,HQ - LOC - H
Head of Fire Stations,4.30,07-Mar-2016,Travel Expense,"LGA Fire Conference,
Bristol

Travel from home to Paddington Train Station"
Head of Fire Stations,5.35,07-Mar-2016,Subsistence,"LGA Fire Conference,
Bristol

Lunch"
Head of Strategy and Inclusion,8.70,07-Mar-2016,Travel Expense,Taxi for 6 members of staff from Bristol Parkway to hotel for LGA Fire Conference
Head of Operational Response,2.30,07-Mar-2016,Travel,H - LOC - HQ
Commissioner,118.84,07-Mar-2016,Travel,Rail tickets (return) for travel to Bristol for LGA Conference.  (Due to a two day flight delay in return journey home from holiday was unable to attend the Conference in Bristol) 
Commissioner,244.00,07-Mar-2016,Accommodation,Two nights at the Marriott Hotel Bristol Royal booked for attendance at the GLA Conference in Bristol. (unable to attend the conference due to a two day flight delay on the way home from holiday)
Head of Operational Response,3.00,08-Mar-2016,Travel,H - LOC - H
Head of Strategy and Inclusion,8.80,09-Mar-2016,Subsistence,"LGA Fire Conference, Bristol, breakfast not included in room rate"
Director of Safety and Assurance,3.40,09-Mar-2016,Travel,Base-HQ-Lewisham-Base
Head of Fire Stations,4.30,09-Mar-2016,Travel Expense,"LGA Fire Conference,
Bristol

Travel from Paddington Train Station to Home"
Head of Operational Policy,50.00,09-Mar-2016,Accommodation,"Destination: Park Hotel Netherton

Event: USAR NWG Meeting
"
Head of Fire Stations,3.20,10-Mar-2016,Travel Expense,"Employment Tribunal
Croydon
Surrey

Witness at LFEPA employment tribunal

Travel home to Croydon"
Head of Operational Resilience,28.80,10-Mar-2016,Travel,Home to office - March 2016
Director of Safety and Assurance,10.20,10-Mar-2016,Travel,Home to office - March 2016
Director of Operations,13.40,11-Mar-2016,Travel,Home to office - March 2016
Head of Operational Response,3.00,11-Mar-2016,Travel,H - LOC - H
Head of Operational Resilience,5.70,12-Mar-2016,Travel,BASE -HEATHROW FLYING TO AUSTRLIA  CONFERENCE
Head of Operational Response,2.50,14-Mar-2016,Travel,H - LOC - City Hall - HQ
Head of Fire Stations,1.98,14-Mar-2016,Travel,Base-City Hall-Base
Head of Fire Safety,2.08,14-Mar-2016,Travel,BHQ-Wembley (Meet area FS)-BHQ
Director of Operations,325.55,14-Mar-2016,Travel,"Travelling To: London Heathrow Airport To Abu Dhabi
Reason For Travel:  International Exhibition For National Security And Resilience 2016
Travel Date: 14-18/03/2016  
"
Director of Operations,2.80,14-Mar-2016,Travel,BASE - HEATHROW (ABU DHABI CONFERENCE)
Head of Operational Policy,3.50,14-Mar-2016,Travel,B-CM16-B
Head of Operational Response,3.00,15-Mar-2016,Travel,H - LOC - H
Head of Operational Response,2.50,16-Mar-2016,Travel,HQ - N2 0RE - H
Head of Fire Safety,2.32,16-Mar-2016,Travel,Home to office - March 2016
Head of Operational Response,6.00,16-Mar-2016,Subsistence,Book signing event on behalf of Commissioner - LB Barnet
Commissioner,172.21,16-Mar-2016,Travel,Ticket (return) From London Euston to Liverpool Lime Street to attend a National Resilience Board meeting  
Head of Operational Policy,3.50,17-Mar-2016,Travel,B-CM16-B
Director of Operations,2.90,18-Mar-2016,Travel,HEATHROW - BASE (ABU DHABI CONFERENCE)
Head of Operational Response,3.00,18-Mar-2016,Travel,H - LOC - H
Director of Operations,2.10,21-Mar-2016,Travel,BASE - BHQ - CITY HALL -BASE (AWARD CEREMONY)
Head of Operational Response,7.30,21-Mar-2016,Travel Expense,Taxi Telford Station to Whitehouse Hotel
Head of Operational Response,15.20,21-Mar-2016,Subsistence,Evening meal at Whitehouse Hotel
Head of Operational Policy,3.50,22-Mar-2016,Travel,B-CM16-B
Head of Information and Communications Technology ,8.10,22-Mar-2016,Travel Expense,Taxi from Telford station to BAPCO event (Telford) and return journey
Head of Information and Communications Technology ,7.55,22-Mar-2016,Subsistence,Evening meal - BAPCO event - Telford
Head of Operational Response,26.60,22-Mar-2016,Travel Expense,"4 x taxi journies between Whitehouse Hotel, Wellington and International Centre Telford - for BAPCO Conference"
Head of Operational Response,8.00,22-Mar-2016,Subsistence,"Lunch at BAPCO conference, Telford"
Head of Fire Stations,7.59,22-Mar-2016,Travel,"Base-US-Enfield FS-Base via M25, A2."
Head of Fire Stations,4.62,23-Mar-2016,Travel,Standby Base-US-Erith FS-Standby Base
Head of Operational Response,5.70,23-Mar-2016,Travel Expense,"Taxi from Whitehouse Hotel, Wellington to Telford Central Station"
Head of Operational Resilience,5.70,23-Mar-2016,Travel,HEATHROW RETURN FROM AUSTRALIA - BASE
Director of Safety and Assurance,1.70,23-Mar-2016,Travel,BHQ-Base
Director of Safety and Assurance,16.60,23-Mar-2016,Travel,Base-Reading-Base
Director of Safety and Assurance,1.90,24-Mar-2016,Travel,Base - BHQ - Lambeth Walk
Head of Operational Response,2.90,29-Mar-2016,Travel,HQ - RAF Uxbridge - H
Head of Fire Safety,1.84,29-Mar-2016,Travel,BHQ-F23 Millwall (Meet area FS)-Home
Director of Operations,2.50,30-Mar-2016,Travel,BASE - BHQ - STRATFORD FS - BASE (REGULAR GM's MEETING)
Head of Fire Stations,17.82,31-Mar-2016,Travel,Home to office - March 2016
,,,,
