Ref No,Contract Title,Directorate,Department,Team Name,Contract Owner,CPS allocated to,Term Contract,OJEU,Awarded,Has ext option,Serivce type,Budget,Actual cost,Est cost,Cost variance,Duration (months),Extended,Ext post contract,Auth to tender,Framework Agreement,Initial start date,Initial end date,Ext start date,Ext end date,Successful supplier
6164,Ballistic PPE: Body Armour,Safety and Assurance,Operational Resilience,Special Operations Group,Patrick Goulbourne,Gillian Maxwell,Yes,No,Yes,No,Goods/Service,Expenditure,"£ 86,930","£ 86,930",£ 0,48,No,No,Budget Holder Approval,Ballistic PPE Capability Framework Agreement ,28/02/2018,28/02/2022,,, Aegis Engineering
6146,VMware vSphere 6,Finance and Contractual Services,Information and Communications Technology ,ICT Management,Phillip Freestone,Not allocated,,No,Yes,No,Goods/Service,Expenditure,"£ 91,803","£ 91,803",£ 0,36,No,No,Budget Holder Approval,CCS Technology Products 2,01/02/2018,01/02/2021,,,Pheonix Limited
6143,Recruitment of Head of People Services,Finance and Contractual Services,Human Resources Management,Employment Relations,Tracey Dennison,Anouska Herman,No,No,Yes,No,Goods/Service,Expenditure,"£ 25,000","£ 25,000",£ 0,6,No,No,Budget Holder Approval,Local Government Resourcing Partnership,28/02/2018,28/08/2018,,,"Gatenby Sanderson 
"
6142,Provision of Black Workwear Jackets for Senior Officers,Operations,Central Operations,Central Operations Team,Richard Tapp,Gillian Maxwell,No,No,Yes,No,Goods/Service,Expenditure,"£ 20,000","£ 20,000",£ 0,12,No,No,Budget Holder Approval,,01/02/2018,01/02/2019,,,Burlingtons Ltd
6137,NEC3 Licence Agreement ,Finance and Contractual Services,Procurement,Corporate Procurement Services,Michael McCarthy,Not allocated,,No,Yes,No,Goods/Service,Expenditure,"£ 1,900","£ 1,900",£ 0,24,No,No,Delegated Authority,TFL NEC Licence Agreement ,03/01/2018,02/01/2020,,, NEC (Thomas Telford) 
6126,Cloud Consultancy,Finance and Contractual Services,Information and Communications Technology ,ICT Management,Julian Martin,Gerald Dennis,No,No,Yes,No,Goods/Service,Expenditure,"£ 25,000","£ 25,000",£ 0,6,No,No,Budget Holder Approval,G-Cloud 9,09/01/2018,09/07/2018,,, Eduserv
6124,Provision of Chilled Mains Drinking Water Dispenser Services,Finance and Contractual Services,Technical and Service Support,FM Service Delivery Team,Claire Page,Michael McCarthy,Yes,No,Yes,Yes,Goods/Service,Expenditure,"£ 39,000","£ 39,000",£ 0,36,No,No,Delegated Authority,ESPO Water Coolers ,31/10/2017,31/10/2019,,, Water Coolers Limited 
6123,"Replacement of kitchen canopy hoods & extraction units North [Barnet, Kentish Town & Willesden fire stations]",Finance and Contractual Services,Technical and Service Support,FM Service Delivery Team,Christopher Bate,Gerald Dennis,No,No,Yes,No,Works,Expenditure,"£ 95,000","£ 95,000",£ 0,2,No,No,Budget Holder Approval,,05/02/2018,05/04/2018,,, Cedaforce
6117,Poplar Fire Station - Replacement Kitchen Project ,Finance and Contractual Services,Technical and Service Support,Project Delivery,Ian McLaughlin,Gerald Dennis,No,No,Yes,No,Works,Expenditure,"£ 140,000","£ 140,000",£ 0,3,No,No,Delegated Authority,,06/02/2018,06/05/2018,,,H&V Building Services Ltd 
6115,Citrix Security Solution,Finance and Contractual Services,Information and Communications Technology ,Virtual Desktop Delivery,Philip Hillary,Joseph Newton,Yes,No,Yes,No,Goods/Service,Expenditure,"£ 102,072","£ 80,000","£ 22,072",36,No,No,Budget Holder Approval,Technology Products 2,08/01/2018,08/01/2021,,, Softcat PLC
6113,Replacement Wireless LAN Controllers,Finance and Contractual Services,Information and Communications Technology ,ICT Management,Phillip Freestone,Joseph Newton,Yes,Yes,Yes,No,Goods/Service,Expenditure,"£ 119,981","£ 195,000","(£ 75,019)",36,No,No,Budget Holder Approval,Crown Commercial Service Technology Products 2 Framework ,01/01/2018,01/01/2021,,, Q Associates Limited
6112,Flame Retardant Bedding,Operations,Fire Safety (Statutory and Community),CS Policy and Projects,Marvin Ikua,Robert Fisher,Yes,No,Yes,No,Goods/Service,Expenditure,"£ 26,000","£ 26,000",£ 0,48,No,No,Budget Holder Approval,Safe and Well Equipment Framework,01/03/2018,01/03/2022,,," Thomas Kneale & Co Limited  , Vision Support Services "
6111,Battersea Fire Station - Electrical Rewire Project ,Finance and Contractual Services,Technical and Service Support,Project Delivery,Ian McLaughlin,Gerald Dennis,No,No,Yes,No,Works,Expenditure,"£ 300,000","£ 300,000",£ 0,3,No,No,Delegated Authority,,20/12/2017,20/03/2018,,, Lindfield Electrical Services Ltd
6107,Chelsea Replacement Heating System Project ,Finance and Contractual Services,Technical and Service Support,Project Delivery,Bryan Pearce,Gerald Dennis,Yes,No,Yes,No,Works,Expenditure,"£ 350,000","£ 350,000",£ 0,3,No,No,Delegated Authority,,22/11/2017,22/02/2018,,, BTU Installation & Maintenance Ltd
6106,Deptford Appliance Door Replacement Project ,Finance and Contractual Services,Technical and Service Support,Project Delivery,Ian McLaughlin,Gerald Dennis,No,No,Yes,No,Works,Expenditure,"£ 75,000","£ 75,000",£ 0,3,No,No,Delegated Authority,,23/01/2018,23/04/2018,,, H&V Building Services Ltd
6102,Provision of Portable Hygeine Units (PHU's),Operations,Central Operations,Fire Rescue Policy,Gary Woulds,Hitesh Mistry,Yes,No,Yes,No,Goods/Service,Expenditure,"£ 13,260","£ 13,260",£ 0,18,No,No,Budget Holder Approval,,31/10/2017,30/04/2019,,, Qdos
6099,"Paddington FS, alterations to fitness facilities",Finance and Contractual Services,Technical and Service Support,FM Service Delivery Team,Christopher Bate,Gerald Dennis,No,No,Yes,No,Works,Expenditure,"£ 50,000","£ 50,000",£ 0,2,No,No,Budget Holder Approval,,30/01/2018,30/03/2018,,, BNC
6095,Business Administration Apprenticeship Training ,Safety and Assurance,Development and Training,Organisational Development,Damian Candish,Gillian Maxwell,Yes,No,Yes,No,Goods/Service,Expenditure,"£ 10,000","£ 10,000",£ 0,12,No,No,Delegated Authority,TFL 93582,08/01/2018,08/01/2019,,, Outsource Training Ltd
6094,Purchase & maintenance of mail screening X-ray scanner,Finance and Contractual Services,Information and Communications Technology ,Business Intelligence,David Morris,Hitesh Mistry,No,No,Yes,No,Goods/Service,Expenditure,"£ 17,177","£ 17,177",£ 0,60,No,No,Budget Holder Approval,,31/12/2017,31/12/2022,,, Todd Research Ltd
6093,Sutton Fire Station - Rear Appliance Bay Door Replacement Project ,Finance and Contractual Services,Technical and Service Support,Project Delivery,Ian McLaughlin,Gerald Dennis,No,No,Yes,No,Works,Expenditure,"£ 135,808","£ 135,808",£ 0,4,No,No,Delegated Authority,,18/12/2017,18/04/2018,,, H&V Building Services Limited
6092,Kingston Fire Station - Heating Replacement Project ,Finance and Contractual Services,Technical and Service Support,Project Delivery,Bryan Pearce,Gerald Dennis,No,No,Yes,No,Works,Expenditure,"£ 320,000","£ 320,000",£ 0,3,No,No,Committee Decision,,20/11/2017,20/02/2018,,, Corrigenda Limited
6091,Visualfiles Annual Maintenance Agreement ,Finance and Contractual Services,Legal & Democratic Services,Legal Services Management & Business Support,Christopher Marshall,Robert Fisher,Yes,No,Yes,No,Goods/Service,Expenditure,"£ 44,787","£ 44,787",£ 0,36,No,No,Delegated Authority,,01/04/2017,01/04/2020,,, LexisNexis 
6089,Project Mangement- External training courses ,Safety and Assurance,Strategy and Inclusion,National Operational Guidance,Victoria Pulford,Robert Fisher,No,No,Yes,No,Goods/Service,Expenditure,"£ 20,311","£ 23,000","(£ 2,689)",9,No,No,Budget Holder Approval, Provision of Managerial and Proferssional Skills-Project Management ,04/10/2017,04/07/2018,,, QA
6087,Replacement Paging System,Finance and Contractual Services,Information and Communications Technology ,ICT Management,Julian Martin,Lesley Troke,Yes,No,Yes,Yes,Goods/Service,Expenditure,"£ 98,390","£ 35,000","£ 63,390",36,No,No,Budget Holder Approval,,13/10/2017,13/10/2020,,, PageOne Communications Limited
6084,Provision and Installation of Replacement UPS Battery System @ LFB Merton LOC,Finance and Contractual Services,Technical and Service Support,FM Service Delivery Team,Neville Harper,Not allocated,,No,Yes,No,Works,Expenditure,£ 120,£ 120,£ 0,12,No,No,Budget Holder Approval,,08/02/2018,08/02/2018,,,Draegar Safety UK LTD
6082,Refurbishment of Camping Out Facilities (South),Finance and Contractual Services,Technical and Service Support,FM Service Delivery Team,Christopher Bate,Gerald Dennis,No,No,Yes,No,Works,Expenditure,"£ 154,695","£ 80,000","£ 74,695",2,No,No,Budget Holder Approval,,24/10/2017,24/12/2017,,, B Nokes Contracts Ltd
6073,"Project Manager, Quantity Surveyor and Contract Administrator Duties on IELP Project",Finance and Contractual Services,Technical and Service Support,Estates & Major Works,Rupert Palmer,Michael McCarthy,No,No,Yes,No,Goods/Service,Expenditure,"£ 136,762","£ 150,000","(£ 13,238)",29,No,No,Committee Decision,,03/10/2017,31/07/2018,,, Burke Hunter Adams 
6071,Fulham Fire Station - Heating,Finance and Contractual Services,Technical and Service Support,Project Delivery,Gillian Hazlett,Michael McCarthy,No,No,Yes,No,Works,Expenditure,"£ 386,000","£ 386,000",£ 0,5,No,No,Delegated Authority,,06/12/2017,06/05/2018,,, SJP Mechanical Services
6070,Supply of Marine Fuel ,Finance and Contractual Services,Procurement,Corporate Procurement Services,Robert Fisher,Robert Fisher,Yes,No,Yes,No,Goods/Service,Expenditure,"£ 20,000","£ 20,000",£ 0,24,No,No,Delegated Authority,National Fuels Framework,01/10/2017,01/10/2019,,, Certas Energy UK Ltd
6069,Supply of Diesel for Strategic Reserve Storage Tanks,Finance and Contractual Services,Procurement,Corporate Procurement Services,Robert Fisher,Robert Fisher,Yes,No,Yes,No,Goods/Service,Expenditure,"£ 1,000,000","£ 1,000,000",£ 0,24,No,No,Delegated Authority,National Fuels Framework,01/10/2017,30/09/2019,,, WFL (UK) Ltd t/a Hall Fuels
6067,Netcall Upgrade (telephony),Finance and Contractual Services,Information and Communications Technology ,ICT Management,Julian Martin,Lesley Troke,Yes,No,Yes,No,Goods/Service,Expenditure,"£ 87,000","£ 87,000",£ 0,36,No,No,Budget Holder Approval,,25/07/2017,25/07/2020,,, Netcall Telecom Limited
6066,e-disclosure services,Finance and Contractual Services,Legal & Democratic Services,Corporate & Commercial,Thomas Davies,Robert Fisher,No,No,Yes,No,Goods/Service,Expenditure,"£ 100,000","£ 100,000",£ 0,24,No,No,Delegated Authority,,11/09/2017,11/09/2019,,, PA Consulting Services Limited
6064,"Shoreditch Fire Station, appliance bay doors",Finance and Contractual Services,Technical and Service Support,FM Service Delivery Team,Christopher Bate,Gerald Dennis,No,No,Yes,No,Works,Expenditure,"£ 150,000","£ 150,000",£ 0,4,No,No,Budget Holder Approval,,19/12/2017,19/04/2018,,, Arkas Ltd
6057,Provision of Tax Advisory Services,Finance and Contractual Services,Finance,Accountancy & Treasury,Stephen Knight,Robert Fisher,No,No,Yes,Yes,Goods/Service,Expenditure,"£ 33,545","£ 32,000","£ 1,545",36,No,No,Budget Holder Approval,ESPO Consultancy framework 664 ,01/10/2017,01/10/2020,,, PSTAX
6056,Wimbledon Fire Station - appliance bay doors,Finance and Contractual Services,Technical and Service Support,FM Service Delivery Team,Christopher Bate,Gerald Dennis,No,No,Yes,No,Works,Expenditure,"£ 150,000","£ 150,000",£ 0,4,No,No,Budget Holder Approval,,13/11/2017,13/03/2018,,, Arkas Ltd
6054,Pest Control Services,Finance and Contractual Services,Technical and Service Support,TSS Management,Lloyd Bentley,Michael McCarthy,Yes,Yes,Yes,Yes,Goods/Service,Expenditure,"£ 340,000","£ 175,000","£ 165,000",36,No,No,Delegated Authority,,06/03/2018,06/03/2021,,, Servest Group Limited 
6053,LexisLibrary,Finance and Contractual Services,Legal & Democratic Services,Legal Services Management & Business Support,Christopher Marshall,Robert Fisher,Yes,No,Yes,No,Goods/Service,Expenditure,"£ 28,980","£ 28,980",£ 0,12,No,No,Head of Procurement approval for single tender action,,16/08/2017,16/08/2018,,, LexisNexis
6050,Staff Health Check survey,Safety and Assurance,Strategy and Inclusion,Strategy Risk and Engagement,Regina Bonas,Anouska Herman,No,No,Yes,No,Goods/Service,Expenditure,"£ 40,000","£ 40,000",£ 0,24,No,No,Delegated Authority,,20/11/2017,20/11/2019,,,ORC International Limited
6048,Vehicle Glass Replacement & Repair,Finance and Contractual Services,Procurement,Vehicle Administration,Floyd Phillip,Hitesh Mistry,Yes,No,Yes,No,Goods/Service,Expenditure,"£ 40,000","£ 40,000",£ 0,24,No,No,Budget Holder Approval,,01/06/2017,01/06/2019,,, Nationwide Windscreen Services
6047,Asbestos Management Services ,Finance and Contractual Services,Technical and Service Support,FM Service Delivery Team,Lloyd Bentley,Michael McCarthy,Yes,No,Yes,Yes,Goods/Service,Expenditure,"£ 117,223","£ 117,223",£ 0,10,Yes,Yes,Delegated Authority,,01/06/2017,01/04/2018,05/04/2018,03/08/2018, Gradient Consultancy Ltd
6044,Replacement of Extended Duration Breathing Apparatus (EDBA) Cylinders,Finance and Contractual Services,Technical and Service Support,Protective Equipment Group,Geoffrey Avis,Anouska Herman,Yes,Yes,Yes,No,Goods/Service,Expenditure,"£ 500,000","£ 400,000","£ 100,000",60,No,No,Budget Holder Approval,Devon/Somerset Fire & Rescue Service Ref DS 072-11,12/07/2017,12/07/2022,,,Draegar Safety UK LTD
6043,New Cross Fire Station Rear Yard and Forecourt Upgrade,Finance and Contractual Services,Technical and Service Support,Project Delivery,David Attfield,Dean Kinsella,No,No,Yes,No,Works,Expenditure,"£ 255,000","£ 255,000",£ 0,8,No,No,Budget Holder Approval,,24/07/2017,24/03/2018,,, Walker Construction (UK) Limited 
6040,The Provision and Supply of Smoke Alarms and Related Products,Operations,Fire Safety (Statutory and Community),CS Policy and Projects,Mark Hazelton,Gillian Maxwell,Yes,No,Yes,No,Goods/Service,Expenditure,"£ 50,000","£ 50,000",£ 0,48,No,No,Delegated Authority,,01/11/2017,01/11/2021,,, Sprue
6039,Lease Cars,Finance and Contractual Services,Procurement,Vehicle Administration,Floyd Phillip,Hitesh Mistry,Yes,Yes,Yes,No,Goods/Service,Expenditure,"£ 4,000,000","£ 4,000,000",£ 0,36,No,No,Budget Holder Approval,Halton Housing Framework,01/10/2017,01/10/2020,,," Days Fleet, Automotive Leasing, Daimler, Lex Autoleasing"
6038,Bromley Fire Station – lintel repairs to basement windows,Finance and Contractual Services,Technical and Service Support,FM Service Delivery Team,Christopher Bate,Dean Kinsella,No,No,Yes,No,Works,Expenditure,"£ 22,500","£ 22,500",£ 0,2,No,No,Budget Holder Approval,,22/08/2017,22/10/2017,,, B Nokes Contracts
6036,"Kingston Fire Station, shower refurbishment",Finance and Contractual Services,Technical and Service Support,FM Service Delivery Team,Christopher Bate,Dean Kinsella,No,No,Yes,No,Works,Expenditure,"£ 20,000","£ 20,000",£ 0,2,No,No,Budget Holder Approval,,07/08/2017,07/10/2017,,, B Nokes
6035,Electric Vehicle Chargepoints,Finance and Contractual Services,Procurement,Contracts Management Group,Sandra Headlam,Robert Fisher,Yes,Yes,Yes,Yes,Goods/Service,Expenditure,"£ 387,912","£ 387,912",£ 0,48,No,No,Delegated Authority,Buy for Best,01/04/2018,01/04/2022,,, Chargemaster Plc  
6031,Aztec - Support Contract,Finance and Contractual Services,Information and Communications Technology ,ICT Management,Phillip Freestone,Joseph Newton,No,No,Yes,No,Goods/Service,Expenditure,"£ 50,000","£ 50,000",£ 0,36,No,No,Delegated Authority,,01/04/2017,01/04/2020,,, Aztec
6029,Assessment Management Tool,Finance and Contractual Services,Human Resources Management,Personal Development,Kelly Knight,Robert Fisher,Yes,No,Yes,No,Goods/Service,Expenditure,"£ 29,680","£ 35,000","(£ 5,320)",25,No,No,Budget Holder Approval,G-cloud 9,26/02/2018,22/04/2020,,, Skillset Ltd
6028,Chemdata Subscription Renewal,Finance and Contractual Services,Information and Communications Technology ,ICT Management,Phillip Freestone,Robert Fisher,Yes,No,Yes,No,Goods/Service,Expenditure,"£ 34,350","£ 34,350",£ 0,12,No,No,Budget Holder Approval,,01/07/2017,01/07/2018,,, Ricardo-AEA Ltd
6025,Supply of Electricity and Ancilliary Services,Finance and Contractual Services,Technical and Service Support,FM Service Delivery Team,Lloyd Bentley,Gillian Maxwell,Yes,Yes,Yes,No,Goods/Service,Expenditure,"£ 1,000,000","£ 1,000,000",£ 0,60,No,No,Delegated Authority,CCS ,01/04/2016,01/04/2021,,, EDF Energy
6019,THE SUPPLY OF PROCUREMENT AND IMPROVEMENT SERVICES,Finance and Contractual Services,Procurement,Contracts Management Group,Mark Atkinson,Lesley Troke,No,No,Yes,No,Goods/Service,Expenditure,"£ 60,000","£ 60,000",£ 0,12,No,No,Head of Procurement approval for single tender action,,03/04/2017,03/04/2018,,, ACTIVE EPROC SOLUTIONS LTD
6017,LFB Training Centre - Communications Consultant,Finance and Contractual Services,Technical and Service Support,Property Supply Chain Management,Rupert Palmer,Michael McCarthy,No,No,Yes,No,Goods/Service,Expenditure,"£ 39,662","£ 20,000","£ 19,662",33,No,No,Committee Decision,,08/06/2017,08/03/2020,,, SP Broadway Ltd  
6016,"License to use 60 car parking spaces at Gallions Reach shopping centre, Beckton",Safety and Assurance,Development and Training,Training Assurance,Jackie Adams-Bonitto,Robert Fisher,Yes,No,Yes,No,Goods/Service,Expenditure,"£ 21,900","£ 21,900",£ 0,12,No,No,Committee Decision,,01/03/2017,01/03/2018,,, INHOCO 3107 Limited
6014,Appointment of interim Head of HR Management,Finance and Contractual Services,Human Resources Management,Commissioner & Directors,Susan Budden,Dean Kinsella,No,No,Yes,Yes,Goods/Service,Expenditure,"£ 160,000","£ 160,000",£ 0,9,Yes,Yes,Head of Procurement approval for single tender action,,10/05/2017,10/02/2018,11/02/2018,29/06/2018, Odgers Interim
6011,LFB Website Managed Support Service,Finance and Contractual Services,Information and Communications Technology ,ICT Management,Phillip Freestone,Dean Kinsella,Yes,No,Yes,No,Goods/Service,Expenditure,"£ 18,334","£ 18,334",£ 0,12,No,No,Budget Holder Approval,,01/04/2017,01/04/2018,,, Clarity Information Solutions
6010,Provision of Occupational Health Services,Finance and Contractual Services,Human Resources Management,Employment Relations,David Amis,Gillian Maxwell,Yes,Yes,Yes,No,Goods/Service,Expenditure,"£ 6,000,000","£ 6,000,000",£ 0,36,No,No,Committee Decision,,05/03/2018,05/03/2021,,, HML Ltd
6006,Esri Gazetteer Support,Finance and Contractual Services,Information and Communications Technology ,ICT Management,Phillip Freestone,Dean Kinsella,Yes,No,Yes,No,Goods/Service,Expenditure,"£ 65,000","£ 65,000",£ 0,36,No,No,Budget Holder Approval,,01/05/2017,01/05/2020,,, ESRI Ltd
6002,ICT Training Passport,Finance and Contractual Services,Information and Communications Technology ,ICT Management,Phillip Freestone,Robert Fisher,No,No,Yes,No,Goods/Service,Expenditure,"£ 25,000","£ 25,000",£ 0,48,No,No,Budget Holder Approval,Desktop and Specialist IT,01/12/2017,01/12/2018,,, QA Ltd
6001,Cognos support renewal ,Finance and Contractual Services,Information and Communications Technology ,ICT Management,Phillip Freestone,Dean Kinsella,No,No,Yes,No,Goods/Service,Expenditure,"£ 120,000","£ 120,000",£ 0,36,No,No,Budget Holder Approval,,01/03/2017,28/02/2018,,, IBM
5999,SharePoint Platform Support,Finance and Contractual Services,Information and Communications Technology ,ICT Management,Phillip Freestone,Joseph Newton,Yes,No,Yes,No,Goods/Service,Expenditure,"£ 147,876","£ 60,000","£ 87,876",12,No,No,Budget Holder Approval,Gcloud 9,20/11/2017,20/11/2019,,, Silversands Limited
5986,Moore Stephens Application Support,Finance and Contractual Services,Information and Communications Technology ,ICT Management,Phillip Freestone,Joseph Newton,Yes,No,Yes,Yes,Goods/Service,Expenditure,"£ 626,806","£ 626,806",£ 0,36,No,No,Budget Holder Approval,,01/04/2017,01/04/2020,,, Moore Stephens LLP
5984,Atkins Support and Development,Finance and Contractual Services,Information and Communications Technology ,ICT Management,Phillip Freestone,Joseph Newton,Yes,Yes,Yes,No,Goods/Service,Expenditure,"£ 385,082","£ 2,560,000","(£ 2,174,918)",36,No,No,Budget Holder Approval,,01/04/2017,01/04/2020,,, Atkins PLC
5983,Microsoft EA Renewal(s),Finance and Contractual Services,Information and Communications Technology ,ICT Management,Phillip Freestone,Joseph Newton,Yes,Yes,Yes,No,Goods/Service,Expenditure,"£ 3,308,762","£ 2,000,000","£ 1,308,762",36,No,No,Budget Holder Approval,,11/12/2017,11/12/2020,,, Phoenix Software
5982,Microsoft Premier Support,Finance and Contractual Services,Information and Communications Technology ,ICT Management,Phillip Freestone,Dean Kinsella,No,No,Yes,No,Goods/Service,Expenditure,"£ 55,000","£ 55,000",£ 0,12,No,No,Budget Holder Approval,,01/04/2017,31/03/2019,,, Microsoft
5980,HR Systems support,Finance and Contractual Services,Human Resources Management,Employment Relations,Patrick Gallagher,Dean Kinsella,No,No,Yes,No,Goods/Service,Expenditure,"£ 10,000","£ 10,000",£ 0,12,No,No,Budget Holder Approval,,17/03/2017,17/03/2018,,, RBI reed business infomation
5979,Citrix – License Increase for email,Finance and Contractual Services,Information and Communications Technology ,ICT Management,Christopher Yiangou,Lesley Troke,Yes,No,Yes,No,Goods/Service,Expenditure,"£ 43,000","£ 43,000",£ 0,24,No,No,Budget Holder Approval,,13/03/2017,01/02/2020,,, Insight Direct (UK) Limited
5978,Renewal of franking machine,Finance and Contractual Services,Information and Communications Technology ,Business Intelligence,David Morris,Dean Kinsella,Yes,No,Yes,No,Goods/Service,Expenditure,"£ 23,000","£ 23,000",£ 0,60,No,No,Head of Procurement approval for single tender action,,23/03/2017,23/03/2022,,, Pitney Bowes
5973,Sidcup Fire Station – Passive fire works  ,Finance and Contractual Services,Technical and Service Support,Project Delivery,Ian McLaughlin,Gerald Dennis,No,No,Yes,No,Works,Expenditure,"£ 64,697","£ 40,000","£ 24,697",2,No,No,Delegated Authority,,31/10/2017,31/12/2017,,, F.A. Clover & Son Ltd
5971,Cardinus Risk Management,Finance and Contractual Services,Information and Communications Technology ,ICT Management,Phillip Freestone,Lesley Troke,Yes,No,Yes,No,Goods/Service,Expenditure,"£ 30,000","£ 30,000",£ 0,36,No,No,Budget Holder Approval,TP2,03/02/2017,03/02/2020,,, Cardinus
5968,"Supply of carpet for LFB HQ 169, Union Street, SE1 0LL",Finance and Contractual Services,Technical and Service Support,Estates & Major Works,John Grey,Dean Kinsella,No,No,Yes,Yes,Goods/Service,Expenditure,"£ 149,400","£ 155,555","(£ 6,155)",12,No,No,Delegated Authority,CCS RM3747 lot 7,16/02/2017,16/02/2018,,, crown flooring
5965,Urban Search and Rescue canine search capability,Safety and Assurance,Operational Policy,Fire Rescue Policy,David O'Neill,Kaya Rajan,No,No,Yes,No,Goods/Service,Expenditure,"£ 6,500","£ 6,500",£ 0,12,No,No,Budget Holder Approval,,13/02/2017,13/02/2018,,, Capital SAR Dogs Ltd
5964,Multi-Disciplinary Professional Services Framework,Finance and Contractual Services,Technical and Service Support,Property Supply Chain Management,Rupert Palmer,Michael McCarthy,Yes,Yes,Yes,No,Goods/Service,Expenditure,"£ 3,500,000","£ 3,500,000",£ 0,48,No,No,Committee Decision,,09/10/2017,09/10/2021,,," The Fulker Consultancy Ltd, Currie & Brown UK Ltd , Frankham Consultancy Group Ltd "
5959,Citrix Renewal,Finance and Contractual Services,Information and Communications Technology ,ICT Management,Christopher Yiangou,Lesley Troke,Yes,No,Yes,No,Goods/Service,Expenditure,"£ 465,000","£ 150,000","£ 315,000",36,No,No,Delegated Authority,Technology Products 2,01/02/2017,01/02/2020,,, Insight Direct
5958,Business Intelligence Future State Architecture,Finance and Contractual Services,Information and Communications Technology ,Technical Projects,Sally Bigland,Hitesh Mistry,No,No,Yes,No,Goods/Service,Expenditure,"£ 55,080","£ 55,080",£ 0,5,No,No,Budget Holder Approval,,24/04/2017,24/12/2017,,, Altius
5957,VM Ware Renewal,Finance and Contractual Services,Information and Communications Technology ,Corporate Procurement Services,Joseph Newton,Lesley Troke,Yes,No,Yes,Yes,Goods/Service,Expenditure,"£ 15,000","£ 15,000",£ 0,12,No,No,Budget Holder Approval,Technology Products 2,17/01/2017,17/01/2018,,, Phoenix
5956,"The Provision of Planned And Reactive Maintenance Work For Appliance Bay Doors, Gates, Barriers And Drill Tower Grills And Shutters ",Finance and Contractual Services,Technical and Service Support,TSS Management,Lloyd Bentley,Michael McCarthy,Yes,Yes,Yes,Yes,Goods/Service,Expenditure,"£ 1,640,000","£ 1,875,000","(£ 235,000)",36,No,No,Committee Decision,,17/06/2017,17/06/2022,,, Arkas Limited 
5953,Control Room Video Wallboard Display,Finance and Contractual Services,Information and Communications Technology ,Brigade Control Management Team,Scott Hayward,Anouska Herman,Yes,No,Yes,No,Goods/Service,Expenditure,"£ 84,796","£ 84,796",£ 0,36,No,No,Budget Holder Approval,,24/03/2018,24/03/2021,,, Christie Digital 
5950,E-Recruitment system,Finance and Contractual Services,Human Resources Management,HR Operations,Kelly Knight,Dean Kinsella,Yes,No,Yes,No,Goods/Service,Expenditure,"£ 80,000","£ 80,000",£ 0,60,No,No,Budget Holder Approval,,01/04/2017,01/04/2022,,, lumesse
5935,Trend ScanMail for MS Exchange Suite Licence,Finance and Contractual Services,Information and Communications Technology ,ICT Management,Phillip Freestone,Joseph Newton,Yes,No,Yes,No,Goods/Service,Expenditure,"£ 13,789","£ 13,789",£ 0,12,No,No,Budget Holder Approval,RM3733 Technology Products 2,01/12/2016,01/12/2019,,, Phoenix
5933,SharePoint Environment Software Support Services Agreement,Finance and Contractual Services,Information and Communications Technology ,ICT Management,Phillip Freestone,Lesley Troke,Yes,No,Yes,Yes,Goods/Service,Expenditure,"£ 179,053","£ 180,000",(£ 947),36,Yes,No,Budget Holder Approval,Business Systems Development Application Support and IT/IS Services Agreement ,19/11/2013,18/11/2016,18/11/2016,18/11/2017, Silversands Limited
5930,SafeEnd security renewal,Finance and Contractual Services,Information and Communications Technology ,Security,Ashley Woodhams,Lesley Troke,Yes,No,Yes,No,Goods/Service,Expenditure,"£ 11,419","£ 15,000","(£ 3,581)",32,No,No,Budget Holder Approval,,31/12/2016,31/08/2019,,, Capita
5925,Multi Function Devices,Finance and Contractual Services,Information and Communications Technology ,ICT Management,Julian Martin,Hitesh Mistry,Yes,No,Yes,No,Goods/Service,Expenditure,"£ 115,000","£ 115,000",£ 0,36,No,No,Budget Holder Approval,"Multifunctional Devices, Managed Print and Content Services and Records and Information Management",30/06/2017,30/06/2020,,, Canon
5924,Replacement/Upgrade of network security products,Finance and Contractual Services,Information and Communications Technology ,Network,Thomas Mohan,Joseph Newton,No,No,Yes,No,Goods/Service,Expenditure,"£ 508,176","£ 500,000","£ 8,176",36,No,No,Budget Holder Approval,,01/02/2017,01/02/2020,,, Bramble CC
5923,Trainee Firefighter Assessment and Selection (Initial Sift),Finance and Contractual Services,Human Resources Management,HR Operations,Kelly Knight,Robert Fisher,Yes,No,Yes,No,Goods/Service,Expenditure,"£ 36,900","£ 36,000",£ 900,36,No,No,Budget Holder Approval,,15/12/2016,15/12/2019,,, Assessment and Development Consultants 
5920,Replacement ICT Password Safe,Finance and Contractual Services,Information and Communications Technology ,Security,Ashley Woodhams,Lesley Troke,Yes,No,Yes,No,Goods/Service,Expenditure,"£ 25,000","£ 80,000","(£ 55,000)",36,No,No,Budget Holder Approval,,01/02/2017,01/02/2020,,, Thycotic
5906,audience response system,Safety and Assurance,Operational Policy,Redbridge (Team),Frazer Ferguson,Robert Fisher,Yes,No,Yes,No,Goods/Service,Expenditure,"£ 9,750","£ 9,750",£ 0,36,No,No,Budget Holder Approval,,01/11/2016,01/11/2019,,, Qwizdom UK Ltd
5905,Provision of Undress Uniform,Finance and Contractual Services,Procurement,Contracts Management Group,Brigitte De Shong,Gillian Maxwell,Yes,Yes,Yes,No,Goods/Service,Expenditure,"£ 275,000","£ 275,000",£ 0,12,No,No,Head of Procurement approval for single tender action,,01/10/2016,01/10/2017,,, Waterfront Ltd
5902,Real Fire Training Venue Specialist,Finance and Contractual Services,Technical and Service Support,AGENCY STAFF (for admin only),Rupert Palmer,Michael McCarthy,Yes,Yes,Yes,No,Goods/Service,Expenditure,"£ 59,905",£ 0,"£ 59,905",10,No,No,Committee Decision,,01/08/2017,01/06/2018,,, Haagen Rookgeneratoren B.V 
5898,Brigade Wide Premises Condition Surveys ,Finance and Contractual Services,Technical and Service Support,FM Service Delivery Team,Bilikisu Mohammed,Gerald Dennis,No,No,Yes,Yes,Goods/Service,Expenditure,"£ 48,000","£ 48,000",£ 0,4,Yes,No,Budget Holder Approval,,22/09/2017,22/01/2018,31/01/2018,31/07/2018, Faithorn Farrell Timms
5894,Design Team Services - Third Training Centre,Finance and Contractual Services,Technical and Service Support,Property Supply Chain Management,Rupert Palmer,Michael McCarthy,No,No,Yes,No,Goods/Service,Expenditure,"£ 170,475","£ 92,000","£ 78,475",26,No,No,Delegated Authority,HCA Multi-Disciplinary Panel,06/01/2017,06/10/2020,,, BDP
5893,Drugs and Alcohol screening,Finance and Contractual Services,Human Resources Management,Employment Relations,Colman Donnelly,Robert Fisher,Yes,No,Yes,Yes,Goods/Service,Expenditure,"£ 10,000","£ 10,000",£ 0,36,No,No,Delegated Authority,,01/11/2016,31/10/2019,,, Alere Toxicology PLC
5892,NOGP - new website and online database,Safety and Assurance,Strategy and Inclusion,National Operational Guidance,Stephen Beakhust,Gillian Maxwell,No,No,Yes,No,Goods/Service,Expenditure,"£ 160,000","£ 160,000",£ 0,18,No,No,Budget Holder Approval,,01/12/2016,01/06/2018,,, Panlogic Ltd
5886,Provision of Insurance Broking Services,Finance and Contractual Services,Finance,Accountancy & Treasury,Peter Risby,Robert Fisher,Yes,No,Yes,No,Goods/Service,Expenditure,"£ 26,500","£ 45,000","(£ 18,500)",36,No,No,Delegated Authority,,01/07/2017,01/07/2020,,, Arthur J. Gallagher Insurance Brokers Limited
5885,Provision of PPE,Finance and Contractual Services,Procurement,Corporate Procurement Services,Gillian Maxwell,Gillian Maxwell,Yes,Yes,Yes,No,Goods/Service,Expenditure,"£ 80,000,000","£ 80,000,000",£ 0,96,No,No,Delegated Authority,Kent PPE Framework,15/10/2018,15/10/2026,,, Bristol Uniforms
5884,Provision of Property and Estates Management Services,Finance and Contractual Services,Technical and Service Support,Estates & Major Works,Paul Greenwood,Michael McCarthy,Yes,Yes,Yes,Yes,Goods/Service,Expenditure,"£ 3,500,000","£ 3,000,000","£ 500,000",42,No,No,Committee Decision,,01/04/2017,01/10/2020,,, Dron & Wright
5883,Hazmat National Operational Guidance Specialist Advisor,Safety and Assurance,Strategy and Inclusion,National Operational Guidance,Simon Davis,Dean Kinsella,No,No,Yes,No,Goods/Service,Expenditure,"£ 13,800","£ 24,782","(£ 10,982)",12,No,No,Head of Procurement approval for single tender action,,02/05/2017,02/05/2018,,, CGE Risk Management Solutions
5879,Website Re-Design,Finance and Contractual Services,Communications,External Communications and Campaigns,Peter Richardson,Anouska Herman,No,Yes,Yes,No,Goods/Service,Expenditure,"£ 250,000","£ 250,000",£ 0,24,No,No,Budget Holder Approval,Digital Marketplace ,01/11/2016,01/11/2018,,, E3 Ltd
5873,Provision of Catering Services,Finance and Contractual Services,Technical and Service Support,Property Supply Chain Management,Paula Taylor,Gillian Maxwell,Yes,No,Yes,Yes,Goods/Service,Expenditure,"£ 200,000","£ 200,000",£ 0,36,No,No,Budget Holder Approval,RM1056,01/04/2017,01/04/2020,,, ESS Government Services
5870,Transcription Services,Finance and Contractual Services,Procurement,Corporate Procurement Services,Gillian Maxwell,Gillian Maxwell,Yes,No,Yes,Yes,Goods/Service,Expenditure,"£ 6,000","£ 6,000",£ 0,36,No,No,Delegated Authority,TfL/91768 - Pan GLA Transcription and General Note Taking Services,01/07/2016,30/06/2019,,, WordWave International Ltd (T/A DTI)
5868,Non Emergency Telephony System,Finance and Contractual Services,Information and Communications Technology ,ICT Management,Julian Martin,Lesley Troke,Yes,No,Yes,No,Goods/Service,Expenditure,"£ 276,454","£ 276,454",£ 0,12,No,No,Delegated Authority,RM1045 Network Services,08/07/2016,01/02/2018,,, Unify Enterprise Communications Ltd
5860,Provision of aerial photography for use in brigade mapping applications,Finance and Contractual Services,Information and Communications Technology ,System Support & Improvement,Ramon Hooper,Lesley Troke,Yes,No,Yes,No,Goods/Service,Expenditure,"£ 23,850","£ 30,000","(£ 6,150)",36,No,No,Budget Holder Approval,,01/09/2016,01/09/2019,,, Getmapping plc
5854,Supply Of Cleaning Services,Finance and Contractual Services,Technical and Service Support,FM Service Delivery Team,Claire Page,Michael McCarthy,Yes,Yes,Yes,Yes,Goods/Service,Expenditure,"£ 6,578,895","£ 5,700,000","£ 878,895",36,No,No,Committee Decision,MOPAC- Building and Facilities Management Lot 1 ,08/10/2016,09/10/2019,,, Interserve (Facilities Management) Ltd
5851,Provision Of Inspection And Maintenance And Occasional Supply Of Gym Equipment,Finance and Contractual Services,Technical and Service Support,FM Service Delivery Team,Claire Page,Michael McCarthy,Yes,Yes,Yes,Yes,Goods/Service,Expenditure,"£ 352,686","£ 450,000","(£ 97,314)",36,No,No,Committee Decision,MOPAC Miscellaneous repair and maintenance services,01/08/2016,01/08/2019,,, Sportsafe U.K Ltd
5850,Supply Of Planned And Reactive Grounds Maintenance Services,Finance and Contractual Services,Technical and Service Support,Leavers,Marguerite Cameron,Robert Fisher,Yes,Yes,Yes,Yes,Goods/Service,Expenditure,"£ 586,660","£ 480,000","£ 106,660",36,No,No,Committee Decision,MOPAC- Building and Facilities Management Services ,01/08/2016,01/08/2019,,, G. Burley & Sons Limited.
5844,Sum Total Cyborg,Finance and Contractual Services,Information and Communications Technology ,ICT Management,Phillip Freestone,Lesley Troke,Yes,Yes,Yes,No,Goods/Service,Expenditure,"£ 509,539","£ 500,000","£ 9,539",60,No,No,Head of Procurement approval for single tender action,,01/03/2016,01/03/2021,,, SumTotal Systems UK Limited
5843,Project Manager and QS / Cost Consultancy Services for Third Training Centre,Finance and Contractual Services,Technical and Service Support,Property Supply Chain Management,Rupert Palmer,Michael McCarthy,Yes,No,Yes,Yes,Goods/Service,Expenditure,"£ 190,000","£ 190,000",£ 0,48,No,No,Budget Holder Approval,NHS Construction Consultancy Framework,17/08/2016,17/08/2020,,, PICK EVERARD
5842,"Annual hosting, support and maintenance of the PMF system",Safety and Assurance,Strategy and Inclusion,Strategy Risk and Engagement,Daniel Ingram,Dean Kinsella,Yes,No,Yes,Yes,Goods/Service,Expenditure,"£ 10,000","£ 10,000",£ 0,24,Yes,No,Head of Procurement approval for single tender action,,01/06/2016,01/06/2018,31/05/2018,31/05/2019, 360 Systems Ltd
5840,Accident Reporting and Recording Software Replacment Provision  ,Safety and Assurance,Health and Safety,Health & Safety,Adrian Bevan,Robert Fisher,Yes,No,Yes,No,Goods/Service,Expenditure,"£ 114,210","£ 30,000","£ 84,210",24,No,No,Delegated Authority,G Cloud 8 ,05/06/2017,05/06/2019,,, Rivo Software Limited 
5839,Supply of Stationery,Finance and Contractual Services,Procurement,Corporate Procurement Services,Gillian Maxwell,Robert Fisher,Yes,No,Yes,Yes,Goods/Service,Expenditure,"£ 100,000","£ 100,000",£ 0,36,No,No,Delegated Authority,CCS RM3703,17/04/2017,17/04/2020,,, Banner Group
5835,Hyperconverged Infrastructure,Finance and Contractual Services,Information and Communications Technology ,ICT Management,Christopher Yiangou,Gillian Maxwell,No,Yes,Yes,No,Goods/Service,Expenditure,"£ 377,185","£ 300,000","£ 77,185",36,No,No,Budget Holder Approval,,14/11/2016,14/11/2019,,, XMA Limited
5833,Windows 10 End-user Computing Gap Analysis,Finance and Contractual Services,Information and Communications Technology ,Technical Projects,Jeremy Sanders-Smith,Joseph Newton,No,No,Yes,No,Goods/Service,Expenditure,"£ 150,000","£ 150,000",£ 0,24,No,No,Budget Holder Approval,G Cloud 7,01/03/2016,01/03/2018,,, Ultima Business Solutions Limited
5817,Temporary Labour,Finance and Contractual Services,Human Resources Management,Employment Relations,Simon Bampfylde,Robert Fisher,Yes,Yes,Yes,No,Goods/Service,Expenditure,"£ 4,000,000","£ 4,000,000",£ 0,27,No,No,Delegated Authority,TfL/90747 Master Vendor for Supply of Temporary and Permanent Workers,01/02/2016,16/06/2018,,, Hays Specialist Recruitment Ltd
5804,Chemical Protection Suits,Safety and Assurance,Operational Policy,Hazmat & Incident Comms Policy,Anthony Farrant,Gillian Maxwell,Yes,Yes,Yes,No,Goods/Service,Expenditure,"£ 1,000,000","£ 1,000,000",£ 0,48,No,No,Budget Holder Approval,CFR1008/CPC ,06/06/2016,06/06/2020,,, Respirex International Ltd
5802,Cycle to Work Scheme,Finance and Contractual Services,Human Resources Management,Employment Relations,Colman Donnelly,Michael McCarthy,Yes,Yes,Yes,No,Goods/Service,Income,"£ 3,000,000","£ 1,000,000","£ 2,000,000",48,No,No,Delegated Authority,,18/04/2017,18/04/2021,,, F.W. Evans Ltd 
5797,Replacement Ff Torches,Operations,Central Operations,Leavers,Darren Levett,Anouska Herman,Yes,No,Yes,No,Goods/Service,Expenditure,"£ 45,000","£ 45,000",£ 0,60,No,No,Delegated Authority,,22/07/2016,22/07/2021,,, Wolf Safety Lamp Company Ltd
5796,FIRE Bag,Safety and Assurance,Operational Policy,Fire Rescue Policy,Thomas Goodall,Hitesh Mistry,Yes,No,Yes,No,Works,Expenditure,"£ 32,976","£ 45,000","(£ 12,024)",60,No,No,Delegated Authority,,29/06/2016,29/06/2021,,, First Products (Sussex) Limited
5788,Bespoke Software Delivery to London Situational Awareness Project,Safety and Assurance,Operational Resilience,Emergency Planning,John Hetherington,Gillian Maxwell,Yes,No,Yes,Yes,Goods/Service,Expenditure,"£ 94,500","£ 94,500",£ 0,24,Yes,Yes,Budget Holder Approval,G-Cloud 7,22/12/2015,22/12/2017,23/12/2017,22/07/2018, GB3 Limited
5785,Provision of Medical Consumables,Finance and Contractual Services,Procurement,Corporate Procurement Services,Gillian Maxwell,Anouska Herman,Yes,Yes,Yes,No,Goods/Service,Expenditure,"£ 200,000","£ 200,000",£ 0,48,No,No,Delegated Authority,"NATIONAL SUPPLY & DELIVERY OF FIRST AID & PHARMACEUTICALS, EMERGENCY LIFE SUPPORT & TRAINING EQUIPMENT AND ASSOCIATED PRODUCTS",11/04/2016,10/04/2020,,, Aero Healthcare Limited 
5784,Supply of Labtops and Tablet Devices,Finance and Contractual Services,Information and Communications Technology ,Technical Projects,Jeremy Sanders-Smith,Lesley Troke,Yes,No,Yes,No,Goods/Service,Expenditure,"£ 150,000","£ 150,000",£ 0,18,No,No,Budget Holder Approval,CCS RM1054 Technology Products,03/11/2016,03/05/2018,,, Specialist Computer Centre PLC
5781,"Maintenance of high pressure breathable oxygen and air compressors, high pressure pipework and associated distribution systems ",Finance and Contractual Services,Technical and Service Support,Protective Equipment Group,Geoffrey Avis,Gillian Maxwell,Yes,Yes,Yes,No,Goods/Service,Expenditure,"£ 175,000","£ 300,000","(£ 125,000)",60,No,No,Budget Holder Approval,,16/09/2016,16/09/2021,,, Gas & Air Services (UK) Limited
5774,Audio and visual technical provision,Finance and Contractual Services,Communications,Ex temps (SPL ADMIN ONLY),Liz O'Hare,Robert Fisher,Yes,No,Yes,No,Goods/Service,Expenditure,"£ 55,063","£ 50,000","£ 5,063",36,No,No,Delegated Authority,,01/03/2016,01/03/2019,,, CVS International 
5764,Replacement of N-Shield Connect,Finance and Contractual Services,Information and Communications Technology ,Server,Adrian Stewart,Lesley Troke,Yes,No,Yes,No,Goods/Service,Expenditure,"£ 28,000","£ 28,000",£ 0,36,No,No,Head of Procurement approval for single tender action,,16/11/2015,16/11/2018,,, Thales E-Security
5760,Library Management System,Finance and Contractual Services,Information and Communications Technology ,Business Intelligence,Andrew Mobbs,Lesley Troke,Yes,No,Yes,No,Goods/Service,Expenditure,"£ 35,550","£ 20,000","£ 15,550",60,No,No,Delegated Authority,,01/02/2016,31/01/2021,,, PTFS Europe Ltd
5757,Heavy Duty Lockers,Finance and Contractual Services,Procurement,Corporate Procurement Services,Lesley Troke,Robert Fisher,Yes,No,Yes,No,Goods/Service,Expenditure,"£ 95,000","£ 95,000",£ 0,60,No,No,Delegated Authority,,01/03/2016,01/03/2021,,, Garran Lockers Limited
5755,Catering Consumables,Finance and Contractual Services,Procurement,Corporate Procurement Services,Lesley Troke,Anouska Herman,Yes,No,Yes,Yes,Goods/Service,Expenditure,"£ 76,000","£ 190,000","(£ 114,000)",24,No,No,Delegated Authority,ESPO Light Catering Framework 97,22/07/2016,22/07/2018,,, NISBETS PLC
5754,Cleaning Consumables,Finance and Contractual Services,Procurement,Corporate Procurement Services,Robert Fisher,Robert Fisher,Yes,No,Yes,No,Goods/Service,Expenditure,"£ 610,000","£ 610,000",£ 0,46,No,No,Delegated Authority,LCSG Framework Agreement for the Porvision of Cleaning Materials and Janitorial Products ,14/11/2016,31/08/2019,,, Greenham 
5752,Respiratory Protective Equipment (RPE) Replacement Components,Finance and Contractual Services,Technical and Service Support,Protective Equipment Group,Geoffrey Avis,Gillian Maxwell,Yes,Yes,Yes,No,Goods/Service,Expenditure,"£ 2,000,000","£ 2,100,000","(£ 100,000)",60,No,No,Budget Holder Approval,,01/07/2016,01/07/2021,,, Draeger Limited
5750,Provision of Gas Automated Meter Reading (AMR) Services,Finance and Contractual Services,Technical and Service Support,FM Service Delivery Team,Lloyd Bentley,Gillian Maxwell,Yes,No,Yes,No,Goods/Service,Expenditure,"£ 50,000","£ 50,000",£ 0,60,No,No,Delegated Authority,CCS Framework RM 896,01/04/2016,01/04/2021,,, Corona Energy
5749,Inspection of Fleet Vehicles,Finance and Contractual Services,Technical and Service Support,FLEET,Trevor Neal,Robert Fisher,Yes,No,Yes,No,Goods/Service,Expenditure,"£ 140,000","£ 140,000",£ 0,36,No,No,Delegated Authority,,01/04/2016,01/04/2019,,, Applus Car Testing Service Ltd
5748,Property Integrator,Finance and Contractual Services,Technical and Service Support,TSS Management,Lloyd Bentley,Michael McCarthy,Yes,Yes,Yes,No,Goods/Service,Expenditure,"£ 13,000,000","£ 13,000,000",£ 0,96,No,No,Delegated Authority,MOPAC Integrator,03/11/2015,03/11/2023,,, KBR Ltd
5739,Lone Worker Protection Services,Operations,Fire Safety (Statutory and Community),FSR Policy Team,Philip Skelton,Robert Fisher,Yes,No,Yes,Yes,Goods/Service,Expenditure,"£ 50,000","£ 80,000","(£ 30,000)",36,No,No,Budget Holder Approval,,04/01/2016,04/01/2019,,, Skyguard Limited
5736,Relocation of LFB Museum,Finance and Contractual Services,Technical and Service Support,Estates & Major Works,John Grey,Michael McCarthy,No,Yes,Yes,No,Goods/Service,Expenditure,"£ 250,000","£ 250,000",£ 0,60,No,No,Committee Decision,,01/06/2016,01/06/2021,,," Premier Moves Ltd, Bishop's Move Ltd"
5732,Provision of Security Services,Finance and Contractual Services,Technical and Service Support,Estates & Major Works,Paul Greenwood,Michael McCarthy,Yes,No,Yes,No,Goods/Service,Expenditure,"£ 640,000","£ 640,000",£ 0,36,No,No,Delegated Authority,CCS Framework 1056,01/01/2016,31/12/2018,,, Mitie Security Limited 
5723,Agreement for the Supply of Electronic Office Supplies ,Finance and Contractual Services,Procurement,Leavers,Keith Cook,Robert Fisher,Yes,No,Yes,No,Goods/Service,Expenditure,"£ 228,000","£ 344,000","(£ 116,000)",48,No,No,Budget Holder Approval,LCSG,31/05/2016,31/05/2020,,, Supplies Team T/A Banner
5722,Redecorations Package 4 - South Small Sites,Finance and Contractual Services,Technical and Service Support,Project Delivery,Francis Daly,Michael McCarthy,Yes,No,Yes,No,Works,Expenditure,"£ 386,295","£ 344,000","£ 42,295",28,No,No,Delegated Authority,LFB,11/12/2015,31/03/2018,,," B Nokes Contracts Ltd , George Jones & Son (Contractors) Ltd"
5721,Redecorations Package 3 - South Large Sites,Finance and Contractual Services,Technical and Service Support,Project Delivery,Francis Daly,Michael McCarthy,Yes,No,Yes,No,Works,Expenditure,"£ 1,218,440","£ 871,000","£ 347,440",28,No,No,Delegated Authority,LFB,11/12/2015,31/03/2018,,," AD Construction Group, Collins Contractors Ltd, George Jones & Son (Contractors) Ltd, PJ Harte (Decorating Contractors) Ltd"
5720,Redecorations Package 2 - North Small Sites,Finance and Contractual Services,Technical and Service Support,Project Delivery,Francis Daly,Michael McCarthy,Yes,No,Yes,No,Works,Expenditure,"£ 382,889","£ 350,000","£ 32,889",28,No,No,Delegated Authority,LFB,11/12/2015,31/03/2018,,," B Nokes Contracts Ltd, Mulalley & Company Ltd, Smith & O'Sullivan Ltd"
5719,Re-development of 8 Albert Embankment,Finance and Contractual Services,Technical and Service Support,Estates & Major Works,Rupert Palmer,Michael McCarthy,No,Yes,Yes,No,Works,Income,"£ 67,000,000","£ 50,000,000","£ 17,000,000",45,No,No,Committee Decision,,24/08/2016,24/05/2020,,, U and I Group PLC 
5718,Re-decoration Framework Package 1 North Large,Finance and Contractual Services,Technical and Service Support,Project Delivery,Francis Daly,Michael McCarthy,Yes,No,Yes,No,Works,Expenditure,"£ 599,760","£ 688,000","(£ 88,240)",28,No,No,Delegated Authority,LFB,11/12/2015,31/03/2018,,," Collins Contractors Ltd, Mulalley & Company Ltd, Smith & O'Sullivan Ltd"
5707,Lay flat hose,Finance and Contractual Services,Technical and Service Support,Protective Equipment Group,Geoffrey Avis,Gillian Maxwell,Yes,No,Yes,Yes,Goods/Service,Expenditure,"£ 300,000","£ 300,000",£ 0,35,Yes,No,Budget Holder Approval,YPO Framework ,01/11/2015,31/10/2018,01/11/2018,31/10/2019, Angus Fire
5706,"Operational research, including modelling, services ",Finance and Contractual Services,Information and Communications Technology ,System Support & Improvement,David Wyatt,Gillian Maxwell,Yes,Yes,Yes,Yes,Goods/Service,Expenditure,£ 0,£ 0,£ 0,60,No,No,Budget Holder Approval,,05/11/2015,05/11/2020,,, Operational Research in Health Ltd (ORH)
5699,Provision of Internet Services,Finance and Contractual Services,Information and Communications Technology ,ICT Management,Julian Martin,Lesley Troke,Yes,No,Yes,Yes,Goods/Service,Expenditure,£ 0,"£ 1,800,000","(£ 1,800,000)",36,No,No,Committee Decision,CCS - PSN Services RM1498 Lot 1,13/07/2015,12/07/2018,,, British Telecommunications plc
5693,Consultancy Services for Control Room Data Sharing,Finance and Contractual Services,Information and Communications Technology ,Technical Projects,Philip Prior,Lesley Troke,Yes,No,Yes,No,Goods/Service,Expenditure,"£ 33,000","£ 33,000",£ 0,36,No,No,Budget Holder Approval,CCS - Consultancy One RM1502 Lot 1,27/04/2015,26/04/2018,,, Mott MacDonald Ltd
5690,Consultancy Services For  Partnership Situational Awareness,Safety and Assurance,Operational Resilience,Emergency Planning,John Hetherington,Robert Fisher,Yes,No,Yes,No,Goods/Service,Expenditure,"£ 49,995","£ 40,000","£ 9,995",36,No,No,Budget Holder Approval,CCS - Consultancy One RM1502 Lot 1,27/04/2015,26/04/2018,,, Mott MacDonald Ltd
5685,Provision of Journals,Finance and Contractual Services,Information and Communications Technology ,Business Intelligence,Andrew Mobbs,Dean Kinsella,No,No,Yes,Yes,Goods/Service,Expenditure,£ 0,"£ 21,000","(£ 21,000)",36,Yes,No,Budget Holder Approval,,19/01/2015,18/01/2018,19/01/2018,18/01/2019, Prenax Ltd
5672,Mobile Data Terminals and Other Devices for Vehicles and Fire Appliances,Finance and Contractual Services,Information and Communications Technology ,ICT Management,Julian Martin,Lesley Troke,Yes,No,Yes,No,Goods/Service,Expenditure,£ 0,"£ 2,540,000","(£ 2,540,000)",48,No,No,Committee Decision,"CCS Framework 
RM1054 Technology Products (Lot 1: Technology Hardware)",01/05/2015,30/04/2019,,," Specialist Computer Centres Plc, Insight Direct (UK) Ltd, ERGO Computing UK Ltd "
5670,The supply and maintenance of digital production printers ,Finance and Contractual Services,Communications,Internal Communications and Events,Justina Leitao,Gillian Maxwell,Yes,No,Yes,No,Goods/Service,Expenditure,£ 0,"£ 60,000","(£ 60,000)",36,No,No,Budget Holder Approval,,03/06/2015,02/06/2018,,, Konica Minolta Ltd
5668,Fuel Cards and Associated Services Framework Agreement RM1027,Finance and Contractual Services,Procurement,Contracts Management Group,David Catchpole,Robert Fisher,Yes,No,Yes,No,Goods/Service,Expenditure,"£ 4,000,000","£ 4,000,000",£ 0,48,No,No,Committee Decision,CCS Framework (CCS ran call off competition),17/01/2015,16/01/2019,,, ALLSTAR BUSINESS SOLUTIONS Ltd
5667,Paper Access Agreement - LCSG Framework,Finance and Contractual Services,Procurement,Corporate Procurement Services,Gillian Maxwell,Gillian Maxwell,Yes,No,Yes,No,Goods/Service,Expenditure,£ 0,£ 0,£ 0,48,No,No,Budget Holder Approval,,01/11/2014,31/10/2018,,, Office Depot
5660,Undress Uniform: Blue Shirts,Finance and Contractual Services,Procurement,Corporate Procurement Services,Gillian Maxwell,Gillian Maxwell,Yes,No,Yes,Yes,Goods/Service,Expenditure,"£ 35,000","£ 35,000",£ 0,60,No,No,Head of Procurement approval for single tender action,,01/12/2014,30/11/2019,,, Burlington Uniforms Ltd
5656,Provision of a Wide Area Network,Finance and Contractual Services,Information and Communications Technology ,ICT Management,Julian Martin,Gillian Maxwell,Yes,No,Yes,Yes,Goods/Service,Expenditure,"£ 2,699,077","£ 2,500,000","£ 199,077",36,No,No,Committee Decision,CCS RM860,01/07/2015,30/06/2018,,, BT PLC
5648,Childcare Vouchers,Finance and Contractual Services,Human Resources Management,Employment Relations,Colman Donnelly,Dean Kinsella,Yes,No,Yes,No,Goods/Service,Expenditure,£ 0,£ 0,£ 0,48,No,No,Committee Decision,HTE Europe ,08/11/2014,07/11/2018,,, EdenRed UK Group
5643,Fired-Up Framework Agreement - Supply of Equipment Tagging System,Finance and Contractual Services,Procurement,Leavers,Abigail Semple,Robert Fisher,No,Yes,Yes,No,Goods/Service,Expenditure,"£ 20,000,000","£ 20,000,000",£ 0,48,No,No,Committee Decision,Framework Agreement with Single Operator,07/11/2014,07/11/2018,,, JV Facility Ltd. 
5642,Fired-Up Framework Agreement - Supply of Vehicle Telematics Hardware and Software,Finance and Contractual Services,Procurement,Leavers,Abigail Semple,Gillian Maxwell,No,Yes,Yes,No,Goods/Service,Expenditure,"£ 20,000,000","£ 20,000,000",£ 0,48,No,No,Committee Decision,Framework Agreement with Single Operator,07/11/2014,07/11/2018,,, Airwave Solutions Ltd. 
5638,E-Tendering software,Finance and Contractual Services,Procurement,Corporate Procurement Services,Gillian Maxwell,Michael McCarthy,Yes,No,Yes,No,Goods/Service,Expenditure,£ 0,"£ 10,000","(£ 10,000)",48,No,No,Budget Holder Approval,,01/01/2015,31/12/2018,,, EU Supply
5633,Citrix NetScaler and Associated Maintenance,Finance and Contractual Services,Information and Communications Technology ,ICT Management,Julian Martin,Lesley Troke,Yes,No,Yes,No,Goods/Service,Expenditure,"£ 76,181","£ 76,181",£ 0,36,No,No,Budget Holder Approval,CCS RM721/L1 (CITHS),09/10/2014,08/10/2017,,, Kelway UK Ltd
5631,De-polluted cars,Finance and Contractual Services,Procurement,Corporate Procurement Services,Gillian Maxwell,Robert Fisher,Yes,No,Yes,No,Goods/Service,Expenditure,£ 0,£ 0,£ 0,48,No,No,Budget Holder Approval,,01/02/2015,31/01/2019,,, E&SB Davis
5625,"Supply, Delivery, Collection and Disposal of Firefighting Foam and Containers",Safety and Assurance,Operational Policy,Career Breaks,Catherine Bray,Anouska Herman,Yes,No,Yes,Yes,Goods/Service,Expenditure,"£ 60,000",£ 0,"£ 60,000",36,No,No,Delegated Authority,,17/04/2015,16/04/2018,,, Angus Fire
5624,"Supply, Delivery, Collection and Disposal of Firefighting Foam and Containers",Safety and Assurance,Operational Policy,Career Breaks,Catherine Bray,Robert Fisher,Yes,No,Yes,Yes,Goods/Service,Expenditure,£ 0,£ 0,£ 0,36,No,No,Head of Procurement approval for single tender action,,17/04/2015,16/04/2018,,, Auxquimia S.A
5621,Provision of merchandising and promotional items,Finance and Contractual Services,Communications,Leavers,Emma Francis,Anouska Herman,Yes,No,Yes,No,Goods/Service,Expenditure,"£ 120,000","£ 120,000",£ 0,48,No,No,Committee Decision,,15/12/2014,14/12/2018,,, Supplies Team
5620,Supply of high visibility surcoats and role badge inserts,Safety and Assurance,Operational Policy,FLEET,Gary Hopkins,Gillian Maxwell,Yes,No,Yes,No,Goods/Service,Expenditure,£ 0,£ 0,£ 0,60,No,No,Budget Holder Approval,,10/09/2015,09/09/2020,,, B & A Textiles Ltd
5616,RE-FIT Phase 3,Finance and Contractual Services,Technical and Service Support,FM Service Delivery Team,Lloyd Bentley,Michael McCarthy,Yes,No,Yes,No,Works,Expenditure,"£ 1,842,667","£ 1,842,667",£ 0,36,No,No,Budget Holder Approval,Refit,01/04/2015,31/03/2018,,, Imtech
5615,Electric Vehicle Chargepoints,Finance and Contractual Services,Technical and Service Support,Sustainable Development,Nicole Fletcher,Dean Kinsella,Yes,No,Yes,No,Goods/Service,Expenditure,"£ 50,000","£ 790,000","(£ 740,000)",44,No,No,Committee Decision,Buy for Good (C0096),11/08/2014,31/03/2018,,, Chargemaster Plc
5612,Business Name Dataset Compatible with AddressBase Premium,Finance and Contractual Services,Information and Communications Technology ,System Support & Improvement,Christopher O'Connor,Lesley Troke,Yes,No,Yes,Yes,Goods/Service,Expenditure,"£ 43,000","£ 100,000","(£ 57,000)",24,Yes,No,Budget Holder Approval,,01/11/2014,31/10/2016,01/11/2016,31/10/2018, Aligned Assets Ltd
5607,Liquid Tight Suits,Safety and Assurance,Operational Policy,ICT Management,Philip Prior,Gillian Maxwell,Yes,No,Yes,Yes,Goods/Service,Expenditure,£ 0,"£ 120,000","(£ 120,000)",36,Yes,No,Budget Holder Approval,,01/10/2014,30/09/2017,01/10/2017,30/09/2018, Respirex International 
5602,E-recruitment Software support ,Finance and Contractual Services,Human Resources Management,Personal Development,Angela Hale,Dean Kinsella,No,No,Yes,No,Goods/Service,Expenditure,"£ 30,500","£ 25,000","£ 5,500",0,No,No,Head of Procurement approval for single tender action,,01/04/2014,31/03/2018,,," TMP (UK) Ltd, 6 Stages Ltd"
5601,"Risk, Assurance & Technical Authoring",Safety and Assurance,Strategy and Inclusion,Corporate Procurement Services,Gillian Maxwell,Gillian Maxwell,Yes,Yes,Yes,No,Goods/Service,Expenditure,"£ 800,000","£ 800,000",£ 0,48,No,No,Committee Decision,,06/06/2014,05/06/2018,,," Serco Ltd, DNV Ltd, Slate Marketing Ltd"
5582,Provision of Portable Hygiene Units,Operations,Central Operations,Leavers,Ian Mcdonell,Hitesh Mistry,Yes,No,Yes,Yes,Goods/Service,Expenditure,£ 0,£ 0,£ 0,36,No,No,Budget Holder Approval,,01/12/2014,30/11/2017,,, Euroloos Ltd
5581,Provision of anti-entanglement Breathing Apparatus cylinder covers,Finance and Contractual Services,Technical and Service Support,Protective Equipment Group,Geoffrey Avis,Samantha Groves,No,No,Yes,Yes,Goods/Service,Expenditure,"£ 41,090","£ 49,000","(£ 7,910)",36,Yes,No,Budget Holder Approval,,01/05/2014,30/04/2019,30/04/2017,30/04/2019, Ulster Supported Employment Ltd
5571,Supply of ICT Hardware Support and Maintenance Services,Finance and Contractual Services,Information and Communications Technology ,ICT Management,Julian Martin,Lesley Troke,Yes,No,Yes,No,Goods/Service,Expenditure,"£ 1,737,870","£ 1,500,000","£ 237,870",60,No,No,Committee Decision,GPS,28/02/2014,27/02/2019,,, Computacenter (UK) Ltd
5558,Scientific Services,Finance and Contractual Services,Procurement,Contracts Management Group,Justin Ali,Gillian Maxwell,Yes,Yes,Yes,Yes,Goods/Service,Expenditure,"£ 3,526,200","£ 3,530,829","(£ 4,629)",36,Yes,No,Committee Decision,,01/03/2014,28/02/2017,28/02/2017,28/02/2018, Bureau Veritas UK Ltd
5554,Rank and Role Markings,Finance and Contractual Services,Procurement,Corporate Procurement Services,Gillian Maxwell,Gillian Maxwell,Yes,No,Yes,Yes,Goods/Service,Expenditure,£ 0,£ 0,£ 0,36,Yes,No,Committee Decision,,01/03/2014,28/02/2017,28/02/2017,28/02/2019, Wyedean Weaving Co Ltd
5550,Property PFI Project,Finance and Contractual Services,Technical and Service Support,Leavers,Marguerite Cameron,Michael McCarthy,Yes,No,Yes,No,Goods/Service,Expenditure,£ 0,£ 0,£ 0,330,No,No,Committee Decision,,01/08/2013,04/02/2041,,, Blue3 (London) Ltd
5529,Vehicle Inspections and Fitting of Blues and Twos,Finance and Contractual Services,Procurement,Vehicle Administration,Floyd Phillip,Robert Fisher,Yes,No,Yes,Yes,Goods/Service,Expenditure,£ 0,"£ 130,000","(£ 130,000)",43,Yes,No,Budget Holder Approval,,01/12/2013,30/06/2017,01/07/2017,30/06/2018, Pullman Motors
5522,Fleet and Operational Equipment Items Management and Maintenance Contract,Finance and Contractual Services,Procurement,Contracts Management Group,Jonathan Reid,Gillian Maxwell,Yes,Yes,Yes,Yes,Goods/Service,Expenditure,"£ 162,273,000","£ 169,000,000","(£ 6,727,000)",252,No,No,Committee Decision,,13/11/2014,12/11/2035,,, Babcock Critical Services Ltd
5505,Emergency Fire Crew Capability Services,Finance and Contractual Services,Procurement,Corporate Procurement Services,Gillian Maxwell,Gillian Maxwell,Yes,Yes,Yes,Yes,Goods/Service,Expenditure,£ 0,"£ 20,000,000","(£ 20,000,000)",72,No,No,Committee Decision,,13/11/2014,12/11/2020,,, Securitas Security Services (UK) Ltd
5504,Provision of Cable Cutter Pouches,Safety and Assurance,Operational Policy,Croydon (Team),Philip Morton,Hitesh Mistry,Yes,No,Yes,Yes,Goods/Service,Expenditure,£ 0,"£ 16,000","(£ 16,000)",36,Yes,No,Budget Holder Approval,,09/09/2013,08/09/2016,08/09/2016,08/09/2018, First Products (Sussex) Ltd
5501,Provision of Guardian Services at Authority Premises,Finance and Contractual Services,Technical and Service Support,Estates & Major Works,Paul Greenwood,Anouska Herman,Yes,Yes,Yes,Yes,Goods/Service,Expenditure,"£ 190,000",£ 0,"£ 190,000",36,Yes,No,Committee Decision,,01/10/2013,30/09/2016,01/10/2017,30/09/2018, Vigilance Properties Ltd
5479,White Shirts and T Shirts,Finance and Contractual Services,Procurement,Corporate Procurement Services,Gillian Maxwell,Gillian Maxwell,Yes,Yes,Yes,Yes,Goods/Service,Expenditure,£ 0,"£ 122,000","(£ 122,000)",36,Yes,No,Committee Decision,,01/08/2013,31/07/2016,01/08/2016,31/07/2018," Hunter Apparel&#x0D;
Burlington Uniforms "
5458,Provision of Insurance  Services,Finance and Contractual Services,Finance,Accountancy & Treasury,Peter Risby,Robert Fisher,Yes,Yes,Yes,Yes,Goods/Service,Expenditure,£ 0,£ 0,£ 0,60,Yes,No,Committee Decision,,01/07/2013,30/06/2016,30/06/2016,30/06/2018, Risk Management Partners Ltd
5444,Written schemes of examination for high pressure air systems,Finance and Contractual Services,Technical and Service Support,Protective Equipment Group,Geoffrey Avis,Janet Finn,No,No,Yes,Yes,Goods/Service,Expenditure,"£ 20,400","£ 45,000","(£ 24,600)",36,Yes,No,Budget Holder Approval,,01/01/2013,31/12/2015,31/12/2015,31/12/2017, Gas & Air Services UK
5436,Laundry & Dry Cleaning,Finance and Contractual Services,Procurement,Contracts Management Group,Justin Ali,Anouska Herman,Yes,No,Yes,Yes,Goods/Service,Expenditure,"£ 450,000","£ 450,000",£ 0,48,Yes,No,Budget Holder Approval,,01/02/2013,31/01/2017,31/01/2017,31/01/2018, Sunlight (now Berendsen)
5422,Occupational Health,Finance and Contractual Services,Human Resources Management,Employment Relations,David Amis,Gillian Maxwell,Yes,Yes,Yes,Yes,Goods/Service,Expenditure,"£ 3,600,000","£ 3,600,000",£ 0,36,Yes,No,Committee Decision,,01/04/2013,31/03/2016,01/04/2016,04/03/2018, Healthcare Management Ltd
5414,Station Based Workwear,Finance and Contractual Services,Procurement,Corporate Procurement Services,Gillian Maxwell,Gillian Maxwell,Yes,Yes,Yes,Yes,Goods/Service,Expenditure,£ 0,£ 0,£ 0,36,Yes,No,Committee Decision,,01/07/2013,30/06/2016,01/07/2016,30/06/2018," Hunter Apparel&#x0D;
Burlington Uniforms "
5390,Provision of Stand-by  bags,Finance and Contractual Services,Procurement,Corporate Procurement Services,Gillian Maxwell,Dean Kinsella,Yes,Yes,Yes,Yes,Goods/Service,Expenditure,"£ 180,000","£ 180,000",£ 0,48,Yes,No,Budget Holder Approval,,15/12/2012,14/12/2016,14/12/2016,14/12/2018, Business Image Ltd
5350,Control and Mobilising Services,Finance and Contractual Services,Procurement,Corporate Procurement Services,Gillian Maxwell,Gillian Maxwell,Yes,Yes,Yes,Yes,Goods/Service,Expenditure,"£ 19,601,893","£ 17,500,000","£ 2,101,893",120,No,No,Committee Decision,,01/08/2012,01/08/2022,,, Capita Secure Information Solutions Ltd
5315,Hard FM Contracts,Finance and Contractual Services,Technical and Service Support,Leavers,Marguerite Cameron,Michael McCarthy,Yes,Yes,Yes,Yes,Works,Expenditure,"£ 14,947,370","£ 14,947,370",£ 0,60,Yes,No,Committee Decision,,01/04/2012,31/03/2017,01/04/2018,31/03/2019," ENGIE Services Ltd, Kier Facilities Services Ltd (lot 2)"
5300,Provision of a Managed Archived Records Storage Service,Finance and Contractual Services,Information and Communications Technology ,Business Intelligence,David Morris,Hitesh Mistry,Yes,No,Yes,Yes,Goods/Service,Expenditure,"£ 175,000","£ 280,000","(£ 105,000)",60,Yes,No,Budget Holder Approval,,02/06/2011,01/06/2016,31/05/2017,01/06/2018, Document Warehouse (previously NEXUS Property Solutions Ltd )
5290,FOfT,Finance and Contractual Services,Procurement,Contracts Management Group,Jonathan Reid,Gillian Maxwell,Yes,Yes,Yes,No,Goods/Service,Expenditure,"£ 366,705,402","£ 366,705,402",£ 0,120,No,No,Committee Decision,,01/04/2012,31/03/2022,,, Babcock Training Ltd
5278,"Provision of the Preservation, Digitisation and Marketing of LFB's Photographic Archive",Finance and Contractual Services,Information and Communications Technology ,Enterprise Application Delivery,Robert Stansbie,Hitesh Mistry,Yes,No,Yes,Yes,Goods/Service,Income,"£ 10,000","£ 70,000","(£ 60,000)",60,Yes,No,Budget Holder Approval,,25/07/2011,24/07/2016,24/07/2016,24/07/2018, Mary Evans Picture Library
5059,Waste collection service for discarded hosing materials,Finance and Contractual Services,Procurement,Sustainable Development,Nicole Fletcher,Robert Fisher,Yes,No,Yes,Yes,Goods/Service,Expenditure,£ 0,£ 0,£ 0,60,Yes,No,Committee Decision,,01/04/2009,01/04/2014,,01/04/2019, Eako Limited
4907,Provision of Banking Services,Finance and Contractual Services,Finance,Budget,Rory Murphy,Anouska Herman,Yes,No,Yes,Yes,Goods/Service,Expenditure,"£ 27,693","£ 33,000","(£ 5,307)",36,Yes,No,Standing Order,,01/07/2008,30/06/2016,30/06/2016,30/06/2018, The Royal Bank of Scotland plc
4877,Provision of PPE,Safety and Assurance,Operational Policy,Leavers,Ian Mcdonell,Gillian Maxwell,Yes,Yes,Yes,Yes,Goods/Service,Expenditure,"£ 16,000,000","£ 24,000,000","(£ 8,000,000)",96,Yes,No,Committee Decision,,16/10/2008,15/10/2016,15/10/2016,15/10/2018, Bristol Uniforms Ltd.
4762,Hire of trucks for BDC,Finance and Contractual Services,Procurement,Corporate Procurement Services,Brendan O'Sullivan,Robert Fisher,Yes,No,Yes,Yes,Goods/Service,Expenditure,"£ 27,000","£ 38,000","(£ 11,000)",84,Yes,No,Delegated Authority,,12/12/2007,11/12/2014,30/03/2017,30/03/2018, Toyota Material Handling UK Rental Ltd
,,,,,,,,,,,,,,,,,,,,,,,,,
