Order Number,Date,Order value,Order Description,Location,Supplier,Unit Cost,Order Quantity,Line Cost,Order Number Grouped,Total Order Cost
TSE/53644,01/12/14,5439.65,PPE PAYMENTS - BRISTOL UNIFORMS LTD,SERVICE DELIVERY GRP (2 US),BRISTOL UNIFORMS LTD==========,"5,439.65",1.00,"5,439.65",TSE/53644,"5,439.65"
PGS/09208,02/12/14,7090.50,FPS 7000 FACEMASK - MASK BODY EPDM-M FPS 7000,P.E. GROUP,DRAEGER SAFETY UK LIMITED=====,28.37,150.00,"4,255.50",PGS/09208,"7,090.50"
PGS/09208,02/12/14,7090.50,FPS7000 FACEMASK - HEAD STRAP M/L CR BLACK,P.E. GROUP,DRAEGER SAFETY UK LIMITED=====,13.59,150.00,"2,038.50",,
PGS/09208,02/12/14,7090.50,FPS 7000 FACEMASK CLAMP F2.,P.E. GROUP,DRAEGER SAFETY UK LIMITED=====,5.31,150.00,796.50,,
TSE/53664,02/12/14,9219.00,AGENCY WORKERS - FRS          INITIAL PLACEMENT,TSS - MANAGMENT,ADECCO UK LIMITED=============,21.95,420.00,"9,219.00",TSE/53664,"9,219.00"
TSE/53703,03/12/14,6000.00,POSTAL/COURIER SERVICES (HQ)  - PEGASUS COURIERS,IMD MAIL SERVICES (G US),CHAIN GANG,1.00,"6,000.00","6,000.00",TSE/53703,"6,000.00"
TSE/53711,03/12/14,5275.20,AGENCY WORKERS - FRS          INITIAL PLACEMENT,HR OPERATIONS PERSONNEL (1 US),ADECCO UK LIMITED=============,12.56,420.00,"5,275.20",TSE/53711,"5,275.20"
PGS/09215,04/12/14,6068.00,TO REPAIR EPDS,P.E. GROUP,THERMO FISHER SCIENTIFIC MESST,121.00,50.00,"6,050.00",PGS/09215,"6,068.00"
PGS/09215,04/12/14,6068.00,CARRIAGE,P.E. GROUP,THERMO FISHER SCIENTIFIC MESST,18.00,1.00,18.00,,
PSP/19207,04/12/14,6140.00,SECURITY PATROLS  IN SE/SW - CAPITAL GUARD,PROPERTY SERVICES (3 US),SERVOCA SECURE SOLUTIONS LTD,"5,592.60",1.00,"5,592.60",PSP/19207,"6,140.00"
PSP/19207,04/12/14,6140.00,SECURITY STANDBY CREW,PROPERTY SERVICES (3 US),SERVOCA SECURE SOLUTIONS LTD,547.40,1.00,547.40,,
TSE/53755,04/12/14,7436.71,SUBSCRIPTIONS FOR PUBLICATIONSVIA LFEPA LIBRARY SERVICES,IMD LIBRARY SERVICES (LG US),UBM INFORMATION LTD,"7,436.71",1.00,"7,436.71",TSE/53755,"7,436.71"
PSP/19220,08/12/14,5737.00,"FLOORING REPLACEMENT WITHIN RORM, KITCHEN, REC RM-GREENWICH",GREENWICH FIRE STATION,CARPETS & FLOOR COVERS DIRECT=,"5,737.00",1.00,"5,737.00",PSP/19220,"5,737.00"
ITM/01804,09/12/14,5970.00,COMTRADE SUPPORT RENEWAL TO 15.1.16,IT CONTRACT MANAGEMNT (1 US),ESTEEM SYSTEMS LTD============,"5,970.00",1.00,"5,970.00",ITM/01804,"5,970.00"
PSP/19222,09/12/14,7293.27,AUTHORITY WIDE - SECURITY ACCESS MAINTENANCE CONTRACT,PROPERTY SERVICES (3 US),G4S FIRE & SECURITY SYSTEMS UK,"7,293.27",1.00,"7,293.27",PSP/19222,"7,293.27"
PSP/19224,09/12/14,7550.00,"GUTTERS, HOPPERS, ACCO DRAINAGE CLEANING - ERITH FS",PROPERTY SERVICES (3 US),MOOLANDS LTD,755.00,1.00,755.00,PSP/19224,"7,550.00"
PSP/19224,09/12/14,7550.00,"GUTTERS, HOPPERS, ACCO DRAINAGE CLEANING - BEXLEY FS",PROPERTY SERVICES (3 US),MOOLANDS LTD,755.00,1.00,755.00,,
PSP/19224,09/12/14,7550.00,"GUTTERS, HOPPERS, ACCO DRAINAGE CLEANING - SIDCUP FS",PROPERTY SERVICES (3 US),MOOLANDS LTD,755.00,1.00,755.00,,
PSP/19224,09/12/14,7550.00,"GUTTERS, HOPPERS, ACCO DRAINAGE CLEANING - GREENWICH FS",PROPERTY SERVICES (3 US),MOOLANDS LTD,755.00,1.00,755.00,,
PSP/19224,09/12/14,7550.00,"GUTTERS, HOPPERS, ACCO DRAINAGE CLEANING - FOREST HILL FS",PROPERTY SERVICES (3 US),MOOLANDS LTD,755.00,1.00,755.00,,
PSP/19224,09/12/14,7550.00,"GUTTERS, HOPPERS, ACCO DRAINAGE CLEANING - BATTERSEA FS",PROPERTY SERVICES (3 US),MOOLANDS LTD,755.00,1.00,755.00,,
PSP/19224,09/12/14,7550.00,"GUTTERS, HOPPERS, ACCO DRAINAGE CLEANING - CLAPHAM FS",PROPERTY SERVICES (3 US),MOOLANDS LTD,755.00,1.00,755.00,,
PSP/19224,09/12/14,7550.00,"GUTTERS, HOPPERS, ACCO DRAINAGE CLEANING - NORTH KENSINGTON",PROPERTY SERVICES (3 US),MOOLANDS LTD,755.00,1.00,755.00,,
PSP/19224,09/12/14,7550.00,"GUTTERS, HOPPERS, ACCO DRAINAGE CLEANING - CHELSEA FS",PROPERTY SERVICES (3 US),MOOLANDS LTD,755.00,1.00,755.00,,
PSP/19224,09/12/14,7550.00,"GUTTERS, HOPPERS, ACCO DRAINAGE CLEANING - WANDSWORTH FS",PROPERTY SERVICES (3 US),MOOLANDS LTD,755.00,1.00,755.00,,
PSP/19225,09/12/14,7600.00,"GUTTERS, HOPPERS, ACCO DRAINAGE CLEANING - ROMFORD FS",PROPERTY SERVICES (3 US),FAHEY BUILDERS LTD============,760.00,1.00,760.00,PSP/19225,"7,600.00"
PSP/19225,09/12/14,7600.00,"GUTTERS, HOPPERS, ACCO DRAINAGE CLEANING - EAST HAM FS",PROPERTY SERVICES (3 US),FAHEY BUILDERS LTD============,760.00,1.00,760.00,,
PSP/19225,09/12/14,7600.00,"GUTTERS, HOPPERS, ACCO DRAINAGE CLEANING - POPLAR FS",PROPERTY SERVICES (3 US),FAHEY BUILDERS LTD============,760.00,1.00,760.00,,
PSP/19225,09/12/14,7600.00,"GUTTERS, HOPPERS, ACCO DRAINAGE CLEANING - BETHNAL GREEN FS",PROPERTY SERVICES (3 US),FAHEY BUILDERS LTD============,760.00,1.00,760.00,,
PSP/19225,09/12/14,7600.00,"GUTTERS, HOPPERS, ACCO DRAINAGE CLEANING - BARNET FS",PROPERTY SERVICES (3 US),FAHEY BUILDERS LTD============,760.00,1.00,760.00,,
PSP/19225,09/12/14,7600.00,"GUTTERS, HOPPERS, ACCO DRAINAGE CLEANING - FINCHLEY FS",PROPERTY SERVICES (3 US),FAHEY BUILDERS LTD============,760.00,1.00,760.00,,
PSP/19225,09/12/14,7600.00,"GUTTERS, HOPPERS, ACCO DRAINAGE CLEANING - HORNSEY FS",PROPERTY SERVICES (3 US),FAHEY BUILDERS LTD============,760.00,1.00,760.00,,
PSP/19225,09/12/14,7600.00,"GUTTERS, HOPPERS, ACCO DRAINAGE CLEANING - HOLLOWAY FS",PROPERTY SERVICES (3 US),FAHEY BUILDERS LTD============,760.00,1.00,760.00,,
PSP/19225,09/12/14,7600.00,"GUTTERS, HOPPERS, ACCO DRAINAGE CLEANING - KENTISH TOWN FS",PROPERTY SERVICES (3 US),FAHEY BUILDERS LTD============,760.00,1.00,760.00,,
PSP/19225,09/12/14,7600.00,"GUTTERS, HOPPERS, ACCO DRAINAGE CLEANING - STANMORE FS",PROPERTY SERVICES (3 US),FAHEY BUILDERS LTD============,760.00,1.00,760.00,,
PSP/19226,09/12/14,8694.50,REHABILITATION RELOCATION - PADDINGTON FIRE STATION,PADDINGTON FIRE STATION,B NOKES CONTRACTS LTD,"8,694.50",1.00,"8,694.50",PSP/19226,"8,694.50"
PSP/19235,11/12/14,7954.50,STRATFORD FIRE STATION - NEW TOP BOXES AND GEAR HANGING,STRATFORD FIRE STATION,B NOKES CONTRACTS LTD,"7,954.50",1.00,"7,954.50",PSP/19235,"7,954.50"
PSP/19239,12/12/14,9071.94,GENERATOR REMEDIAL WORKS - BRIXTON FIRE STATION,PROPERTY SERVICES (3 US),KIER BUILDING SERV ENGINEERS==,503.94,1.00,503.94,PSP/19239,"9,071.94"
PSP/19239,12/12/14,9071.94,GENERATOR REMEDIAL WORKS - GREENWICH FIRE STATION,PROPERTY SERVICES (3 US),KIER BUILDING SERV ENGINEERS==,598.54,1.00,598.54,,
PSP/19239,12/12/14,9071.94,"GENERATOR REMEDIAL WORKS,DISTRIBUTION BOARD - LAMBETH FS",PROPERTY SERVICES (3 US),KIER BUILDING SERV ENGINEERS==,539.28,1.00,539.28,,
PSP/19239,12/12/14,9071.94,GENERATOR REMEDIAL WORKS - LEWISHAM FIRE STATION,PROPERTY SERVICES (3 US),KIER BUILDING SERV ENGINEERS==,"2,644.96",1.00,"2,644.96",,
PSP/19239,12/12/14,9071.94,GENERATOR REMEDIAL WORKS - PLUMSTEAD FIRE STATION,PROPERTY SERVICES (3 US),KIER BUILDING SERV ENGINEERS==,563.34,1.00,563.34,,
PSP/19239,12/12/14,9071.94,GENERATOR REMEDIAL WORKS - WANDSWORTH FIRE STATION,PROPERTY SERVICES (3 US),KIER BUILDING SERV ENGINEERS==,"3,002.88",1.00,"3,002.88",,
PSP/19239,12/12/14,9071.94,GENERATOR REMEDIAL WORKS - SHOOTERS HILL,PROPERTY SERVICES (3 US),KIER BUILDING SERV ENGINEERS==,"1,219.00",1.00,"1,219.00",,
TSE/53916,12/12/14,9084.60,AGENCY WORKERS - FRS          EXTENSION OF PLACEMENT,IT CUSTOMER SUPPORT (1 US),ADECCO UK LIMITED=============,21.63,420.00,"9,084.60",TSE/53916,"9,084.60"
TSE/53936,12/12/14,8000.00,EYE TEST COSTS -              CITY UNIVERSITY,HR EMPLOYEE RELAT'NS MS (1 US),CITY UNIVERSITY===============,1.00,"8,000.00","8,000.00",TSE/53936,"8,000.00"
PSP/19245,15/12/14,5650.00,"JOINT AND CONCRETE DRILL YARD REPAIRS, MATERIAL - ENFIELD FS",ENFIELD FIRE STATION,BOURNE CONSTRUCTION COMPANY,"3,400.00",1.00,"3,400.00",PSP/19245,"5,650.00"
PSP/19245,15/12/14,5650.00,"JOINT AND CONCRETE DRILL YARD REPAIRS, LABOUR - ENFIELD FS",ENFIELD FIRE STATION,BOURNE CONSTRUCTION COMPANY,"2,250.00",1.00,"2,250.00",,
PSP/19251,16/12/14,5163.68,BARKING FIRE STATION - DRAINAGE COVER AND AIRBRICK REPAIRS,PROPERTY SERVICES (3 US),COFELY WORKPLACE LIMITED,253.00,1.00,253.00,PSP/19251,"5,163.68"
PSP/19251,16/12/14,5163.68,BETHNAL GREEN FS - REPAIRS TO SMASHED GLASS,PROPERTY SERVICES (3 US),COFELY WORKPLACE LIMITED,231.00,1.00,231.00,,
PSP/19251,16/12/14,5163.68,BOW FIRE STATION - FOLLOW UP REPAIRS,PROPERTY SERVICES (3 US),COFELY WORKPLACE LIMITED,566.50,1.00,566.50,,
PSP/19251,16/12/14,5163.68,CHELSEA FS - HOT WATER HIGH TEMPERATURE AND SINK REPAIRS,PROPERTY SERVICES (3 US),COFELY WORKPLACE LIMITED,194.48,1.00,194.48,,
PSP/19251,16/12/14,5163.68,EAST HAM FIRE STATION - CHP TEMPERATURE TOO LOW,PROPERTY SERVICES (3 US),COFELY WORKPLACE LIMITED,33.48,1.00,33.48,,
PSP/19251,16/12/14,5163.68,EDMONTON FS - LEAKING ROOF AND CAT2 LEAKING OUTLET REPAIRS,PROPERTY SERVICES (3 US),COFELY WORKPLACE LIMITED,777.26,1.00,777.26,,
PSP/19251,16/12/14,5163.68,ENFIELD FIRE STATION - SHOWER HEAD LEAK REPAIRS,PROPERTY SERVICES (3 US),COFELY WORKPLACE LIMITED,23.58,1.00,23.58,,
PSP/19251,16/12/14,5163.68,FINCHLEY FIRE STATION - ROTTING WINDOW FRAME REPAIR,PROPERTY SERVICES (3 US),COFELY WORKPLACE LIMITED,451.00,1.00,451.00,,
PSP/19251,16/12/14,5163.68,HAMMERSMITH FIRE STATION - BROKEN HAND DRYER REPAIR,PROPERTY SERVICES (3 US),COFELY WORKPLACE LIMITED,283.11,1.00,283.11,,
PSP/19251,16/12/14,5163.68,HILLINGDON FIRE STATION - DISCONNECT AND REMOVE PAGER,PROPERTY SERVICES (3 US),COFELY WORKPLACE LIMITED,190.36,1.00,190.36,,
PSP/19251,16/12/14,5163.68,HORNCHURCH FIRE STATION - REPLACE FLOURESCENT LIGHT DIFFUSER,PROPERTY SERVICES (3 US),COFELY WORKPLACE LIMITED,143.02,1.00,143.02,,
PSP/19251,16/12/14,5163.68,KENTISH TOWN FS - SHOWER HEAD AND TOILET SEAT REPAIRS,PROPERTY SERVICES (3 US),COFELY WORKPLACE LIMITED,106.36,1.00,106.36,,
PSP/19251,16/12/14,5163.68,PARK ROYAL FS - DOOR CLOSER REPAIRS,PROPERTY SERVICES (3 US),COFELY WORKPLACE LIMITED,294.80,1.00,294.80,,
PSP/19251,16/12/14,5163.68,POPLAR FIRE STATION - REPLACE LINCAT BOILER,PROPERTY SERVICES (3 US),COFELY WORKPLACE LIMITED,655.60,1.00,655.60,,
PSP/19251,16/12/14,5163.68,SHOREDITCH FIRE STATION - BROKEN SHOWER DOOR REPAIRS,PROPERTY SERVICES (3 US),COFELY WORKPLACE LIMITED,186.63,1.00,186.63,,
PSP/19251,16/12/14,5163.68,STRATFORD FIRE STATION - REMOTE ALARM MONITORING,PROPERTY SERVICES (3 US),COFELY WORKPLACE LIMITED,308.00,1.00,308.00,,
PSP/19251,16/12/14,5163.68,TOTTENHAM FIRE STATION - BROKEN TOILET SEAT REPAIRS,PROPERTY SERVICES (3 US),COFELY WORKPLACE LIMITED,41.30,1.00,41.30,,
PSP/19251,16/12/14,5163.68,WALTHAMSTOW FIRE STATION - CRACKED HOB REPAIRS,PROPERTY SERVICES (3 US),COFELY WORKPLACE LIMITED,384.75,1.00,384.75,,
PSP/19251,16/12/14,5163.68,WEMBLEY FIRE STATION - CALL LIGHTS REPAIRS,PROPERTY SERVICES (3 US),COFELY WORKPLACE LIMITED,19.88,1.00,19.88,,
PSP/19251,16/12/14,5163.68,WOODFORD FIRE STATION - BROKEN TOILET SEAT REPAIRS,PROPERTY SERVICES (3 US),COFELY WORKPLACE LIMITED,19.57,1.00,19.57,,
TSE/53961,16/12/14,9964.80,AGENCY WORKERS - FRS          EXTENSION OF PLACEMENT,LONDON OPERATIONS CTR (MERTON),ADECCO UK LIMITED=============,249.12,40.00,"9,964.80",TSE/53961,"9,964.80"
PSP/19262,17/12/14,7378.37,ST COLUMBA RADIO STATION - UPGRADE OF SECURITY CAMERAS,PROPERTY SERVICES (3 US),RELIANCE HIGH-TECH,"7,378.37",1.00,"7,378.37",PSP/19262,"7,378.37"
TSE/53997,17/12/14,9902.20,AGENCY WORKERS - FRS          EXTENSION OF PLACEMENT,NATIONAL OPER. GUIDANCE (G US),ADECCO UK LIMITED=============,25.72,385.00,"9,902.20",TSE/53997,"9,902.20"
TSE/53998,17/12/14,9902.20,AGENCY WORKERS - FRS          EXTENSION OF PLACEMENT,NATIONAL OPER. GUIDANCE (G US),ADECCO UK LIMITED=============,25.72,385.00,"9,902.20",TSE/53998,"9,902.20"
ITM/01813,18/12/14,8000.00,CONSULTANCY SUPPORT (CITRIX NETSCALERS),IT CONTRACT MANAGEMNT (1 US),ESTEEM SYSTEMS LTD============,800.00,10.00,"8,000.00",ITM/01813,"8,000.00"
PSP/19266,18/12/14,8195.92,SPACE RATIONALISATION PROJECT-UNION ST,UNION STREET HQ - FM,HARRIS INSTALLATION SERVICES,"8,195.92",1.00,"8,195.92",PSP/19266,"8,195.92"
TSE/54019,18/12/14,8999.91,PRESS OFFICE PROFESSIONAL SERVICES,COMMS PRESS OFFICE (3 US),GORKANA GROUP LTD,"8,999.91",1.00,"8,999.91",TSE/54019,"8,999.91"
PGS/09242,19/12/14,5258.00,FPS7000 FACEMASK - HEAD STRAP M/L CR BLACK,P.E. GROUP,DRAEGER SAFETY UK LIMITED=====,13.59,100.00,"1,359.00",PGS/09242,"5,258.00"
PGS/09242,19/12/14,5258.00,FPS 7000 FACEMASK - MASK BODY EPDM-M FPS 7000,P.E. GROUP,DRAEGER SAFETY UK LIMITED=====,28.37,100.00,"2,837.00",,
PGS/09242,19/12/14,5258.00,FPS 7000 FACEMASK CLAMP F2.,P.E. GROUP,DRAEGER SAFETY UK LIMITED=====,5.31,200.00,"1,062.00",,
PGS/09245,19/12/14,7232.56,HOSE 89MM X 30M UNCOUPLED  DURALINE YELLOW G4A510300A,P.E. GROUP,ANGUS FIRE LIMITED,198.71,36.00,"7,153.56",PGS/09245,"7,232.56"
PGS/09245,19/12/14,7232.56,FREIGHT,P.E. GROUP,ANGUS FIRE LIMITED,79.00,1.00,79.00,,
PSP/19277,19/12/14,7586.00,REHABILITATION RELOCATION - PADDINGTON FS,PADDINGTON FIRE STATION,B NOKES CONTRACTS LTD,"7,586.00",1.00,"7,586.00",PSP/19277,"7,586.00"
TSE/54031,19/12/14,8117.20,AGENCY WORKERS - FRS          EXTENSION OF PLACEMENT,IMD HEAD OF INFO MNGT (G US),ADECCO UK LIMITED=============,17.84,455.00,"8,117.20",TSE/54031,"8,117.20"
TSE/54077,23/12/14,5275.20,AGENCY WORKERS - FRS          INITIAL PLACEMENT,P.E. GROUP,ADECCO UK LIMITED=============,12.56,420.00,"5,275.20",TSE/54077,"5,275.20"
TSE/54082,24/12/14,6657.00,AGENCY WORKERS - FRS          INITIAL PLACEMENT,FSR POLICY (2 US),ADECCO UK LIMITED=============,15.85,420.00,"6,657.00",TSE/54082,"6,657.00"
TSE/54117,05/01/15,8117.20,AGENCY WORKERS - FRS          EXTENSION OF PLACEMENT,P.E. GROUP,ADECCO UK LIMITED=============,17.84,455.00,"8,117.20",TSE/54117,"8,117.20"
PSP/19287,06/01/15,8065.17,PDU DC FILTER CAPACTOR AND FAN REPLACEMENT,PROPERTY SERVICES (3 US),BABCOCK CIVIL INFRASTRUCTURE,"8,065.17",1.00,"8,065.17",PSP/19287,"8,065.17"
TSE/54163,06/01/15,6400.00,CONSULTANTS,SERVICE DELIVERY GRP (2 US),OPERATIONAL RESEARCH IN HEALTH,1.00,"6,400.00","6,400.00",TSE/54163,"6,400.00"
TSE/54167,07/01/15,7497.00,AGENCY WORKERS - FRS          INITIAL PLACEMENT,COMMUNICATIONS SUPPORT (3 US),ADECCO UK LIMITED=============,17.85,420.00,"7,497.00",TSE/54167,"7,497.00"
PSP/19294,08/01/15,5665.00,LSPS REMOVALS & CLEARANCE OF CLOSED STATION -WESTMINISTER FS,WESTMINSTER FIRE STATION,B NOKES CONTRACTS LTD,"5,665.00",1.00,"5,665.00",PSP/19294,"5,665.00"
PSP/19295,08/01/15,5665.00,LSPS REMOVALS & CLEARANCE OF CLOSED STATION -CLERKENWELL FS,CLERKENWELL FIRE STATION,B NOKES CONTRACTS LTD,"5,665.00",1.00,"5,665.00",PSP/19295,"5,665.00"
TSE/54201,09/01/15,5275.20,AGENCY WORKERS - FRS          INITIAL PLACEMENT,FSR POLICY (2 US),ADECCO UK LIMITED=============,12.56,420.00,"5,275.20",TSE/54201,"5,275.20"
TSE/54202,09/01/15,5275.20,AGENCY WORKERS - FRS          INITIAL PLACEMENT,FSR POLICY (2 US),ADECCO UK LIMITED=============,12.56,420.00,"5,275.20",TSE/54202,"5,275.20"
TSE/54203,09/01/15,5275.20,AGENCY WORKERS - FRS          INITIAL PLACEMENT,FSR POLICY (2 US),ADECCO UK LIMITED=============,12.56,420.00,"5,275.20",TSE/54203,"5,275.20"
TSE/54204,09/01/15,5275.20,AGENCY WORKERS - FRS          INITIAL PLACEMENT,FSR POLICY (2 US),ADECCO UK LIMITED=============,12.56,420.00,"5,275.20",TSE/54204,"5,275.20"
FPL/24101,12/01/15,5665.00,REMOVE & DISPOSE OF FURNITURE AND RUBBISH FROM CLSED STATION,BELSIZE FIRE STATION,B NOKES CONTRACTS LTD,"5,665.00",1.00,"5,665.00",FPL/24101,"5,665.00"
PSP/19303,12/01/15,6182.50,NEW WAITING AREA AND LOBBY - EAST HAM FIRE STATION,EAST HAM FIRE STATION,B NOKES CONTRACTS LTD,"6,182.50",1.00,"6,182.50",PSP/19303,"6,182.50"
FPL/24132,13/01/15,6062.34,ACTON - KITCHEN DEEP CLEAN DECEMBER 2014,PROPERTY SERVICES (3 US),REGENT OFFICE CARE LTD========,158.70,1.00,158.70,FPL/24132,"6,062.34"
FPL/24132,13/01/15,6062.34,BARKING - KITCHEN DEEP CLEAN DECEMBER 2014,PROPERTY SERVICES (3 US),REGENT OFFICE CARE LTD========,190.44,1.00,190.44,,
FPL/24132,13/01/15,6062.34,BARNET - KITCHEN DEEP CLEAN DECEMBER 2014,PROPERTY SERVICES (3 US),REGENT OFFICE CARE LTD========,190.44,1.00,190.44,,
FPL/24132,13/01/15,6062.34,BIGGIN HILL - KITCHEN DEEP CLEAN DECEMBER 2014,PROPERTY SERVICES (3 US),REGENT OFFICE CARE LTD========,190.44,1.00,190.44,,
FPL/24132,13/01/15,6062.34,CHISWICK - KITCHEN DEEP CLEAN DECEMBER 2014,PROPERTY SERVICES (3 US),REGENT OFFICE CARE LTD========,158.70,1.00,158.70,,
FPL/24132,13/01/15,6062.34,DEPTFORD - KITCHEN DEEP CLEAN DECEMBER 2014,PROPERTY SERVICES (3 US),REGENT OFFICE CARE LTD========,158.70,1.00,158.70,,
FPL/24132,13/01/15,6062.34,DOWGATE - KITCHEN DEEP CLEAN DECEMBER 2014,PROPERTY SERVICES (3 US),REGENT OFFICE CARE LTD========,158.70,1.00,158.70,,
FPL/24132,13/01/15,6062.34,EDMONTON - KITCHEN DEEP CLEAN DECEMBER 2014,PROPERTY SERVICES (3 US),REGENT OFFICE CARE LTD========,190.44,1.00,190.44,,
FPL/24132,13/01/15,6062.34,ELTHAM - KITCHEN DEEP CLEAN DECEMBER 2014,PROPERTY SERVICES (3 US),REGENT OFFICE CARE LTD========,190.44,1.00,190.44,,
FPL/24132,13/01/15,6062.34,FELTHAM - KITCHEN DEEP CLEAN DECEMBER 2014,PROPERTY SERVICES (3 US),REGENT OFFICE CARE LTD========,190.44,1.00,190.44,,
FPL/24132,13/01/15,6062.34,FINCHLEY - KITCHEN DEEP CLEAN DECEMBER 2014,PROPERTY SERVICES (3 US),REGENT OFFICE CARE LTD========,158.70,1.00,158.70,,
FPL/24132,13/01/15,6062.34,FOREST HILL - KITCHEN DEEP CLEAN DECEMBER 2014,PROPERTY SERVICES (3 US),REGENT OFFICE CARE LTD========,190.44,1.00,190.44,,
FPL/24132,13/01/15,6062.34,FULHAM - KITCHEN DEEP CLEAN DECEMBER 2014,PROPERTY SERVICES (3 US),REGENT OFFICE CARE LTD========,158.70,1.00,158.70,,
FPL/24132,13/01/15,6062.34,HAYES - KITCHEN DEEP CLEAN DECEMBER 2014,PROPERTY SERVICES (3 US),REGENT OFFICE CARE LTD========,158.70,1.00,158.70,,
FPL/24132,13/01/15,6062.34,HOLLOWAY - KITCHEN DEEP CLEAN DECEMBER 2014,PROPERTY SERVICES (3 US),REGENT OFFICE CARE LTD========,158.70,1.00,158.70,,
FPL/24132,13/01/15,6062.34,HOMERTON - KITCHEN DEEP CLEAN DECEMBER 2014,PROPERTY SERVICES (3 US),REGENT OFFICE CARE LTD========,190.44,1.00,190.44,,
FPL/24132,13/01/15,6062.34,HORNSEY - KITCHEN DEEP CLEAN DECEMBER 2014,PROPERTY SERVICES (3 US),REGENT OFFICE CARE LTD========,158.70,1.00,158.70,,
FPL/24132,13/01/15,6062.34,KENSINGTON - KITCHEN DEEP CLEAN DECEMBER 2014,PROPERTY SERVICES (3 US),REGENT OFFICE CARE LTD========,190.44,1.00,190.44,,
FPL/24132,13/01/15,6062.34,LAMBETH MAIN - KITCHEN DEEP CLEAN DECEMBER 2014,PROPERTY SERVICES (3 US),REGENT OFFICE CARE LTD========,158.70,1.00,158.70,,
FPL/24132,13/01/15,6062.34,LEE GREEN - KITCHEN DEEP CLEAN DECEMBER 2014,PROPERTY SERVICES (3 US),REGENT OFFICE CARE LTD========,190.44,1.00,190.44,,
FPL/24132,13/01/15,6062.34,LEWISHAM MAIN- KITCHEN DEEP CLEAN DECEMBER 2014,PROPERTY SERVICES (3 US),REGENT OFFICE CARE LTD========,190.44,1.00,190.44,,
FPL/24132,13/01/15,6062.34,LEWISHAM TOP FLOOR - KITCHEN DEEP CLEAN DECEMBER 2014,PROPERTY SERVICES (3 US),REGENT OFFICE CARE LTD========,158.70,1.00,158.70,,
FPL/24132,13/01/15,6062.34,LEYTON - KITCHEN DEEP CLEAN DECEMBER 2014,PROPERTY SERVICES (3 US),REGENT OFFICE CARE LTD========,190.44,1.00,190.44,,
FPL/24132,13/01/15,6062.34,MILL HILL - KITCHEN DEEP CLEAN DECEMBER 2014,PROPERTY SERVICES (3 US),REGENT OFFICE CARE LTD========,190.44,1.00,190.44,,
FPL/24132,13/01/15,6062.34,MILLWALL - KITCHEN DEEP CLEAN DECEMBER 2014,PROPERTY SERVICES (3 US),REGENT OFFICE CARE LTD========,190.44,1.00,190.44,,
FPL/24132,13/01/15,6062.34,RICHMOND - KITCHEN DEEP CLEAN DECEMBER 2014,PROPERTY SERVICES (3 US),REGENT OFFICE CARE LTD========,190.44,1.00,190.44,,
FPL/24132,13/01/15,6062.34,SIDCUP - KITCHEN DEEP CLEAN DECEMBER 2014,PROPERTY SERVICES (3 US),REGENT OFFICE CARE LTD========,158.70,1.00,158.70,,
FPL/24132,13/01/15,6062.34,SOHO - KITCHEN DEEP CLEAN DECEMBER 2014,PROPERTY SERVICES (3 US),REGENT OFFICE CARE LTD========,253.92,1.00,253.92,,
FPL/24132,13/01/15,6062.34,SOUTHALL - KITCHEN DEEP CLEAN DECEMBER 2014,PROPERTY SERVICES (3 US),REGENT OFFICE CARE LTD========,190.44,1.00,190.44,,
FPL/24132,13/01/15,6062.34,STOKE NEWINGTON - KITCHEN DEEP CLEAN DECEMBER 2014,PROPERTY SERVICES (3 US),REGENT OFFICE CARE LTD========,158.70,1.00,158.70,,
FPL/24132,13/01/15,6062.34,WALLINGTON - KITCHEN DEEP CLEAN DECEMBER 2014,PROPERTY SERVICES (3 US),REGENT OFFICE CARE LTD========,158.70,1.00,158.70,,
FPL/24132,13/01/15,6062.34,WANDSWORTH - KITCHEN DEEP CLEAN DECEMBER 2014,PROPERTY SERVICES (3 US),REGENT OFFICE CARE LTD========,190.44,1.00,190.44,,
FPL/24132,13/01/15,6062.34,WHITECHAPEL - KITCHEN DEEP CLEAN DECEMBER 2014,PROPERTY SERVICES (3 US),REGENT OFFICE CARE LTD========,190.44,1.00,190.44,,
FPL/24132,13/01/15,6062.34,WOODFORD - KITCHEN DEEP CLEAN DECEMBER 2014,PROPERTY SERVICES (3 US),REGENT OFFICE CARE LTD========,158.70,1.00,158.70,,
FPM/95403,13/01/15,5665.00,REMOVE RUBBISH & ALL FURNITURE FROM CLOSED STATION,WEST NORWOOD FIRE STATION,B NOKES CONTRACTS LTD,"5,665.00",1.00,"5,665.00",FPM/95403,"5,665.00"
PSP/19305,13/01/15,5527.00,REPLACEMENT OF VARIOUS DOORS - HOLLOWAY FIRE STATION,HOLLOWAY FIRE STATION,B NOKES CONTRACTS LTD,"5,527.00",1.00,"5,527.00",PSP/19305,"5,527.00"
TSE/54238,13/01/15,6657.00,AGENCY WORKERS - FRS          INITIAL PLACEMENT,P.E. GROUP,ADECCO UK LIMITED=============,15.85,420.00,"6,657.00",TSE/54238,"6,657.00"
TSE/54249,13/01/15,6493.76,AGENCY WORKERS - FRS          EXTENSION OF PLACEMENT,FSR POLICY (2 US),ADECCO UK LIMITED=============,17.84,364.00,"6,493.76",TSE/54249,"6,493.76"
PSP/19311,14/01/15,9800.00,ASBESTOS MANAGEMENT REINSPECTION - ACTON FIRE STATION,PROPERTY SERVICES (3 US),GRADIENT CONSULTANTS LLP======,1.00,350.00,350.00,PSP/19311,"9,800.00"
PSP/19311,14/01/15,9800.00,ASBESTOS MANAGEMENT REINSPECTION - EALING FIRE STATION,PROPERTY SERVICES (3 US),GRADIENT CONSULTANTS LLP======,1.00,350.00,350.00,,
PSP/19311,14/01/15,9800.00,ASBESTOS MANAGEMENT REINSPECTION - HAYES FIRE STATION,PROPERTY SERVICES (3 US),GRADIENT CONSULTANTS LLP======,1.00,350.00,350.00,,
PSP/19311,14/01/15,9800.00,ASBESTOS MANAGEMENT REINSPECTION - HEATHROW FIRE STATION,PROPERTY SERVICES (3 US),GRADIENT CONSULTANTS LLP======,1.00,350.00,350.00,,
PSP/19311,14/01/15,9800.00,ASBESTOS MANAGEMENT REINSPECTION - NORTHOLT FIRE STATION,PROPERTY SERVICES (3 US),GRADIENT CONSULTANTS LLP======,1.00,350.00,350.00,,
PSP/19311,14/01/15,9800.00,ASBESTOS MANAGEMENT REINSPECTION - RUISLIP FIRE STATION,PROPERTY SERVICES (3 US),GRADIENT CONSULTANTS LLP======,1.00,350.00,350.00,,
PSP/19311,14/01/15,9800.00,ASBESTOS MANAGEMENT REINSPECTION - RUISLIP WORKSHOP,PROPERTY SERVICES (3 US),GRADIENT CONSULTANTS LLP======,1.00,350.00,350.00,,
PSP/19311,14/01/15,9800.00,ASBESTOS MANAGEMENT REINSPECTION - SOUTHALL FIRE STATION,PROPERTY SERVICES (3 US),GRADIENT CONSULTANTS LLP======,1.00,350.00,350.00,,
PSP/19311,14/01/15,9800.00,ASBESTOS MANAGEMENT REINSPECTION - STANMORE FIRE STATION,PROPERTY SERVICES (3 US),GRADIENT CONSULTANTS LLP======,1.00,350.00,350.00,,
PSP/19311,14/01/15,9800.00,ASBESTOS MANAGEMENT REINSPECTION - BECKENHAM FIRE STATION,PROPERTY SERVICES (3 US),GRADIENT CONSULTANTS LLP======,1.00,350.00,350.00,,
PSP/19311,14/01/15,9800.00,ASBESTOS MANAGEMENT REINSPECTION - FELTHAM FIRE STATION,PROPERTY SERVICES (3 US),GRADIENT CONSULTANTS LLP======,1.00,350.00,350.00,,
PSP/19311,14/01/15,9800.00,ASBESTOS MANAGEMENT REINSPECTION - KINGSTON FIRE STATION,PROPERTY SERVICES (3 US),GRADIENT CONSULTANTS LLP======,1.00,350.00,350.00,,
PSP/19311,14/01/15,9800.00,ASBESTOS MANAGEMENT REINSPECTION - NEW MALDEN FIRE STATION,PROPERTY SERVICES (3 US),GRADIENT CONSULTANTS LLP======,1.00,350.00,350.00,,
PSP/19311,14/01/15,9800.00,ASBESTOS MANAGEMENT REINSPECTION - NORBURY FIRE STATION,PROPERTY SERVICES (3 US),GRADIENT CONSULTANTS LLP======,1.00,350.00,350.00,,
PSP/19311,14/01/15,9800.00,ASBESTOS MANAGEMENT REINSPECTION - SURBITON FIRE STATION,PROPERTY SERVICES (3 US),GRADIENT CONSULTANTS LLP======,1.00,350.00,350.00,,
PSP/19311,14/01/15,9800.00,ASBESTOS MANAGEMENT REINSPECTION - SUTTON FIRE STATION,PROPERTY SERVICES (3 US),GRADIENT CONSULTANTS LLP======,1.00,350.00,350.00,,
PSP/19311,14/01/15,9800.00,ASBESTOS MANAGEMENT REINSPECTION - TWICKENHAM FIRE STATION,PROPERTY SERVICES (3 US),GRADIENT CONSULTANTS LLP======,1.00,350.00,350.00,,
PSP/19311,14/01/15,9800.00,ASBESTOS MANAGEMENT REINSPECTION - WOODSIDE FIRE STATION,PROPERTY SERVICES (3 US),GRADIENT CONSULTANTS LLP======,1.00,350.00,350.00,,
PSP/19311,14/01/15,9800.00,ASBESTOS MANAGEMENT REINSPECTION - ADDINGTON FIRE STATION,PROPERTY SERVICES (3 US),GRADIENT CONSULTANTS LLP======,1.00,350.00,350.00,,
PSP/19311,14/01/15,9800.00,ASBESTOS MANAGEMENT REINSPECTION - BARKING FIRE STATION,PROPERTY SERVICES (3 US),GRADIENT CONSULTANTS LLP======,1.00,350.00,350.00,,
PSP/19311,14/01/15,9800.00,ASBESTOS MANAGEMENT REINSPECTION - BARKING WORKSHOP,PROPERTY SERVICES (3 US),GRADIENT CONSULTANTS LLP======,350.00,1.00,350.00,,
PSP/19311,14/01/15,9800.00,ASBESTOS MANAGEMENT REINSPECTION- BETHNAL GREEN FIRE STATION,PROPERTY SERVICES (3 US),GRADIENT CONSULTANTS LLP======,350.00,1.00,350.00,,
PSP/19311,14/01/15,9800.00,ASBESTOS MANAGEMENT REINSPECTION - BIGGIN HILL FIRE STATION,PROPERTY SERVICES (3 US),GRADIENT CONSULTANTS LLP======,350.00,1.00,350.00,,
PSP/19311,14/01/15,9800.00,ASBESTOS MANAGEMENT REINSPECTION - FOREST HILL FIRE STATION,PROPERTY SERVICES (3 US),GRADIENT CONSULTANTS LLP======,350.00,1.00,350.00,,
PSP/19311,14/01/15,9800.00,ASBESTOS MANAGEMENT REINSPECTION - HORNSEY FIRE STATION,PROPERTY SERVICES (3 US),GRADIENT CONSULTANTS LLP======,350.00,1.00,350.00,,
PSP/19311,14/01/15,9800.00,ASBESTOS MANAGEMENT REINSPECTION - ILFORD FIRE STATION,PROPERTY SERVICES (3 US),GRADIENT CONSULTANTS LLP======,350.00,1.00,350.00,,
PSP/19311,14/01/15,9800.00,ASBESTOS MANAGEMENT REINSPECTION - WENNINGTON FIRE STATION,PROPERTY SERVICES (3 US),GRADIENT CONSULTANTS LLP======,350.00,1.00,350.00,,
PSP/19311,14/01/15,9800.00,ASBESTOS MANAGEMENT REINSPECTION - WOOLWICH FIRE STATION,PROPERTY SERVICES (3 US),GRADIENT CONSULTANTS LLP======,350.00,1.00,350.00,,
ITS/14145,15/01/15,6000.00,CYBORG - SOFTWARE DEVELOPMENT,IT BUSINESS SOLUTIONS (1 US),PRIMEPEACE LTD================,"1,000.00",6.00,"6,000.00",ITS/14145,"6,000.00"
PSP/19313,15/01/15,7550.00,"GUTTERS, HOPPERS, ACCO DRAINAGE CLEANING - WOODSIDE FS",PROPERTY SERVICES (3 US),MOOLANDS LTD,755.00,1.00,755.00,PSP/19313,"7,550.00"
PSP/19313,15/01/15,7550.00,"GUTTERS, HOPPERS, ACCO DRAINAGE CLEANING - WALLINGTON FS",PROPERTY SERVICES (3 US),MOOLANDS LTD,755.00,1.00,755.00,,
PSP/19313,15/01/15,7550.00,"GUTTERS, HOPPERS, ACCO DRAINAGE CLEANING - PADDINGTON FS",PROPERTY SERVICES (3 US),MOOLANDS LTD,755.00,1.00,755.00,,
PSP/19313,15/01/15,7550.00,"GUTTERS, HOPPERS, ACCO DRAINAGE CLEANING - FULHAM FS",PROPERTY SERVICES (3 US),MOOLANDS LTD,755.00,1.00,755.00,,
PSP/19313,15/01/15,7550.00,"GUTTERS, HOPPERS, ACCO DRAINAGE CLEANING - SOHO FS",PROPERTY SERVICES (3 US),MOOLANDS LTD,755.00,1.00,755.00,,
PSP/19313,15/01/15,7550.00,"GUTTERS, HOPPERS, ACCO DRAINAGE CLEANING - PECKHAM FS",PROPERTY SERVICES (3 US),MOOLANDS LTD,755.00,1.00,755.00,,
PSP/19313,15/01/15,7550.00,"GUTTERS, HOPPERS, ACCO DRAINAGE CLEANING - EAST GREENWICH FS",PROPERTY SERVICES (3 US),MOOLANDS LTD,755.00,1.00,755.00,,
PSP/19313,15/01/15,7550.00,"GUTTERS, HOPPERS, ACCO DRAINAGE CLEANING - LEWISHAM FS",PROPERTY SERVICES (3 US),MOOLANDS LTD,755.00,1.00,755.00,,
PSP/19313,15/01/15,7550.00,"GUTTERS, HOPPERS, ACCO DRAINAGE CLEANING - TOOTING FS",PROPERTY SERVICES (3 US),MOOLANDS LTD,755.00,1.00,755.00,,
PSP/19313,15/01/15,7550.00,"GUTTERS, HOPPERS, ACCO DRAINAGE CLEANING - LEE GREEN FS",PROPERTY SERVICES (3 US),MOOLANDS LTD,755.00,1.00,755.00,,
RCE/02096,15/01/15,6654.20,ROGER GPS L1 REPEATER UNIT,RADIO GROUP (RUISLIP),FALTECH LIMITED,549.77,10.00,"5,497.70",RCE/02096,"6,654.20"
RCE/02096,15/01/15,6654.20,GPS L1/GLONASS ANTENNA; 35DB GAIN,RADIO GROUP (RUISLIP),FALTECH LIMITED,82.17,10.00,821.70,,
RCE/02096,15/01/15,6654.20,CABLE GUIDE,RADIO GROUP (RUISLIP),FALTECH LIMITED,16.25,10.00,162.50,,
RCE/02096,15/01/15,6654.20,ANTENNA MOUNT,RADIO GROUP (RUISLIP),FALTECH LIMITED,17.23,10.00,172.30,,
TSE/54285,15/01/15,5166.64,"CANON, IR ADVANCE C7055I,     MFD, B & W COPY CHARGE",PHOTOCOPYING  UNIT (G US),CANON (UK) LTD===============,0.01,"39,235.00",215.79,TSE/54285,"5,166.65"
TSE/54285,15/01/15,5166.64,"CANON, IR ADVANCE C7055I,     MFD, COLOUR COPY CHARGE",PHOTOCOPYING  UNIT (G US),CANON (UK) LTD===============,0.03,"143,503.00","4,950.85",,
TSE/54326,16/01/15,8588.40,CONDUCTIVE BONE MIC            (LONDON SPEC) V13645,RADIO GROUP (RUISLIP),RADIOCOMS SYSTEMS LIMITED=====,98.34,25.00,"2,458.50",TSE/54326,"8,588.40"
TSE/54326,16/01/15,8588.40,DELIVERY CHARGE (RADIOCOMS),RADIO GROUP (RUISLIP),RADIOCOMS SYSTEMS LIMITED=====,10.00,1.00,10.00,,
TSE/54326,16/01/15,8588.40,ENTEL HX481 BATTERY,RADIO GROUP (RUISLIP),RADIOCOMS SYSTEMS LIMITED=====,22.15,200.00,"4,430.00",,
TSE/54326,16/01/15,8588.40,ENTEL HX481 SINGLE DESK       CHARGER CSAHX (OLYMPIC OFFER),RADIO GROUP (RUISLIP),RADIOCOMS SYSTEMS LIMITED=====,10.50,25.00,262.50,,
TSE/54326,16/01/15,8588.40,FACILITY PLUG LEAD-STRAIGHT   HT981,RADIO GROUP (RUISLIP),RADIOCOMS SYSTEMS LIMITED=====,25.00,30.00,750.00,,
TSE/54326,16/01/15,8588.40,NEXUS PLUG & STRAIGHT LEAD V13,RADIO GROUP (RUISLIP),RADIOCOMS SYSTEMS LIMITED=====,33.87,20.00,677.40,,
TSE/54344,16/01/15,9668.83,MARINE TRAINING VESSEL CHARTERFEES - MET POLICE,HR - TRAINING ASSURANCE & BRT,MAYORS OFF FOR POLICING&CRIME,"9,668.83",1.00,"9,668.83",TSE/54344,"9,668.83"
PGS/09269,19/01/15,8331.00,SURVEY METER RDS - 200 AS PER QUOTE EN-14-02011-01,P.E. GROUP,JAMES FISHER NUCLEAR LIMITED==,"2,747.00",3.00,"8,241.00",PGS/09269,"8,331.00"
PGS/09269,19/01/15,8331.00,CARRIAGE,P.E. GROUP,JAMES FISHER NUCLEAR LIMITED==,90.00,1.00,90.00,,
PSP/19324,19/01/15,7246.34,"AUTHORITY WIDE-SECURITY ACCESS MAINTENANCE CONTRACT,SEPT '14",PROPERTY SERVICES (3 US),G4S FIRE & SECURITY SYSTEMS UK,"7,246.34",1.00,"7,246.34",PSP/19324,"7,246.34"
PSP/19327,19/01/15,5783.50,REPLACEMENT OF MALE SHOWER & TILES - ISLINGTON FIRE STATION,ISLINGTON FIRE STATION,B NOKES CONTRACTS LTD,"5,783.50",1.00,"5,783.50",PSP/19327,"5,783.50"
ITS/14147,20/01/15,5136.12,PIMS/POMS & PO SUPPORT CONSULTANCY 30/10 - 19/12/14,IT BUSINESS SOLUTIONS (1 US),INFOR (UNITED KINGDOM) LIMITED,142.67,36.00,"5,136.12",ITS/14147,"5,136.12"
TSE/54354,20/01/15,6493.76,AGENCY WORKERS - FRS          EXTENSION OF PLACEMENT,DELIVERY MANAGEMENT (2 US),ADECCO UK LIMITED=============,17.84,364.00,"6,493.76",TSE/54354,"6,493.76"
TSE/54355,20/01/15,5275.20,AGENCY WORKERS - FRS          INITIAL PLACEMENT,SCHOOLS TEAM (2 US),ADECCO UK LIMITED=============,12.56,420.00,"5,275.20",TSE/54355,"5,275.20"
TSE/54356,20/01/15,6493.76,AGENCY WORKERS - FRS          EXTENSION OF PLACEMENT,FSR POLICY (2 US),ADECCO UK LIMITED=============,17.84,364.00,"6,493.76",TSE/54356,"6,493.76"
PSP/19350,23/01/15,8400.00,"WALL BED MAINTENANCE, N/W - ACTON FIRE STATION",PROPERTY SERVICES (3 US),GP CONTRACTS==================,180.00,1.00,180.00,PSP/19350,"8,400.00"
PSP/19350,23/01/15,8400.00,"WALL BED MAINTENANCE, N/W - BARNET FIRE STATION",PROPERTY SERVICES (3 US),GP CONTRACTS==================,610.00,1.00,610.00,,
PSP/19350,23/01/15,8400.00,"WALL BED MAINTENANCE, N/W - CHISWICK FIRE STATION",PROPERTY SERVICES (3 US),GP CONTRACTS==================,180.00,1.00,180.00,,
PSP/19350,23/01/15,8400.00,"WALL BED MAINTENANCE, N/W - EALING FIRE STATION",PROPERTY SERVICES (3 US),GP CONTRACTS==================,180.00,1.00,180.00,,
PSP/19350,23/01/15,8400.00,"WALL BED MAINTENANCE, N/W - EUSTON FIRE STATION",PROPERTY SERVICES (3 US),GP CONTRACTS==================,810.00,1.00,810.00,,
PSP/19350,23/01/15,8400.00,"WALL BED MAINTENANCE, N/W - FELTHAM FIRE STATION",PROPERTY SERVICES (3 US),GP CONTRACTS==================,210.00,1.00,210.00,,
PSP/19350,23/01/15,8400.00,"WALL BED MAINTENANCE, N/W - FINCHLEY FIRE STATION",PROPERTY SERVICES (3 US),GP CONTRACTS==================,210.00,1.00,210.00,,
PSP/19350,23/01/15,8400.00,"WALL BED MAINTENANCE, N/W - FULHAM FIRE STATION",PROPERTY SERVICES (3 US),GP CONTRACTS==================,670.00,1.00,670.00,,
PSP/19350,23/01/15,8400.00,"WALL BED MAINTENANCE, N/W - HARROW FIRE STATION",PROPERTY SERVICES (3 US),GP CONTRACTS==================,180.00,1.00,180.00,,
PSP/19350,23/01/15,8400.00,"WALL BED MAINTENANCE, N/W - HAYES FIRE STATION",PROPERTY SERVICES (3 US),GP CONTRACTS==================,180.00,1.00,180.00,,
PSP/19350,23/01/15,8400.00,"WALL BED MAINTENANCE, N/W - HEATHROW FIRE STATION",PROPERTY SERVICES (3 US),GP CONTRACTS==================,210.00,1.00,210.00,,
PSP/19350,23/01/15,8400.00,"WALL BED MAINTENANCE, N/W - HENDON FIRE STATION",PROPERTY SERVICES (3 US),GP CONTRACTS==================,180.00,1.00,180.00,,
PSP/19350,23/01/15,8400.00,"WALL BED MAINTENANCE, N/W - HESTON FIRE STATION",PROPERTY SERVICES (3 US),GP CONTRACTS==================,210.00,1.00,210.00,,
PSP/19350,23/01/15,8400.00,"WALL BED MAINTENANCE, N/W - HILLINGDON FIRE STATION",PROPERTY SERVICES (3 US),GP CONTRACTS==================,180.00,1.00,180.00,,
PSP/19350,23/01/15,8400.00,"WALL BED MAINTENANCE, N/W - KENTISH TOWN FIRE STATION",PROPERTY SERVICES (3 US),GP CONTRACTS==================,180.00,1.00,180.00,,
PSP/19350,23/01/15,8400.00,"WALL BED MAINTENANCE, N/W - MILL HILL FIRE STATION",PROPERTY SERVICES (3 US),GP CONTRACTS==================,220.00,1.00,220.00,,
PSP/19350,23/01/15,8400.00,"WALL BED MAINTENANCE, N/W - NORTH KENSINGTON FIRE STATION",PROPERTY SERVICES (3 US),GP CONTRACTS==================,655.00,1.00,655.00,,
PSP/19350,23/01/15,8400.00,"WALL BED MAINTENANCE, N/W - NORTHOLT FIRE STATION",PROPERTY SERVICES (3 US),GP CONTRACTS==================,180.00,1.00,180.00,,
PSP/19350,23/01/15,8400.00,"WALL BED MAINTENANCE, N/W - PARK ROYAL FIRE STATION",PROPERTY SERVICES (3 US),GP CONTRACTS==================,180.00,1.00,180.00,,
PSP/19350,23/01/15,8400.00,"WALL BED MAINTENANCE, N/W - RICHMOND FIRE STATION",PROPERTY SERVICES (3 US),GP CONTRACTS==================,180.00,1.00,180.00,,
PSP/19350,23/01/15,8400.00,"WALL BED MAINTENANCE, N/W - RUISLIP FIRE STATION",PROPERTY SERVICES (3 US),GP CONTRACTS==================,180.00,1.00,180.00,,
PSP/19350,23/01/15,8400.00,"WALL BED MAINTENANCE, N/W - SOHO FIRE STATION",PROPERTY SERVICES (3 US),GP CONTRACTS==================,720.00,1.00,720.00,,
PSP/19350,23/01/15,8400.00,"WALL BED MAINTENANCE, N/W - SOUTHALL FIRE STATION",PROPERTY SERVICES (3 US),GP CONTRACTS==================,180.00,1.00,180.00,,
PSP/19350,23/01/15,8400.00,"WALL BED MAINTENANCE, N/W - STANMORE FIRE STATION",PROPERTY SERVICES (3 US),GP CONTRACTS==================,180.00,1.00,180.00,,
PSP/19350,23/01/15,8400.00,"WALL BED MAINTENANCE, N/W - TWICKENHAM FIRE STATION",PROPERTY SERVICES (3 US),GP CONTRACTS==================,635.00,1.00,635.00,,
PSP/19350,23/01/15,8400.00,"WALL BED MAINTENANCE, N/W - WEST HAMPSTEAD FIRE STATION",PROPERTY SERVICES (3 US),GP CONTRACTS==================,180.00,1.00,180.00,,
PSP/19350,23/01/15,8400.00,"WALL BED MAINTENANCE, N/W - WILLESDEN FIRE STATION",PROPERTY SERVICES (3 US),GP CONTRACTS==================,540.00,1.00,540.00,,
PSP/19357,26/01/15,6820.72,WINDOW REPLACEMENT FEASIBILITY RIBA STAGE A & B - EASTHAM FS,EAST HAM FIRE STATION,AECOM INFRASTRUCTURE &,"6,820.72",1.00,"6,820.72",PSP/19357,"6,820.72"
PSP/19358,26/01/15,7278.12,ROOF UPGRADE FEASIBILITY RIBA STAGE A & B - HOMERTON FS,HOMERTON FIRE STATION,AECOM INFRASTRUCTURE &,"6,900.31",1.00,"6,900.31",PSP/19358,"7,278.12"
PSP/19358,26/01/15,7278.12,ROOF UPGRADE FEASIBILITY RIBA STAGE A & B - ADDITIONAL COSTS,HOMERTON FIRE STATION,AECOM INFRASTRUCTURE &,377.81,1.00,377.81,,
PSP/19364,27/01/15,5162.65,DRILL TOWER REPAIRS - WEMBLEY FIRE STATION,WEMBLEY FIRE STATION,COFELY WORKPLACE LIMITED,"5,162.65",1.00,"5,162.65",PSP/19364,"5,162.65"
TSE/54525,29/01/15,5401.20,AGENCY WORKERS - FRS          INITIAL PLACEMENT,IMD HEAD OF INFO MNGT (G US),ADECCO UK LIMITED=============,25.72,210.00,"5,401.20",TSE/54525,"5,401.20"
FPM/95442,30/01/15,5203.30,REPLACE CARPET IN DORM WITH PACIFIC BLUE SUPACORD,ENFIELD FIRE STATION,CARPETS & FLOOR COVERS DIRECT=,"1,999.60",1.00,"1,999.60",FPM/95442,"5,203.30"
FPM/95442,30/01/15,5203.30,REPLACE FEMALE FF SHOWER ROOM BALACK UNIVERSAL SAFETREAD,ENFIELD FIRE STATION,CARPETS & FLOOR COVERS DIRECT=,"1,157.50",1.00,"1,157.50",,
FPM/95442,30/01/15,5203.30,REPLACE CARPET RECREATION ROOM WITH PACIFIC BLUE SUPACORD,ENFIELD FIRE STATION,CARPETS & FLOOR COVERS DIRECT=,"2,046.20",1.00,"2,046.20",,
FPM/95444,30/01/15,5425.00,REPALCE APRQUET FLOOR IN MESS/TV ROOM WITH BLACK UNIVERSAL,ISLINGTON FIRE STATION,CARPETS & FLOOR COVERS DIRECT=,"5,425.00",1.00,"5,425.00",FPM/95444,"5,425.00"
TSE/54558,30/01/15,9084.60,AGENCY WORKERS - FRS          EXTENSION OF PLACEMENT,IT CUSTOMER SUPPORT (1 US),ADECCO UK LIMITED=============,21.63,420.00,"9,084.60",TSE/54558,"9,084.60"
TSE/54559,30/01/15,9084.60,AGENCY WORKERS - FRS          EXTENSION OF PLACEMENT,IT CUSTOMER SUPPORT (1 US),ADECCO UK LIMITED=============,21.63,420.00,"9,084.60",TSE/54559,"9,084.60"
TSE/54565,02/02/15,5639.20,AGENCY WORKERS - FRS          INITIAL PLACEMENT,(SW) ENFC AT CLAPHAM FS,ADECCO UK LIMITED=============,20.14,280.00,"5,639.20",TSE/54565,"5,639.20"
PSP/19399,03/02/15,6832.21,PFI PROPERTY PROJECT - 2014/15 MINOR IMPROVEMENTS,PROPERTY SERVICES (3 US),BLUE3 (LONDON) LTD OPERATING,"6,832.21",1.00,"6,832.21",PSP/19399,"6,832.21"
TSE/54579,03/02/15,6640.00,"ALARM, SMOKE, FIRE ANGEL, OPTICAL, WST-630 10 YEAR BATTERY",(NE) CFS TEAM - STRATFORD REAR,*SPRUE SAFETY PRODUCTS LTD====,22.00,120.00,"2,640.00",TSE/54579,"6,640.00"
TSE/54579,03/02/15,6640.00,"ALARM, SMOKE, FIRE ANGEL, W2-SVP-630 STROBE & VIBRATING PAD",(NE) CFS TEAM - STRATFORD REAR,*SPRUE SAFETY PRODUCTS LTD====,40.00,100.00,"4,000.00",,
RCE/02101,04/02/15,6654.20,ROGER GPS L1 REPEATER UNIT,RADIO GROUP (RUISLIP),FALTECH LIMITED,549.77,10.00,"5,497.70",RCE/02101,"6,654.20"
RCE/02101,04/02/15,6654.20,GPS LA/GLONASS ANTENNA; 35DB GAIN,RADIO GROUP (RUISLIP),FALTECH LIMITED,82.17,10.00,821.70,,
RCE/02101,04/02/15,6654.20,CABLE GUIDE,RADIO GROUP (RUISLIP),FALTECH LIMITED,16.25,10.00,162.50,,
RCE/02101,04/02/15,6654.20,ANTENNA MOUNT,RADIO GROUP (RUISLIP),FALTECH LIMITED,17.23,10.00,172.30,,
PSP/19407,05/02/15,7600.00,"CLEANING GUTTERS,HOPPERS,DRAINAGE - TOTTENHAM FS",PROPERTY SERVICES (3 US),FAHEY BUILDERS LTD============,760.00,1.00,760.00,PSP/19407,"7,600.00"
PSP/19407,05/02/15,7600.00,"CLEANING GUTTERS,HOPPERS,DRAINAGE - WILLESDEN FS",PROPERTY SERVICES (3 US),FAHEY BUILDERS LTD============,760.00,1.00,760.00,,
PSP/19407,05/02/15,7600.00,"CLEANING GUTTERS,HOPPERS,DRAINAGE - HARROW FS",PROPERTY SERVICES (3 US),FAHEY BUILDERS LTD============,760.00,1.00,760.00,,
PSP/19407,05/02/15,7600.00,"CLEANING GUTTERS,HOPPERS,DRAINAGE - NORTHOLT FS",PROPERTY SERVICES (3 US),FAHEY BUILDERS LTD============,760.00,1.00,760.00,,
PSP/19407,05/02/15,7600.00,"CLEANING GUTTERS,HOPPERS,DRAINAGE - SOUTHALL FS",PROPERTY SERVICES (3 US),FAHEY BUILDERS LTD============,760.00,1.00,760.00,,
PSP/19407,05/02/15,7600.00,"CLEANING GUTTERS,HOPPERS,DRAINAGE - HILLINGDON FS",PROPERTY SERVICES (3 US),FAHEY BUILDERS LTD============,760.00,1.00,760.00,,
PSP/19407,05/02/15,7600.00,"CLEANING GUTTERS,HOPPERS,DRAINAGE - HAYES FS",PROPERTY SERVICES (3 US),FAHEY BUILDERS LTD============,760.00,1.00,760.00,,
PSP/19407,05/02/15,7600.00,"CLEANING GUTTERS,HOPPERS,DRAINAGE - HOMERTON FS",PROPERTY SERVICES (3 US),FAHEY BUILDERS LTD============,760.00,1.00,760.00,,
PSP/19407,05/02/15,7600.00,"CLEANING GUTTERS,HOPPERS,DRAINAGE - SHOREDITCH FS",PROPERTY SERVICES (3 US),FAHEY BUILDERS LTD============,760.00,1.00,760.00,,
PSP/19407,05/02/15,7600.00,"CLEANING GUTTERS,HOPPERS,DRAINAGE - FELTHAM FS",PROPERTY SERVICES (3 US),FAHEY BUILDERS LTD============,760.00,1.00,760.00,,
ITM/01825,09/02/15,9210.00,SYMC ENTERPRISE VAULT EMAIL MANAGEMENT 11.0 PER USER RENEWAL,IT CONTRACT MANAGEMNT (1 US),PHOENIX SOFTWARE LTD==========,3.07,"3,000.00","9,210.00",ITM/01825,"9,210.00"
ITM/01826,09/02/15,5560.00,VMWARE RENEWAL SPV45-AV 01.4.15 - 31.3.2016,IT CONTRACT MANAGEMNT (1 US),"ACCELLION, INC.===============","5,560.00",1.00,"5,560.00",ITM/01826,"5,560.00"
PSP/19412,10/02/15,5791.00,BETHNAL GREEN FS - REBUILDING OF BRICK PLANTERS,BETHNAL GREEN FIRE STATION,COLLINS (CONTRACTORS) LTD=====,"5,791.00",1.00,"5,791.00",PSP/19412,"5,791.00"
TSE/54732,10/02/15,8661.44,"CAMS, SERVICE CHARGES",CONTROL & COMMS PROJECT (1 US),NORTHGATE INFO SOLUTIONS UK LT,"8,661.44",1.00,"8,661.44",TSE/54732,"8,661.44"
PSP/19413,11/02/15,6030.00,UNION STREET HQ - FULL LOAD TESTS,PROPERTY SERVICES (3 US),JACKSON LIFT GROUP============,1.00,"6,030.00","6,030.00",PSP/19413,"6,030.00"
PSP/19415,11/02/15,5145.00,DOWGATE FS - REPAIR TO APPLIANCE BAY FLOOR,DOWGATE FIRE STATION,FAHEY BUILDERS LTD============,"5,145.00",1.00,"5,145.00",PSP/19415,"5,145.00"
PSP/19416,11/02/15,6995.00,HOLLOWAY FS - YARD LIGHTING,HOLLOWAY FIRE STATION,MOOLANDS LTD,"6,995.00",1.00,"6,995.00",PSP/19416,"6,995.00"
PSP/19419,11/02/15,7300.00,INTERCEPTOR CLEANING - FELTHAM FS,PROPERTY SERVICES (3 US),MOOLANDS LTD,730.00,1.00,730.00,PSP/19419,"7,300.00"
PSP/19419,11/02/15,7300.00,INTERCEPTOR CLEANING - HORNSEY FS,PROPERTY SERVICES (3 US),MOOLANDS LTD,730.00,1.00,730.00,,
PSP/19419,11/02/15,7300.00,INTERCEPTOR CLEANING - HOLLOWAY FS,PROPERTY SERVICES (3 US),MOOLANDS LTD,730.00,1.00,730.00,,
PSP/19419,11/02/15,7300.00,INTERCEPTOR CLEANING - POPLAR FS,PROPERTY SERVICES (3 US),MOOLANDS LTD,730.00,1.00,730.00,,
PSP/19419,11/02/15,7300.00,INTERCEPTOR CLEANING - ERITH FS,PROPERTY SERVICES (3 US),MOOLANDS LTD,730.00,1.00,730.00,,
PSP/19419,11/02/15,7300.00,INTERCEPTOR CLEANING - LEWISHAM FS,PROPERTY SERVICES (3 US),MOOLANDS LTD,730.00,1.00,730.00,,
PSP/19419,11/02/15,7300.00,INTERCEPTOR CLEANING - SUTTON FS,PROPERTY SERVICES (3 US),MOOLANDS LTD,730.00,1.00,730.00,,
PSP/19419,11/02/15,7300.00,INTERCEPTOR CLEANING - CHELSEA FS,PROPERTY SERVICES (3 US),MOOLANDS LTD,730.00,1.00,730.00,,
PSP/19419,11/02/15,7300.00,INTERCEPTOR CLEANING - CLAPHAM FS,PROPERTY SERVICES (3 US),MOOLANDS LTD,730.00,1.00,730.00,,
PSP/19419,11/02/15,7300.00,INTERCEPTOR CLEANING - HAYES FS,PROPERTY SERVICES (3 US),MOOLANDS LTD,730.00,1.00,730.00,,
PSP/19420,11/02/15,5783.50,ISLINGTON FS - FEMALE SHOWER ROOM WORKS,ISLINGTON FIRE STATION,B NOKES CONTRACTS LTD,"5,783.50",1.00,"5,783.50",PSP/19420,"5,783.50"
PSP/19422,11/02/15,5782.00,ISLINGTON FS - NEW FALSE DOOR STATION MANAGERS OFFICE,ISLINGTON FIRE STATION,B NOKES CONTRACTS LTD,"5,782.00",1.00,"5,782.00",PSP/19422,"5,782.00"
PSP/19423,11/02/15,5793.50,SHOREDITCH FS - STATION MANAGERS TOILET & KITCHENETTE,SHOREDITCH FIRE STATION,B NOKES CONTRACTS LTD,"5,793.50",1.00,"5,793.50",PSP/19423,"5,793.50"
TSE/54760,11/02/15,6868.40,AGENCY WORKERS - FRS          EXTENSION OF PLACEMENT,HR OPERATIONS PERSONNEL (1 US),ADECCO UK LIMITED=============,17.84,385.00,"6,868.40",TSE/54760,"6,868.40"
TSE/54762,11/02/15,9932.00,ANNUAL CORPORATE SUBSCRIPTION - BRITISH STANDARDS INST (BSI),IMD HEAD OF INFO MNGT (G US),BSI MANAGEMENT SYSTEMS,1.00,"9,932.00","9,932.00",TSE/54762,"9,932.00"
PGS/09321,12/02/15,5000.00,GTS MEDIUM END OF LIFE RE-ENGINEERING,P.E. GROUP,RESPIREX======================,250.00,20.00,"5,000.00",PGS/09321,"5,000.00"
PSP/19425,12/02/15,6660.00,UNION STREET HQ,PROPERTY SERVICES (3 US),KIER BUILDING SERV ENGINEERS==,"6,660.00",1.00,"6,660.00",PSP/19425,"6,660.00"
PSP/19428,12/02/15,5254.75,ROMFORD FS - ELECTRICAL WORKS IN PORTERCABIN,ROMFORD FIRE STATION,B NOKES CONTRACTS LTD,"4,295.25",1.00,"4,295.25",PSP/19428,"5,254.75"
PSP/19428,12/02/15,5254.75,"ELECTRICAL WORKS IN PORTERCABIN, ADDITIONAL WORKS",ROMFORD FIRE STATION,B NOKES CONTRACTS LTD,959.50,1.00,959.50,,
PSP/19429,12/02/15,9822.00,ROMFORD FS - NEW GAS COOKER AND EXTRACTION,ROMFORD FIRE STATION,B NOKES CONTRACTS LTD,"9,822.00",1.00,"9,822.00",PSP/19429,"9,822.00"
PSP/19432,12/02/15,7550.00,"CLEANING OF GUTTERS, DRAINS AND ACOS - BECKENHAM FS",PROPERTY SERVICES (3 US),MOOLANDS LTD,755.00,1.00,755.00,PSP/19432,"7,550.00"
PSP/19432,12/02/15,7550.00,"CLEANING OF GUTTERS, DRAINS AND ACOS - BIGGIN HILL FS",PROPERTY SERVICES (3 US),MOOLANDS LTD,755.00,1.00,755.00,,
PSP/19432,12/02/15,7550.00,"CLEANING OF GUTTERS, DRAINS AND ACOS - BROMLEY FS",PROPERTY SERVICES (3 US),MOOLANDS LTD,755.00,1.00,755.00,,
PSP/19432,12/02/15,7550.00,"CLEANING OF GUTTERS, DRAINS AND ACOS - ELTHAM FS",PROPERTY SERVICES (3 US),MOOLANDS LTD,755.00,1.00,755.00,,
PSP/19432,12/02/15,7550.00,"CLEANING OF GUTTERS, DRAINS AND ACOS - PLUMSTEAD FS",PROPERTY SERVICES (3 US),MOOLANDS LTD,755.00,1.00,755.00,,
PSP/19432,12/02/15,7550.00,"CLEANING OF GUTTERS, DRAINS AND ACOS - DEPTFORD FS",PROPERTY SERVICES (3 US),MOOLANDS LTD,755.00,1.00,755.00,,
PSP/19432,12/02/15,7550.00,"CLEANING OF GUTTERS, DRAINS AND ACOS - HAMMERSMITH FS",PROPERTY SERVICES (3 US),MOOLANDS LTD,755.00,1.00,755.00,,
PSP/19432,12/02/15,7550.00,"CLEANING OF GUTTERS, DRAINS AND ACOS - KENSINGTON FS",PROPERTY SERVICES (3 US),MOOLANDS LTD,755.00,1.00,755.00,,
PSP/19432,12/02/15,7550.00,"CLEANING OF GUTTERS, DRAINS AND ACOS - BRIXTON FS",PROPERTY SERVICES (3 US),MOOLANDS LTD,755.00,1.00,755.00,,
PSP/19432,12/02/15,7550.00,"CLEANING OF GUTTERS, DRAINS AND ACOS - LAMBETH  FS",PROPERTY SERVICES (3 US),MOOLANDS LTD,755.00,1.00,755.00,,
TSE/54777,12/02/15,5275.20,AGENCY WORKERS - FRS          INITIAL PLACEMENT,MOBILISING PROCUREMENT PROJECT,ADECCO UK LIMITED=============,12.56,420.00,"5,275.20",TSE/54777,"5,275.20"
FPL/25028,13/02/15,6405.66,ADDINGTON - KITCHEN DEEP CLEAN JANUARY 2015,UNION STREET HQ - FM,REGENT OFFICE CARE LTD========,161.76,1.00,161.76,FPL/25028,"6,405.66"
FPL/25028,13/02/15,6405.66,BATTERSEA - KITCHEN DEEP CLEAN JANUARY 2015,UNION STREET HQ - FM,REGENT OFFICE CARE LTD========,161.76,1.00,161.76,,
FPL/25028,13/02/15,6405.66,BECKENHAM - KITCHEN DEEP CLEAN JANUARY 2015,UNION STREET HQ - FM,REGENT OFFICE CARE LTD========,194.11,1.00,194.11,,
FPL/25028,13/02/15,6405.66,CHINGFORD - KITCHEN DEEP CLEAN JANUARY 2015,UNION STREET HQ - FM,REGENT OFFICE CARE LTD========,161.76,1.00,161.76,,
FPL/25028,13/02/15,6405.66,CLAPHAM - KITCHEN DEEP CLEAN JANUARY 2015,UNION STREET HQ - FM,REGENT OFFICE CARE LTD========,194.11,1.00,194.11,,
FPL/25028,13/02/15,6405.66,DOCKHEAD - KITCHEN DEEP CLEAN JANUARY 2015,UNION STREET HQ - FM,REGENT OFFICE CARE LTD========,161.76,1.00,161.76,,
FPL/25028,13/02/15,6405.66,EALING - KITCHEN DEEP CLEAN JANUARY 2015,UNION STREET HQ - FM,REGENT OFFICE CARE LTD========,194.11,1.00,194.11,,
FPL/25028,13/02/15,6405.66,EAST HAM - KITCHEN DEEP CLEAN JANUARY 2015,UNION STREET HQ - FM,REGENT OFFICE CARE LTD========,194.11,1.00,194.11,,
FPL/25028,13/02/15,6405.66,ENFIELD - KITCHEN DEEP CLEAN JANUARY 2015,UNION STREET HQ - FM,REGENT OFFICE CARE LTD========,194.11,1.00,194.11,,
FPL/25028,13/02/15,6405.66,EUSTON - KITCHEN DEEP CLEAN JANUARY 2015,UNION STREET HQ - FM,REGENT OFFICE CARE LTD========,194.11,1.00,194.11,,
FPL/25028,13/02/15,6405.66,HAINAULT - KITCHEN DEEP CLEAN JANUARY 2015,UNION STREET HQ - FM,REGENT OFFICE CARE LTD========,161.76,1.00,161.76,,
FPL/25028,13/02/15,6405.66,HAROLD HILL - KITCHEN DEEP CLEAN JANUARY 2015,UNION STREET HQ - FM,REGENT OFFICE CARE LTD========,194.11,1.00,194.11,,
FPL/25028,13/02/15,6405.66,HARROW - KITCHEN DEEP CLEAN JANUARY 2015,UNION STREET HQ - FM,REGENT OFFICE CARE LTD========,161.76,1.00,161.76,,
FPL/25028,13/02/15,6405.66,HENDON - KITCHEN DEEP CLEAN JANUARY 2015,UNION STREET HQ - FM,REGENT OFFICE CARE LTD========,161.76,1.00,161.76,,
FPL/25028,13/02/15,6405.66,HESTON - KITCHEN DEEP CLEAN JANUARY 2015,UNION STREET HQ - FM,REGENT OFFICE CARE LTD========,194.11,1.00,194.11,,
FPL/25028,13/02/15,6405.66,HILLINGDON - KITCHEN DEEP CLEAN JANUARY 2015,UNION STREET HQ - FM,REGENT OFFICE CARE LTD========,161.76,1.00,161.76,,
FPL/25028,13/02/15,6405.66,HORNCHURCH - KITCHEN DEEP CLEAN JANUARY 2015,UNION STREET HQ - FM,REGENT OFFICE CARE LTD========,194.11,1.00,194.11,,
FPL/25028,13/02/15,6405.66,ILFORD - KITCHEN DEEP CLEAN JANUARY 2015,UNION STREET HQ - FM,REGENT OFFICE CARE LTD========,194.11,1.00,194.11,,
FPL/25028,13/02/15,6405.66,ISLINGTON - KITCHEN DEEP CLEAN JANUARY 2015,UNION STREET HQ - FM,REGENT OFFICE CARE LTD========,194.11,1.00,194.11,,
FPL/25028,13/02/15,6405.66,KENTISH TOWN - KITCHEN DEEP CLEAN JANUARY 2015,UNION STREET HQ - FM,REGENT OFFICE CARE LTD========,194.11,1.00,194.11,,
FPL/25028,13/02/15,6405.66,LAMBETH CBRN - KITCHEN DEEP CLEAN JANUARY 2015,UNION STREET HQ - FM,REGENT OFFICE CARE LTD========,161.76,1.00,161.76,,
FPL/25028,13/02/15,6405.66,NEW MALDEN - KITCHEN DEEP CLEAN JANUARY 2015,UNION STREET HQ - FM,REGENT OFFICE CARE LTD========,194.11,1.00,194.11,,
FPL/25028,13/02/15,6405.66,NORBURY - KITCHEN DEEP CLEAN JANUARY 2015,UNION STREET HQ - FM,REGENT OFFICE CARE LTD========,161.76,1.00,161.76,,
FPL/25028,13/02/15,6405.66,PARK ROYAL - KITCHEN DEEP CLEAN JANUARY 2015,UNION STREET HQ - FM,REGENT OFFICE CARE LTD========,161.76,1.00,161.76,,
FPL/25028,13/02/15,6405.66,ROMFORD - KITCHEN DEEP CLEAN JANUARY 2015,UNION STREET HQ - FM,REGENT OFFICE CARE LTD========,161.76,1.00,161.76,,
FPL/25028,13/02/15,6405.66,SOUTHGATE - KITCHEN DEEP CLEAN JANUARY 2015,UNION STREET HQ - FM,REGENT OFFICE CARE LTD========,161.76,1.00,161.76,,
FPL/25028,13/02/15,6405.66,STANMORE - KITCHEN DEEP CLEAN JANUARY 2015,UNION STREET HQ - FM,REGENT OFFICE CARE LTD========,161.76,1.00,161.76,,
FPL/25028,13/02/15,6405.66,SURBITON - KITCHEN DEEP CLEAN JANUARY 2015,UNION STREET HQ - FM,REGENT OFFICE CARE LTD========,161.76,1.00,161.76,,
FPL/25028,13/02/15,6405.66,SUTTON - KITCHEN DEEP CLEAN JANUARY 2015,UNION STREET HQ - FM,REGENT OFFICE CARE LTD========,194.11,1.00,194.11,,
FPL/25028,13/02/15,6405.66,TOOTING - KITCHEN DEEP CLEAN JANUARY 2015,UNION STREET HQ - FM,REGENT OFFICE CARE LTD========,194.11,1.00,194.11,,
FPL/25028,13/02/15,6405.66,TWICKENHAM - KITCHEN DEEP CLEAN JANUARY 2015,UNION STREET HQ - FM,REGENT OFFICE CARE LTD========,161.76,1.00,161.76,,
FPL/25028,13/02/15,6405.66,WEMBLEY - KITCHEN DEEP CLEAN JANUARY 2015,UNION STREET HQ - FM,REGENT OFFICE CARE LTD========,194.11,1.00,194.11,,
FPL/25028,13/02/15,6405.66,WEST HAMPSTEAD - KITCHEN DEEP CLEAN JANUARY 2015,UNION STREET HQ - FM,REGENT OFFICE CARE LTD========,194.11,1.00,194.11,,
FPL/25028,13/02/15,6405.66,WEST NORWOOD - KITCHEN DEEP CLEAN JANUARY 2015,UNION STREET HQ - FM,REGENT OFFICE CARE LTD========,161.76,1.00,161.76,,
FPL/25028,13/02/15,6405.66,WIMBLEDON - KITCHEN DEEP CLEAN JANUARY 2015,UNION STREET HQ - FM,REGENT OFFICE CARE LTD========,194.11,1.00,194.11,,
FPL/25028,13/02/15,6405.66,WOODSIDE - KITCHEN DEEP CLEAN JANUARY 2015,UNION STREET HQ - FM,REGENT OFFICE CARE LTD========,161.76,1.00,161.76,,
TSE/54838,13/02/15,8050.00,CONSULTANTS,FIRE SERVICES NCC MERTON,OPERATIONAL RESEARCH IN HEALTH,1.00,"8,050.00","8,050.00",TSE/54838,"8,050.00"
TSE/54924,17/02/15,7492.80,AGENCY WORKERS - FRS          INITIAL PLACEMENT,P.E. GROUP,ADECCO UK LIMITED=============,17.84,420.00,"7,492.80",TSE/54924,"7,492.80"
FPL/25142,18/02/15,5805.00,"ACTON DEEP CLEANING OF APPLIANCE BAY WALLS, DOORS & FLOORS",PROPERTY SERVICES (3 US),KNIGHTON CLEANING SERVICES LTD,215.00,1.00,215.00,FPL/25142,"5,805.00"
FPL/25142,18/02/15,5805.00,"BARKING DEEP CLEANING APPLIANCE BAY WALLS, DOORS & FLOORS",PROPERTY SERVICES (3 US),KNIGHTON CLEANING SERVICES LTD,215.00,1.00,215.00,,
FPL/25142,18/02/15,5805.00,"CHELSEA DEEP CLEANING OF APPLIANCE BAY WALLS, DOORS & FLOORS",PROPERTY SERVICES (3 US),KNIGHTON CLEANING SERVICES LTD,215.00,1.00,215.00,,
FPL/25142,18/02/15,5805.00,"CHINGFORD DEEP CLEANING APPLIANCE BAY WALLS, DOORS & FLOORS",PROPERTY SERVICES (3 US),KNIGHTON CLEANING SERVICES LTD,215.00,1.00,215.00,,
FPL/25142,18/02/15,5805.00,"CHISWICK DEEP CLEANING APPLIANCE BAY WALLS, DOORS & FLOORS",PROPERTY SERVICES (3 US),KNIGHTON CLEANING SERVICES LTD,215.00,1.00,215.00,,
FPL/25142,18/02/15,5805.00,"B GREEN DEEP CLEAN APPLIANCE BAY FLOORS, DOORS AND WALLS",PROPERTY SERVICES (3 US),KNIGHTON CLEANING SERVICES LTD,215.00,1.00,215.00,,
FPL/25142,18/02/15,5805.00,"DOWGATE DEEP CLEAN APPLIANCE BAY FLOORS, DOORS AND WALLS",PROPERTY SERVICES (3 US),KNIGHTON CLEANING SERVICES LTD,215.00,1.00,215.00,,
FPL/25142,18/02/15,5805.00,"EALING DEEP CLEAN APPLIANCE BAY FLOORS, DOORS AND WALLS",PROPERTY SERVICES (3 US),KNIGHTON CLEANING SERVICES LTD,215.00,1.00,215.00,,
FPL/25142,18/02/15,5805.00,"EAST HAM DEEP CLEAN APPLIANCE BAY FLOORS, DOORS AND WALLS",PROPERTY SERVICES (3 US),KNIGHTON CLEANING SERVICES LTD,215.00,1.00,215.00,,
FPL/25142,18/02/15,5805.00,"EDMONTON DEEP CLEAN APPLIANCE BAY FLOORS, DOORS AND WALLS",PROPERTY SERVICES (3 US),KNIGHTON CLEANING SERVICES LTD,215.00,1.00,215.00,,
FPL/25142,18/02/15,5805.00,"FINCHLEY DEEP CLEAN APPLIANCE BAY FLOORS, WALLS & DOORS",PROPERTY SERVICES (3 US),KNIGHTON CLEANING SERVICES LTD,215.00,1.00,215.00,,
FPL/25142,18/02/15,5805.00,"FULHAM DEEP CLEAN APPLIANCE BAY FLOORS, WALLS & DOORS",PROPERTY SERVICES (3 US),KNIGHTON CLEANING SERVICES LTD,215.00,1.00,215.00,,
FPL/25142,18/02/15,5805.00,"HENDON DEEP CLEAN APPLIANCE BAY FLOORS, WALLS & DOORS",PROPERTY SERVICES (3 US),KNIGHTON CLEANING SERVICES LTD,215.00,1.00,215.00,,
FPL/25142,18/02/15,5805.00,"HAYES DEEP CLEAN OF APPLIANCE BAY FLOORS, WALLS & DOORS",PROPERTY SERVICES (3 US),KNIGHTON CLEANING SERVICES LTD,215.00,1.00,215.00,,
FPL/25142,18/02/15,5805.00,"KENSINGTON DEEP CLEAN APPLIANCE BAY FLOORS, WALLS & DOORS",PROPERTY SERVICES (3 US),KNIGHTON CLEANING SERVICES LTD,215.00,1.00,215.00,,
FPL/25142,18/02/15,5805.00,"PADDINGTON DEEP CLEAN APPLIANCE BAY FLOORS, WALLS & DOORS",PROPERTY SERVICES (3 US),KNIGHTON CLEANING SERVICES LTD,215.00,1.00,215.00,,
FPL/25142,18/02/15,5805.00,"POPLAR DEEP CLEAN APPLIANCE BAY FLOORS, WALLS & DOORS",PROPERTY SERVICES (3 US),KNIGHTON CLEANING SERVICES LTD,215.00,1.00,215.00,,
FPL/25142,18/02/15,5805.00,"ROMFORD DEEP CLEAN APPLIANCE BAY FLOORS, WALLS & DOORS",PROPERTY SERVICES (3 US),KNIGHTON CLEANING SERVICES LTD,215.00,1.00,215.00,,
FPL/25142,18/02/15,5805.00,"RUISLIP DEEP CLEAN APPLIANCE BAY FLOORS, WALLS & DOORS",PROPERTY SERVICES (3 US),KNIGHTON CLEANING SERVICES LTD,215.00,1.00,215.00,,
FPL/25142,18/02/15,5805.00,"SHOREDITCH DEEP CLEAN APPLIANCE BAY FLOORS, WALLS & DOORS",PROPERTY SERVICES (3 US),KNIGHTON CLEANING SERVICES LTD,215.00,1.00,215.00,,
FPL/25142,18/02/15,5805.00,"STRATFORD DEEP CLEANS APPLIANCE WALLS, FLOORS AND DOORS",PROPERTY SERVICES (3 US),KNIGHTON CLEANING SERVICES LTD,215.00,1.00,215.00,,
FPL/25142,18/02/15,5805.00,"TOTTENHAM DEEP CLEANS APPLIANCE WALLS, FLOORS AND DOORS",PROPERTY SERVICES (3 US),KNIGHTON CLEANING SERVICES LTD,215.00,1.00,215.00,,
FPL/25142,18/02/15,5805.00,"WENBLEY DEEP CLEANS ON APPLIANCE WALLS, FLOORS AND DOORS",PROPERTY SERVICES (3 US),KNIGHTON CLEANING SERVICES LTD,215.00,1.00,215.00,,
FPL/25142,18/02/15,5805.00,"WENNINGTON DEEP CLEANS APPLIANCE WALLS, FLOORS AND DOORS",PROPERTY SERVICES (3 US),KNIGHTON CLEANING SERVICES LTD,215.00,1.00,215.00,,
FPL/25142,18/02/15,5805.00,"W HAMPSTEAD DEEP CLEANS APPLIANCE WALLS, FLOORS AND DOORS",PROPERTY SERVICES (3 US),KNIGHTON CLEANING SERVICES LTD,215.00,1.00,215.00,,
FPL/25142,18/02/15,5805.00,"WHITECHAPEL DEEP CLEAN APPLIANCE BAY WALLS, DOORS & FLOORS",PROPERTY SERVICES (3 US),KNIGHTON CLEANING SERVICES LTD,215.00,1.00,215.00,,
FPL/25142,18/02/15,5805.00,"WOODFORD DEEP CLEAN APPLIANCE BAY WALLS, DOORS & FLOORS",PROPERTY SERVICES (3 US),KNIGHTON CLEANING SERVICES LTD,215.00,1.00,215.00,,
FPL/25169,18/02/15,5972.20,"BATTERSEA DEEP CLEAN APPLIANCE BAY WALLS, DOORS & FLOORS",PROPERTY SERVICES (3 US),KNIGHTON CLEANING SERVICES LTD,215.00,1.00,215.00,FPL/25169,"5,972.20"
FPL/25169,18/02/15,5972.20,"BECKENHAM DEEP CLEAN APPLIANCE BAY WALLS, DOORS & FLOORS",PROPERTY SERVICES (3 US),KNIGHTON CLEANING SERVICES LTD,215.00,1.00,215.00,,
FPL/25169,18/02/15,5972.20,"BOMLEY DEEP CLEAN APPLIANCE BAY WALLS, DOORS & FLOORS",PROPERTY SERVICES (3 US),KNIGHTON CLEANING SERVICES LTD,215.00,1.00,215.00,,
FPL/25169,18/02/15,5972.20,"GREENWICH DEEP CLEAN APPLIANCE BAY WALLS, DOORS & FLOORS",PROPERTY SERVICES (3 US),KNIGHTON CLEANING SERVICES LTD,215.00,1.00,215.00,,
FPL/25169,18/02/15,5972.20,"KINGSTON DEEP CLEAN APPLIANCE BAY WALLS, DOORS & FLOORS",PROPERTY SERVICES (3 US),KNIGHTON CLEANING SERVICES LTD,215.00,1.00,215.00,,
FPL/25169,18/02/15,5972.20,"CROYDON DEEP CLEAN APPLIANCE BAY WALLS, DOORS & FLOORS",PROPERTY SERVICES (3 US),KNIGHTON CLEANING SERVICES LTD,215.00,1.00,215.00,,
FPL/25169,18/02/15,5972.20,"CLAPHAM DEEP CLEAN OF APPLIANCE BAY WALLS, DOORS & FLOORS",PROPERTY SERVICES (3 US),KNIGHTON CLEANING SERVICES LTD,215.00,1.00,215.00,,
FPL/25169,18/02/15,5972.20,"KINGSTON DEEP CLEAN APPLIANCE BAY WALLS, DOORS & FLOORS",PROPERTY SERVICES (3 US),KNIGHTON CLEANING SERVICES LTD,215.00,1.00,215.00,,
FPL/25169,18/02/15,5972.20,"LAMBETH DEEP CLEAN APPLIANCE BAY WALLS, DOORS & FLOORS",PROPERTY SERVICES (3 US),KNIGHTON CLEANING SERVICES LTD,215.00,1.00,215.00,,
FPL/25169,18/02/15,5972.20,"LEE GREEN DEEP CLEAN APPLIANCE BAY WALLS, DOORS & FLOORS",PROPERTY SERVICES (3 US),KNIGHTON CLEANING SERVICES LTD,215.00,1.00,215.00,,
FPL/25169,18/02/15,5972.20,"LEWISHAM DEEP CLEAN APPLIANCE BAY WALLS, DOORS & FLOORS",PROPERTY SERVICES (3 US),KNIGHTON CLEANING SERVICES LTD,215.00,1.00,215.00,,
FPL/25169,18/02/15,5972.20,"NEW CROSS DEEP CLEAN APPLIANCE BAY WALLS, DOORS & FLOORS",PROPERTY SERVICES (3 US),KNIGHTON CLEANING SERVICES LTD,215.00,1.00,215.00,,
FPL/25169,18/02/15,5972.20,"PECKHAM DEEP CLEAN OF APPLIANCE BAY WALLS, DOORS & FLOORS",PROPERTY SERVICES (3 US),KNIGHTON CLEANING SERVICES LTD,215.00,1.00,215.00,,
FPL/25169,18/02/15,5972.20,"RICHMOND DEEP CLEAN APPLIANCE BAY WALLS, DOORS & FLOORS",PROPERTY SERVICES (3 US),KNIGHTON CLEANING SERVICES LTD,215.00,1.00,215.00,,
FPL/25169,18/02/15,5972.20,"SOHO DEEP CLEAN OF APPLIANCE BAY WALLS, DOORS & FLOORS",PROPERTY SERVICES (3 US),KNIGHTON CLEANING SERVICES LTD,215.00,1.00,215.00,,
FPL/25169,18/02/15,5972.20,"SUTTON DEEP CLEAN APPLIANCE BAY WALLS, DOORS & FLOORS",PROPERTY SERVICES (3 US),KNIGHTON CLEANING SERVICES LTD,215.00,1.00,215.00,,
FPL/25169,18/02/15,5972.20,"TOOTING DEEP CLEAN APPLIANCE BAY WALLS, DOORS & FLOORS",PROPERTY SERVICES (3 US),KNIGHTON CLEANING SERVICES LTD,215.00,1.00,215.00,,
FPL/25169,18/02/15,5972.20,"TWICKENHAM DEEP CLEAN APPLIANCE BAY WALLS, DOORS & FLOORS",PROPERTY SERVICES (3 US),KNIGHTON CLEANING SERVICES LTD,215.00,1.00,215.00,,
FPL/25169,18/02/15,5972.20,"WALLINGTON DEEP CLEAN APPLIANCE BAY WALLS, DOORS & FLOORS",PROPERTY SERVICES (3 US),KNIGHTON CLEANING SERVICES LTD,215.00,1.00,215.00,,
FPL/25169,18/02/15,5972.20,"WANDSWORTH DEEP CLEAN APPLIANCE BAY WALLS, DOORS & FLOORS",PROPERTY SERVICES (3 US),KNIGHTON CLEANING SERVICES LTD,215.00,1.00,215.00,,
FPL/25169,18/02/15,5972.20,"WIMBELDON DEEP CLEAN APPLIANCE BAY WALLS, DOORS & FLOORS",PROPERTY SERVICES (3 US),KNIGHTON CLEANING SERVICES LTD,215.00,1.00,215.00,,
FPL/25169,18/02/15,5972.20,"WOODISDE DEEP CLEAN APPLIANCE BAY WALLS, DOORS & FLOORS",PROPERTY SERVICES (3 US),KNIGHTON CLEANING SERVICES LTD,215.00,1.00,215.00,,
FPL/25169,18/02/15,5972.20,"E GREENWICH DEEP CLEAN APPLIANCE BAY WALLS, DOORS & FLOORS",PROPERTY SERVICES (3 US),KNIGHTON CLEANING SERVICES LTD,215.00,1.00,215.00,,
FPL/25169,18/02/15,5972.20,"PLUMSTEAD DEEP CLEAN APPLIANCE BAY WALLS, DOORS & FLOORS",PROPERTY SERVICES (3 US),KNIGHTON CLEANING SERVICES LTD,215.00,1.00,215.00,,
FPL/25169,18/02/15,5972.20,"DEPTFORD DEEP CLEAN APPLIANCE BAY WALLS, DOORS & FLOORS",PROPERTY SERVICES (3 US),KNIGHTON CLEANING SERVICES LTD,215.00,1.00,215.00,,
FPL/25169,18/02/15,5972.20,"BRIXTON DEEP CLEAN APPLIANCE BAY WALLS, DOORS & FLOORS.",PROPERTY SERVICES (3 US),KNIGHTON CLEANING SERVICES LTD,215.00,1.00,215.00,,
FPL/25169,18/02/15,5972.20,MOBILE UNIT CLEAN PECKHAM GREENWICH WIMBELDON,PROPERTY SERVICES (3 US),KNIGHTON CLEANING SERVICES LTD,382.20,1.00,382.20,,
PSP/19449,18/02/15,7050.50,BECKENHAM FS - SUPPLY AND INSTALL GEAR HANGING TO TOP BOXES,BECKENHAM FIRE STATION,B NOKES CONTRACTS LTD,"7,050.50",1.00,"7,050.50",PSP/19449,"7,050.50"
PSP/19450,18/02/15,7296.41,BROMLEY FS  - REPAIR AND ALTERATION TO BOILER FLUE,BROMLEY FIRE STATION,KIER BUILDING SERV ENGINEERS==,"7,296.41",1.00,"7,296.41",PSP/19450,"7,296.41"
PSP/19453,18/02/15,7600.00,"CLEANING OF GUTTERS, HOPPERS AND DRAINAGE - PARK ROYAL FS",PROPERTY SERVICES (3 US),FAHEY BUILDERS LTD============,760.00,1.00,760.00,PSP/19453,"7,600.00"
PSP/19453,18/02/15,7600.00,"CLEANING OF GUTTERS, HOPPERS AND DRAINAGE - ACTON FS",PROPERTY SERVICES (3 US),FAHEY BUILDERS LTD============,760.00,1.00,760.00,,
PSP/19453,18/02/15,7600.00,"CLEANING OF GUTTERS, HOPPERS AND DRAINAGE - EALING FS",PROPERTY SERVICES (3 US),FAHEY BUILDERS LTD============,760.00,1.00,760.00,,
PSP/19453,18/02/15,7600.00,"CLEANING OF GUTTERS, HOPPERS AND DRAINAGE - EDMONTON FS",PROPERTY SERVICES (3 US),FAHEY BUILDERS LTD============,760.00,1.00,760.00,,
PSP/19453,18/02/15,7600.00,"CLEANING OF GUTTERS, HOPPERS AND DRAINAGE - SOUTHGATE FS",PROPERTY SERVICES (3 US),FAHEY BUILDERS LTD============,760.00,1.00,760.00,,
PSP/19453,18/02/15,7600.00,"CLEANING OF GUTTERS, HOPPERS AND DRAINAGE - RUISLIP FS",PROPERTY SERVICES (3 US),FAHEY BUILDERS LTD============,760.00,1.00,760.00,,
PSP/19453,18/02/15,7600.00,"CLEANING OF GUTTERS, HOPPERS AND DRAINAGE - CHISWICK FS",PROPERTY SERVICES (3 US),FAHEY BUILDERS LTD============,760.00,1.00,760.00,,
PSP/19453,18/02/15,7600.00,"CLEANING OF GUTTERS, HOPPERS AND DRAINAGE - HESTON FS",PROPERTY SERVICES (3 US),FAHEY BUILDERS LTD============,760.00,1.00,760.00,,
PSP/19453,18/02/15,7600.00,"CLEANING OF GUTTERS, HOPPERS AND DRAINAGE - HORNCHURCH FS",PROPERTY SERVICES (3 US),FAHEY BUILDERS LTD============,760.00,1.00,760.00,,
PSP/19453,18/02/15,7600.00,"CLEANING OF GUTTERS, HOPPERS AND DRAINAGE - WENNINGTON FS",PROPERTY SERVICES (3 US),FAHEY BUILDERS LTD============,760.00,1.00,760.00,,
ITG/03610,19/02/15,9193.92,AIR-CT5508-50-K9,IT NETWORK GROUP (1 US),COMPUTACENTRE================,"7,941.82",1.00,"7,941.82",ITG/03610,"9,193.92"
ITG/03610,19/02/15,9193.92,CC CISCO 8X5XNBD - PARTS ONLY 1Y FOR AIR-CT5508-50-K9,IT NETWORK GROUP (1 US),COMPUTACENTRE================,"1,252.10",1.00,"1,252.10",,
PSP/19461,19/02/15,9658.17,BROMLEY FS - CONSULTANCY SERVICES FOR ELECTRICAL REWIRE,BROMLEY FIRE STATION,AECOM INFRASTRUCTURE &,"9,658.17",1.00,"9,658.17",PSP/19461,"9,658.17"
PSP/19463,19/02/15,9658.17,HENDON FS - ELECTRICAL REWIRE SCHEME (FEES),HENDON FIRE STATION,AECOM INFRASTRUCTURE &,1.00,"9,658.17","9,658.17",PSP/19463,"9,658.17"
PSP/19474,23/02/15,9578.75,ASBESTOS SURVEY AND REMOVAL PROGRAM ADDINGTON FS,PROPERTY SERVICES (3 US),GRADIENT CONSULTANTS LLP======,290.00,1.00,290.00,PSP/19474,"9,578.75"
PSP/19474,23/02/15,9578.75,ASBESTOS SURVEY AND REMOVAL PROGRAM ADDINGTON FS,PROPERTY SERVICES (3 US),GRADIENT CONSULTANTS LLP======,290.00,1.00,290.00,,
PSP/19474,23/02/15,9578.75,ASBESTOS SURVEY AND REMOVAL PROGRAM BARKING FS,PROPERTY SERVICES (3 US),GRADIENT CONSULTANTS LLP======,48.75,1.00,48.75,,
PSP/19474,23/02/15,9578.75,ASBESTOS SURVEY AND REMOVAL PROGRAM BIGGIN HILL FS,PROPERTY SERVICES (3 US),GRADIENT CONSULTANTS LLP======,290.00,1.00,290.00,,
PSP/19474,23/02/15,9578.75,ASBESTOS SURVEY AND REMOVAL PROGRAM CHINGFORD FS,PROPERTY SERVICES (3 US),GRADIENT CONSULTANTS LLP======,290.00,1.00,290.00,,
PSP/19474,23/02/15,9578.75,ASBESTOS SURVEY AND REMOVAL PROGRAM CROYDON FS,PROPERTY SERVICES (3 US),GRADIENT CONSULTANTS LLP======,290.00,1.00,290.00,,
PSP/19474,23/02/15,9578.75,ASBESTOS SURVEY AND REMOVAL PROGRAM CROYDON FS,PROPERTY SERVICES (3 US),GRADIENT CONSULTANTS LLP======,290.00,1.00,290.00,,
PSP/19474,23/02/15,9578.75,ASBESTOS SURVEY AND REMOVAL PROGRAM DOWGATE FS,PROPERTY SERVICES (3 US),GRADIENT CONSULTANTS LLP======,290.00,1.00,290.00,,
PSP/19474,23/02/15,9578.75,ASBESTOS SURVEY AND REMOVAL PROGRAM EAST HAM FS,PROPERTY SERVICES (3 US),GRADIENT CONSULTANTS LLP======,290.00,1.00,290.00,,
PSP/19474,23/02/15,9578.75,ASBESTOS SURVEY AND REMOVAL PROGRAM EAST HAM FS,PROPERTY SERVICES (3 US),GRADIENT CONSULTANTS LLP======,290.00,1.00,290.00,,
PSP/19474,23/02/15,9578.75,ASBESTOS SURVEY AND REMOVAL PROGRAM EDMONTON FS,PROPERTY SERVICES (3 US),GRADIENT CONSULTANTS LLP======,290.00,1.00,290.00,,
PSP/19474,23/02/15,9578.75,ASBESTOS SURVEY AND REMOVAL PROGRAM HAINAULT FS,PROPERTY SERVICES (3 US),GRADIENT CONSULTANTS LLP======,290.00,1.00,290.00,,
PSP/19474,23/02/15,9578.75,ASBESTOS SURVEY AND REMOVAL PROGRAM HENDON FS,PROPERTY SERVICES (3 US),GRADIENT CONSULTANTS LLP======,290.00,1.00,290.00,,
PSP/19474,23/02/15,9578.75,ASBESTOS SURVEY AND REMOVAL PROGRAM LEYTON FS,PROPERTY SERVICES (3 US),GRADIENT CONSULTANTS LLP======,290.00,1.00,290.00,,
PSP/19474,23/02/15,9578.75,ASBESTOS SURVEY AND REMOVAL PROGRAM NEW MALDEN FS,PROPERTY SERVICES (3 US),GRADIENT CONSULTANTS LLP======,290.00,1.00,290.00,,
PSP/19474,23/02/15,9578.75,ASBESTOS SURVEY AND REMOVAL PROGRAM NORBURY FS,PROPERTY SERVICES (3 US),GRADIENT CONSULTANTS LLP======,290.00,1.00,290.00,,
PSP/19474,23/02/15,9578.75,ASBESTOS SURVEY AND REMOVAL PROGRAM NORBURY FS,PROPERTY SERVICES (3 US),GRADIENT CONSULTANTS LLP======,545.00,1.00,545.00,,
PSP/19474,23/02/15,9578.75,ASBESTOS SURVEY AND REMOVAL PROGRAM NORTH KENSINGTON FS,PROPERTY SERVICES (3 US),GRADIENT CONSULTANTS LLP======,290.00,1.00,290.00,,
PSP/19474,23/02/15,9578.75,ASBESTOS SURVEY AND REMOVAL PROGRAM PADDINGTON FS,PROPERTY SERVICES (3 US),GRADIENT CONSULTANTS LLP======,490.00,1.00,490.00,,
PSP/19474,23/02/15,9578.75,ASBESTOS SURVEY AND REMOVAL PROGRAM PADDINGTON FS,PROPERTY SERVICES (3 US),GRADIENT CONSULTANTS LLP======,290.00,1.00,290.00,,
PSP/19474,23/02/15,9578.75,ASBESTOS SURVEY AND REMOVAL PROGRAM PADDINGTON FS,PROPERTY SERVICES (3 US),GRADIENT CONSULTANTS LLP======,290.00,1.00,290.00,,
PSP/19474,23/02/15,9578.75,ASBESTOS SURVEY AND REMOVAL PROGRAM RICHMOND FS,PROPERTY SERVICES (3 US),GRADIENT CONSULTANTS LLP======,290.00,1.00,290.00,,
PSP/19474,23/02/15,9578.75,ASBESTOS SURVEY AND REMOVAL PROGRAM RUISLIP FS,PROPERTY SERVICES (3 US),GRADIENT CONSULTANTS LLP======,55.00,1.00,55.00,,
PSP/19474,23/02/15,9578.75,ASBESTOS SURVEY AND REMOVAL PROGRAM SOHO FS,PROPERTY SERVICES (3 US),GRADIENT CONSULTANTS LLP======,290.00,1.00,290.00,,
PSP/19474,23/02/15,9578.75,ASBESTOS SURVEY AND REMOVAL PROGRAM SOUTHGATE FS,PROPERTY SERVICES (3 US),GRADIENT CONSULTANTS LLP======,75.00,1.00,75.00,,
PSP/19474,23/02/15,9578.75,ASBESTOS SURVEY AND REMOVAL PROGRAM SOUTHALL FS,PROPERTY SERVICES (3 US),GRADIENT CONSULTANTS LLP======,290.00,1.00,290.00,,
PSP/19474,23/02/15,9578.75,ASBESTOS SURVEY AND REMOVAL PROGRAM SOUTHWARK,PROPERTY SERVICES (3 US),GRADIENT CONSULTANTS LLP======,290.00,1.00,290.00,,
PSP/19474,23/02/15,9578.75,ASBESTOS SURVEY AND REMOVAL PROGRAM STOKE NEWINGTON FS,PROPERTY SERVICES (3 US),GRADIENT CONSULTANTS LLP======,290.00,1.00,290.00,,
PSP/19474,23/02/15,9578.75,ASBESTOS SURVEY AND REMOVAL PROGRAM STRATFORD FS,PROPERTY SERVICES (3 US),GRADIENT CONSULTANTS LLP======,290.00,1.00,290.00,,
PSP/19474,23/02/15,9578.75,ASBESTOS SURVEY AND REMOVAL PROGRAM SUTTON FS,PROPERTY SERVICES (3 US),GRADIENT CONSULTANTS LLP======,425.00,1.00,425.00,,
PSP/19474,23/02/15,9578.75,ASBESTOS SURVEY AND REMOVAL PROGRAM TOTTENHAM FS,PROPERTY SERVICES (3 US),GRADIENT CONSULTANTS LLP======,55.00,1.00,55.00,,
PSP/19474,23/02/15,9578.75,ASBESTOS SURVEY AND REMOVAL PROGRAM TWICKENHAM FS,PROPERTY SERVICES (3 US),GRADIENT CONSULTANTS LLP======,290.00,1.00,290.00,,
PSP/19474,23/02/15,9578.75,ASBESTOS SURVEY AND REMOVAL PROGRAM WANDSWORTH FS,PROPERTY SERVICES (3 US),GRADIENT CONSULTANTS LLP======,290.00,1.00,290.00,,
PSP/19474,23/02/15,9578.75,ASBESTOS SURVEY AND REMOVAL PROGRAM WENNINGTON FS,PROPERTY SERVICES (3 US),GRADIENT CONSULTANTS LLP======,55.00,1.00,55.00,,
PSP/19474,23/02/15,9578.75,ASBESTOS SURVEY AND REMOVAL PROGRAM WOODFORD FS,PROPERTY SERVICES (3 US),GRADIENT CONSULTANTS LLP======,290.00,1.00,290.00,,
PSP/19476,24/02/15,7560.00,SECURITY PATROLS IN NE/NW-AREA,PROPERTY SERVICES (3 US),VIGILANCE PROPERTIES,1.00,"7,560.00","7,560.00",PSP/19476,"7,560.00"
PSP/19477,24/02/15,7596.80,SECURITY PATROLS IN SE/SW-AREA,PROPERTY SERVICES (3 US),SERVOCA SECURE SOLUTIONS LTD,"7,596.80",1.00,"7,596.80",PSP/19477,"7,596.80"
TSE/55068,24/02/15,5897.00,CONFERENCE HIRE OF FACILITIES,FIRED-UP PROJECT - PROC DEPT,GREATER LONDON AUTHORITY======,"5,897.00",1.00,"5,897.00",TSE/55068,"5,897.00"
TSE/55074,25/02/15,5700.00,TRAINING COURSES - EXTERNAL,FSR PERFORMANCE & TRNNG (2 US),LCK ASSOCIATES,"5,700.00",1.00,"5,700.00",TSE/55074,"5,700.00"
PGS/09342,26/02/15,7984.00,BATTERY PACK NIMH (MERLIN),P.E. GROUP,DRAEGER SAFETY UK LIMITED=====,99.80,80.00,"7,984.00",PGS/09342,"7,984.00"
PSP/19488,26/02/15,7954.00,DOWGATE FS - GEAR HANGING AND TOP LOCKERS,DOWGATE FIRE STATION,B NOKES CONTRACTS LTD,"7,954.00",1.00,"7,954.00",PSP/19488,"7,954.00"
PSP/19489,26/02/15,5783.50,ISLINGTON FS - LOCEKR ROOM SHOWERS,ISLINGTON FIRE STATION,B NOKES CONTRACTS LTD,"5,783.50",1.00,"5,783.50",PSP/19489,"5,783.50"
PSP/19490,26/02/15,6856.83,EAST HAM FS - STRUCTURAL FEASIBILITY FEES STAGE A TO B,EAST HAM FIRE STATION,AECOM INFRASTRUCTURE &,"6,856.83",1.00,"6,856.83",PSP/19490,"6,856.83"
TSE/55181,04/03/15,5355.00,"CONRACTOR DANIEL DUDLEY 09 - 31 MARCH, 2015",IT CONTRACT MANAGEMNT (1 US),ADECCO UK LIMITED=============,315.00,17.00,"5,355.00",TSE/55181,"5,355.00"
PSP/19519,05/03/15,5185.13,EUSTON FS - BOILER PUMP REPLACEMENT,EUSTON FIRE STATION,COFELY WORKPLACE LIMITED,"5,185.13",1.00,"5,185.13",PSP/19519,"5,185.13"
PSP/19525,05/03/15,8186.48,SUTTON FS - WASH DOWN AREA LED LIGHTING UPGRADE,SUTTON FIRE STATION,KIER BUILDING SERV ENGINEERS==,"8,186.48",1.00,"8,186.48",PSP/19525,"8,186.48"
PSP/19527,05/03/15,5400.00,"THERMOGRAPH SURVEYS-WALTHAMSTOW,WEST NORWOOD,MITCHAM",PROPERTY SERVICES (3 US),STANBURYS LTD,"5,400.00",1.00,"5,400.00",PSP/19527,"5,400.00"
TSE/55208,05/03/15,5000.00,EYE TEST COSTS -              FOCUS,HR EMPLOYEE RELAT'NS MS (1 US),FOCUS & VISION TECHNOLOGY LTD,1.00,"5,000.00","5,000.00",TSE/55208,"5,000.00"
TSE/55213,05/03/15,6855.00,USAR DOG GRANT - ESSEX FIRE & RESCUE SERVICE,OPS TACTICS (2 US),ESSEX FIRE AUTHORITY==========,"6,855.00",1.00,"6,855.00",TSE/55213,"6,855.00"
PSP/19541,06/03/15,5595.00,HOLLOWAY FS - REAR DOORS TO GYM TO YARD,HOLLOWAY FIRE STATION,B NOKES CONTRACTS LTD,"5,595.00",1.00,"5,595.00",PSP/19541,"5,595.00"
FPL/25697,10/03/15,5014.53,BETHNAL GREEN - KITCHEN DEEP CLEAN FEBRUARY 2015,PROPERTY SERVICES (3 US),REGENT OFFICE CARE LTD========,194.11,1.00,194.11,FPL/25697,"5,014.53"
FPL/25697,10/03/15,5014.53,BEXLEY - KITCHEN DEEP CLEAN FEBRUARY 2015,PROPERTY SERVICES (3 US),REGENT OFFICE CARE LTD========,161.76,1.00,161.76,,
FPL/25697,10/03/15,5014.53,BRIXTON - KITCHEN DEEP CLEAN FEBRUARY 2015,PROPERTY SERVICES (3 US),REGENT OFFICE CARE LTD========,161.76,1.00,161.76,,
FPL/25697,10/03/15,5014.53,BROMLEY - KITCHEN DEEP CLEAN FEBRUARY 2015,PROPERTY SERVICES (3 US),REGENT OFFICE CARE LTD========,194.11,1.00,194.11,,
FPL/25697,10/03/15,5014.53,CHELSEA - KITCHEN DEEP CLEAN FEBRUARY 2015,PROPERTY SERVICES (3 US),REGENT OFFICE CARE LTD========,194.11,1.00,194.11,,
FPL/25697,10/03/15,5014.53,CROYDON - KITCHEN DEEP CLEAN FEBRUARY 2015,PROPERTY SERVICES (3 US),REGENT OFFICE CARE LTD========,194.11,1.00,194.11,,
FPL/25697,10/03/15,5014.53,DOWGATE - KITCHEN DEEP CLEAN FEBRUARY 2015,PROPERTY SERVICES (3 US),REGENT OFFICE CARE LTD========,161.76,1.00,161.76,,
FPL/25697,10/03/15,5014.53,EAST GREENWICH - KITCHEN DEEP CLEAN FEBRUARY 2015,PROPERTY SERVICES (3 US),REGENT OFFICE CARE LTD========,194.11,1.00,194.11,,
FPL/25697,10/03/15,5014.53,ERITH - KITCHEN DEEP CLEAN FEBRUARY 2015,PROPERTY SERVICES (3 US),REGENT OFFICE CARE LTD========,161.76,1.00,161.76,,
FPL/25697,10/03/15,5014.53,GREENWICH - KITCHEN DEEP CLEAN FEBRUARY 2015,PROPERTY SERVICES (3 US),REGENT OFFICE CARE LTD========,194.11,1.00,194.11,,
FPL/25697,10/03/15,5014.53,HAMMERSMITH - KITCHEN DEEP CLEAN FEBRUARY 2015,PROPERTY SERVICES (3 US),REGENT OFFICE CARE LTD========,194.11,1.00,194.11,,
FPL/25697,10/03/15,5014.53,HEATHROW - KITCHEN DEEP CLEAN FEBRUARY 2015,PROPERTY SERVICES (3 US),REGENT OFFICE CARE LTD========,161.76,1.00,161.76,,
FPL/25697,10/03/15,5014.53,KINGSTON - KITCHEN DEEP CLEAN FEBRUARY 2015,PROPERTY SERVICES (3 US),REGENT OFFICE CARE LTD========,161.76,1.00,161.76,,
FPL/25697,10/03/15,5014.53,LAMBETH - KITCHEN DEEP CLEAN FEBRUARY 2015,PROPERTY SERVICES (3 US),REGENT OFFICE CARE LTD========,194.11,1.00,194.11,,
FPL/25697,10/03/15,5014.53,NEW CROSS - KITCHEN DEEP CLEAN FEBRUARY 2015,PROPERTY SERVICES (3 US),REGENT OFFICE CARE LTD========,161.76,1.00,161.76,,
FPL/25697,10/03/15,5014.53,NORTHOLT - KITCHEN DEEP CLEAN FEBRUARY 2015,PROPERTY SERVICES (3 US),REGENT OFFICE CARE LTD========,161.76,1.00,161.76,,
FPL/25697,10/03/15,5014.53,PADDINGTON - KITCHEN DEEP CLEAN FEBRUARY 2015,PROPERTY SERVICES (3 US),REGENT OFFICE CARE LTD========,194.11,1.00,194.11,,
FPL/25697,10/03/15,5014.53,PECKHAM - KITCHEN DEEP CLEAN FEBRUARY 2015,PROPERTY SERVICES (3 US),REGENT OFFICE CARE LTD========,194.11,1.00,194.11,,
FPL/25697,10/03/15,5014.53,POPLAR - KITCHEN DEEP CLEAN FEBRUARY 2015,PROPERTY SERVICES (3 US),REGENT OFFICE CARE LTD========,194.11,1.00,194.11,,
FPL/25697,10/03/15,5014.53,PLUMSTEAD - KITCHEN DEEP CLEAN FEBRUARY 2015,PROPERTY SERVICES (3 US),REGENT OFFICE CARE LTD========,161.76,1.00,161.76,,
FPL/25697,10/03/15,5014.53,RUISLIP - KITCHEN DEEP CLEAN FEBRUARY 2015,PROPERTY SERVICES (3 US),REGENT OFFICE CARE LTD========,161.76,1.00,161.76,,
FPL/25697,10/03/15,5014.53,SHOREDITCH - KITCHEN DEEP CLEAN FEBRUARY 2015,PROPERTY SERVICES (3 US),REGENT OFFICE CARE LTD========,194.11,1.00,194.11,,
FPL/25697,10/03/15,5014.53,SOUTHWARK MUSEUM - KITCHEN DEEP CLEAN FEBRUARY 2015,PROPERTY SERVICES (3 US),REGENT OFFICE CARE LTD========,161.76,1.00,161.76,,
FPL/25697,10/03/15,5014.53,STRATFORD EPT - KITCHEN DEEP CLEAN FEBRUARY 2015,PROPERTY SERVICES (3 US),REGENT OFFICE CARE LTD========,161.76,1.00,161.76,,
FPL/25697,10/03/15,5014.53,STRATFORD FS - KITCHEN DEEP CLEAN FEBRUARY 2015,PROPERTY SERVICES (3 US),REGENT OFFICE CARE LTD========,194.11,1.00,194.11,,
FPL/25697,10/03/15,5014.53,TOTTENHAM - KITCHEN DEEP CLEAN FEBRUARY 2015,PROPERTY SERVICES (3 US),REGENT OFFICE CARE LTD========,161.76,1.00,161.76,,
FPL/25697,10/03/15,5014.53,WALTHAMSTOW - KITCHEN DEEP CLEAN FEBRUARY 2015,PROPERTY SERVICES (3 US),REGENT OFFICE CARE LTD========,194.11,1.00,194.11,,
FPL/25697,10/03/15,5014.53,WILLESDEN - KITCHEN DEEP CLEAN FEBRUARY 2015,PROPERTY SERVICES (3 US),REGENT OFFICE CARE LTD========,194.11,1.00,194.11,,
PSP/19552,11/03/15,6290.00,LAMBETH REAR BLOCK - 5YR PERIODIC INSPECTION AND TESTING,PROPERTY SERVICES (3 US),BEAUMONT CONSTRUCTION SERVICES,"6,290.00",1.00,"6,290.00",PSP/19552,"6,290.00"
TSE/55363,11/03/15,5401.20,AGENCY WORKERS - FRS          EXTENSION OF PLACEMENT,IMD HEAD OF INFO MNGT (G US),ADECCO UK LIMITED=============,25.72,210.00,"5,401.20",TSE/55363,"5,401.20"
TSE/55369,11/03/15,6813.45,AGENCY WORKERS - FRS          EXTENSION OF PLACEMENT,IMD HEAD OF INFO MNGT (G US),ADECCO UK LIMITED=============,21.63,315.00,"6,813.45",TSE/55369,"6,813.45"
TSE/55372,11/03/15,6244.00,AGENCY WORKERS - FRS          INITIAL PLACEMENT,P.E. GROUP,ADECCO UK LIMITED=============,17.84,350.00,"6,244.00",TSE/55372,"6,244.00"
TSE/55374,11/03/15,5142.20,AGENCY WORKERS - FRS          INITIAL PLACEMENT,PROC - VEH AND EQP PRG (1 US),ADECCO UK LIMITED=============,36.73,140.00,"5,142.20",TSE/55374,"5,142.20"
TSE/55375,11/03/15,5275.20,AGENCY WORKERS - FRS          INITIAL PLACEMENT,MOBILISING PROCUREMENT PROJECT,ADECCO UK LIMITED=============,12.56,420.00,"5,275.20",TSE/55375,"5,275.20"
PSP/19555,12/03/15,7805.30,PEG CROYDON - ELECTRICAL VEHICLE CHARGEPOINTS,PROPERTY SERVICES (3 US),CHARGEMASTER PLC,"7,805.30",1.00,"7,805.30",PSP/19555,"7,805.30"
TSE/55399,12/03/15,5458.40,NON CATALOGUE - OFFICE EQUIPMENT,WATER OFFICE (US),EDM GROUP LIMITED,"5,458.40",1.00,"5,458.40",TSE/55399,"5,458.40"
PSP/19576,16/03/15,8116.00,WESTMINSTER FS - NEW BOILER/HEATING SYSTEM,WESTMINSTER FIRE STATION,MOOLANDS LTD,"8,116.00",1.00,"8,116.00",PSP/19576,"8,116.00"
TSE/55504,17/03/15,9510.90,GENERAL PRINTING - TRADE WINDS,COMMUNITY RISK REDUCT'N (2 US),TRADE WINDS===================,226.45,42.00,"9,510.90",TSE/55504,"9,510.90"
PSP/19594,18/03/15,9455.00,UPDATIONG OF CAD PLANS - CHISWICK FS,PROPERTY SERVICES (3 US),GRADIENT CONSULTANTS LLP======,545.00,1.00,545.00,PSP/19594,"9,455.00"
PSP/19594,18/03/15,9455.00,UPDATIONG OF CAD PLANS - KENTISH TOWN FS,PROPERTY SERVICES (3 US),GRADIENT CONSULTANTS LLP======,545.00,1.00,545.00,,
PSP/19594,18/03/15,9455.00,UPDATIONG OF CAD PLANS - PARK ROYAL FS,PROPERTY SERVICES (3 US),GRADIENT CONSULTANTS LLP======,545.00,1.00,545.00,,
PSP/19594,18/03/15,9455.00,UPDATIONG OF CAD PLANS - WEST HAMPSTEAD FS,PROPERTY SERVICES (3 US),GRADIENT CONSULTANTS LLP======,545.00,1.00,545.00,,
PSP/19594,18/03/15,9455.00,UPDATIONG OF CAD PLANS - WILLESDEN FS,PROPERTY SERVICES (3 US),GRADIENT CONSULTANTS LLP======,545.00,1.00,545.00,,
PSP/19594,18/03/15,9455.00,UPDATIONG OF CAD PLANS - ENFIELD FS,PROPERTY SERVICES (3 US),GRADIENT CONSULTANTS LLP======,545.00,1.00,545.00,,
PSP/19594,18/03/15,9455.00,UPDATIONG OF CAD PLANS - ERITH FS,PROPERTY SERVICES (3 US),GRADIENT CONSULTANTS LLP======,545.00,1.00,545.00,,
PSP/19594,18/03/15,9455.00,UPDATIONG OF CAD PLANS - FULHAM FS,PROPERTY SERVICES (3 US),GRADIENT CONSULTANTS LLP======,565.00,1.00,565.00,,
PSP/19594,18/03/15,9455.00,UPDATIONG OF CAD PLANS - HAINAULT FS,PROPERTY SERVICES (3 US),GRADIENT CONSULTANTS LLP======,545.00,1.00,545.00,,
PSP/19594,18/03/15,9455.00,UPDATIONG OF CAD PLANS - HESTON FS,PROPERTY SERVICES (3 US),GRADIENT CONSULTANTS LLP======,545.00,1.00,545.00,,
PSP/19594,18/03/15,9455.00,UPDATIONG OF CAD PLANS - LEE GREEN FS,PROPERTY SERVICES (3 US),GRADIENT CONSULTANTS LLP======,545.00,1.00,545.00,,
PSP/19594,18/03/15,9455.00,UPDATIONG OF CAD PLANS - RICHMOND FS,PROPERTY SERVICES (3 US),GRADIENT CONSULTANTS LLP======,545.00,1.00,545.00,,
PSP/19594,18/03/15,9455.00,UPDATIONG OF CAD PLANS - WANDSWORTH FS,PROPERTY SERVICES (3 US),GRADIENT CONSULTANTS LLP======,565.00,1.00,565.00,,
PSP/19594,18/03/15,9455.00,UPDATIONG OF CAD PLANS - EDMONTON FS,PROPERTY SERVICES (3 US),GRADIENT CONSULTANTS LLP======,620.00,1.00,620.00,,
PSP/19594,18/03/15,9455.00,UPDATIONG OF CAD PLANS - CHINGFORD FS,PROPERTY SERVICES (3 US),GRADIENT CONSULTANTS LLP======,545.00,1.00,545.00,,
PSP/19594,18/03/15,9455.00,UPDATIONG OF CAD PLANS - HENDON FS,PROPERTY SERVICES (3 US),GRADIENT CONSULTANTS LLP======,545.00,1.00,545.00,,
PSP/19594,18/03/15,9455.00,UPDATIONG OF CAD PLANS - FINCHLEY FS,PROPERTY SERVICES (3 US),GRADIENT CONSULTANTS LLP======,620.00,1.00,620.00,,
TSE/55531,18/03/15,5275.20,AGENCY WORKERS - FRS          INITIAL PLACEMENT,PROCUREMENT FLEET PFI (1US),ADECCO UK LIMITED=============,12.56,420.00,"5,275.20",TSE/55531,"5,275.20"
TSE/55533,18/03/15,5520.00,"DERV, ULTRA LOW SULPHUR DIESEL, ROAD USE - FOR STATION USE",CROYDON FIRE STATION,HALL FUELS,0.92,"6,000.00","5,520.00",TSE/55533,"5,520.00"
PGS/09373,19/03/15,5350.71,MICRO SET BUCKLE,P.E. GROUP,DRAEGER SAFETY UK LIMITED=====,4.97,3.00,14.91,PGS/09373,"5,350.71"
PGS/09373,19/03/15,5350.71,IN-LINE VALVE HEAD KIT,P.E. GROUP,DRAEGER SAFETY UK LIMITED=====,8.10,30.00,243.00,,
PGS/09373,19/03/15,5350.71,HEAD STRAP SMALL  CR,P.E. GROUP,DRAEGER SAFETY UK LIMITED=====,24.24,20.00,484.80,,
PGS/09373,19/03/15,5350.71,CAPILLARY KIT. 15 YEAR FOR    TWIN PACK CYLINDERS,P.E. GROUP,DRAEGER SAFETY UK LIMITED=====,35.40,30.00,"1,062.00",,
PGS/09373,19/03/15,5350.71,ESA LDV - ATB ASSY,P.E. GROUP,DRAEGER SAFETY UK LIMITED=====,38.02,10.00,380.20,,
PGS/09373,19/03/15,5350.71,ESA LDV HOSE ASSY (SHORT),P.E. GROUP,DRAEGER SAFETY UK LIMITED=====,22.60,10.00,226.00,,
PGS/09373,19/03/15,5350.71,9V ULTRALIFE LITHIUM BATTERY,P.E. GROUP,DRAEGER SAFETY UK LIMITED=====,7.97,10.00,79.70,,
PGS/09373,19/03/15,5350.71,PSS7000 MP HOSE,P.E. GROUP,DRAEGER SAFETY UK LIMITED=====,36.05,10.00,360.50,,
PGS/09373,19/03/15,5350.71,ESA CONNECTION - EXHALATION   VALVE DISC,P.E. GROUP,DRAEGER SAFETY UK LIMITED=====,7.13,30.00,213.90,,
PGS/09373,19/03/15,5350.71,REDUCER ASSY (MICRO SET),P.E. GROUP,DRAEGER SAFETY UK LIMITED=====,174.00,8.00,"1,392.00",,
PGS/09373,19/03/15,5350.71,WHISTLE WARNING UNIT,P.E. GROUP,DRAEGER SAFETY UK LIMITED=====,29.79,30.00,893.70,,
TSE/55558,19/03/15,5329.20,"PRINTING, FOR STORES FORMS    - CREATIVE SERVICES",BDC PURLEY WAY,DELTOR COMMUNICATIONS LTD.===,0.13,"40,000.00","5,329.20",TSE/55558,"5,329.20"
TSE/55560,19/03/15,5500.00,COMMUNITY SAFETY GOODS/SERVICES,COM'TY SAFETY INITIATIVES (US),LORD MAYOR'S SHOW LTD.========,"5,500.00",1.00,"5,500.00",TSE/55560,"5,500.00"
ITS/14197,20/03/15,5448.94,20 X ADDITIONAL CHANGE CREDITS,IT CONTRACT MANAGEMNT (1 US),LEVEL 3 COMMUNICATIONS UK,"5,448.94",1.00,"5,448.94",ITS/14197,"5,448.94"
ITS/14198,20/03/15,6400.00,CONSULTANCY  GREG SHARP - OP-01966898,IT BUSINESS SOLUTIONS (1 US),INFOR (UNITED KINGDOM) LIMITED,160.00,40.00,"6,400.00",ITS/14198,"6,400.00"
PSP/19604,20/03/15,8632.28,WEMBLEY FS - SHOWER CUBICAL REFURBISHMENT,WEMBLEY FIRE STATION,MAYPLACE PROPERTY SERVICES LIM,"8,632.28",1.00,"8,632.28",PSP/19604,"8,632.28"
TSE/55589,20/03/15,6855.00,USAR DOG GRANT - LINCOLNSHIRE COUNTY COUNCIL,OPS TACTICS (2 US),LINCOLNSHIRE COUNTY COUNCIL===,"6,855.00",1.00,"6,855.00",TSE/55589,"6,855.00"
TSE/55591,23/03/15,7866.00,AGENCY WORKERS - FRS          EXTENSION OF PLACEMENT,PROCUREMENT CAR SCHEME (1 US),ADECCO UK LIMITED=============,17.48,450.00,"7,866.00",TSE/55591,"7,866.00"
TSE/55595,23/03/15,5384.00,AGENCY WORKERS - FRS          EXTENSION OF PLACEMENT,TSS - MANAGMENT,ADECCO UK LIMITED=============,26.92,200.00,"5,384.00",TSE/55595,"5,384.00"
TSE/55596,23/03/15,6056.40,AGENCY WORKERS - FRS          EXTENSION OF PLACEMENT,IT CUSTOMER SUPPORT (1 US),ADECCO UK LIMITED=============,21.63,280.00,"6,056.40",TSE/55596,"6,056.40"
TSE/55601,23/03/15,9178.40,AGENCY WORKERS - FRS          EXTENSION OF PLACEMENT,IT CUSTOMER SUPPORT (1 US),ADECCO UK LIMITED=============,23.84,385.00,"9,178.40",TSE/55601,"9,178.40"
FPL/26185,26/03/15,9804.56,BEXLEY FIRE STATION - SUPPLY & INSTALL 280-G1 X-TRAINER,PROPERTY SERVICES (3 US),PULSE FITNESS LTD,"2,309.18",1.00,"2,309.18",FPL/26185,"9,804.56"
FPL/26185,26/03/15,9804.56,DEPTFORD FIRE STATION - SUPPLY AND INSTALL 240-G1 CYCLE,PROPERTY SERVICES (3 US),PULSE FITNESS LTD,"1,433.51",1.00,"1,433.51",,
FPL/26185,26/03/15,9804.56,PARK ROYAL FIRE STATION - SUPPLY & INSTALL 280-G1 X-TRAINER,PROPERTY SERVICES (3 US),PULSE FITNESS LTD,"2,309.18",1.00,"2,309.18",,
FPL/26185,26/03/15,9804.56,WEMBLEY FIRE STATION - SUPPLY AND INSTALL 240-G1 CYCLE,PROPERTY SERVICES (3 US),PULSE FITNESS LTD,"1,443.51",1.00,"1,443.51",,
FPL/26185,26/03/15,9804.56,WILLESDON FIRE STATION - SUPPLY & INSTALL 280-G1 X-TRAINER,PROPERTY SERVICES (3 US),PULSE FITNESS LTD,"2,309.18",1.00,"2,309.18",,
PSP/19631,26/03/15,7375.00,STRATFORD FALL BACK - KITCHEN SUPPLY AND EXTRACT SYSTEM,STRATFORD FIRE STATION,CK DIRECT,"7,375.00",1.00,"7,375.00",PSP/19631,"7,375.00"
PSP/19633,26/03/15,6352.12,FOREST HILL FS - PERIODIC TESTING,FOREST HILL FIRE STATION,BEAUMONT CONSTRUCTION SERVICES,"6,352.12",1.00,"6,352.12",PSP/19633,"6,352.12"
PSP/19634,26/03/15,7040.00,LFB TRAINING CENTRE - MAINTENANCE OF COMMUNICATION SYSTEMS,PROPERTY SERVICES (3 US),W E HEWITT,"7,040.00",1.00,"7,040.00",PSP/19634,"7,040.00"
TSE/55642,26/03/15,9573.28,MEDICAL SERVICES CONTRACT     SUPPLY OF CONSUMABLES,HR EMPLOYEE RELAT'NS MS (1 US),HEALTH MANAGEMENT LIMITED=====,"9,573.28",1.00,"9,573.28",TSE/55642,"9,573.28"
TSE/55669,26/03/15,5000.00,EXECUTIVE SEARCH SERVICES -   IRG ADVISORS,HR RECRUITMENT OA (1 US),IRG ADVISORS LLP,"5,000.00",1.00,"5,000.00",TSE/55669,"5,000.00"
TSE/55675,26/03/15,7492.80,AGENCY WORKERS - FRS          EXTENSION OF PLACEMENT,IMD HEAD OF INFO MNGT (G US),ADECCO UK LIMITED=============,17.84,420.00,"7,492.80",TSE/55675,"7,492.80"
PSP/19642,27/03/15,8261.49,FEASIBILITY - ROOF UPGRADE WORKS,EALING FIRE STATION,AECOM INFRASTRUCTURE &,"8,261.49",1.00,"8,261.49",PSP/19642,"8,261.49"
PSP/19643,27/03/15,9355.07,FEASIBILITY - ROOF UPGRADE WORKS FEE PROPOSAL,PADDINGTON FIRE STATION,AECOM INFRASTRUCTURE &,"9,355.07",1.00,"9,355.07",PSP/19643,"9,355.07"
PSP/19644,27/03/15,7850.86,FEASIBILITY - ROOF UPGRADE WORKS FEE PROPOSAL,HILLINGDON FIRE STATION,AECOM INFRASTRUCTURE &,"7,850.86",1.00,"7,850.86",PSP/19644,"7,850.86"
TSE/55696,27/03/15,5546.00,AGENCY WORKERS - FRS          EXTENSION OF PLACEMENT,COMMUNICATIONS SUPPORT (3 US),ADECCO UK LIMITED=============,693.25,8.00,"5,546.00",TSE/55696,"5,546.00"
TSE/55698,27/03/15,5360.00,HYDRANT STREET WORKS PERMIT   LANE RENTAL & BAY SUSPENSIONS,WATER OFFICE (US),THAMES WATER UTILITIES LTD====,240.00,1.00,240.00,TSE/55698,"5,360.00"
TSE/55698,27/03/15,5360.00,HYDRANT STREET WORKS PERMIT   LANE RENTAL & BAY SUSPENSIONS,WATER OFFICE (US),THAMES WATER UTILITIES LTD====,"1,200.00",1.00,"1,200.00",,
TSE/55698,27/03/15,5360.00,HYDRANT STREET WORKS PERMIT   LANE RENTAL & BAY SUSPENSIONS,WATER OFFICE (US),THAMES WATER UTILITIES LTD====,800.00,1.00,800.00,,
TSE/55698,27/03/15,5360.00,HYDRANT STREET WORKS PERMIT   LANE RENTAL & BAY SUSPENSIONS,WATER OFFICE (US),THAMES WATER UTILITIES LTD====,240.00,1.00,240.00,,
TSE/55698,27/03/15,5360.00,HYDRANT STREET WORKS PERMIT   LANE RENTAL & BAY SUSPENSIONS,WATER OFFICE (US),THAMES WATER UTILITIES LTD====,"2,400.00",1.00,"2,400.00",,
TSE/55698,27/03/15,5360.00,HYDRANT STREET WORKS PERMIT   LANE RENTAL & BAY SUSPENSIONS,WATER OFFICE (US),THAMES WATER UTILITIES LTD====,480.00,1.00,480.00,,
PSP/19645,30/03/15,5745.00,ASBESTOS REINSPECTIONS BROMLEY FS,PROPERTY SERVICES (3 US),GRADIENT CONSULTANTS LLP======,350.00,1.00,350.00,PSP/19645,"5,745.00"
PSP/19645,30/03/15,5745.00,ASBESTOS REINSPECTIONS CLAPHAM FS,PROPERTY SERVICES (3 US),GRADIENT CONSULTANTS LLP======,350.00,1.00,350.00,,
PSP/19645,30/03/15,5745.00,ASBESTOS REINSPECTIONS BEXLEY FS,PROPERTY SERVICES (3 US),GRADIENT CONSULTANTS LLP======,350.00,1.00,350.00,,
PSP/19645,30/03/15,5745.00,ASBESTOS REINSPECTIONS HOMERTON FS,PROPERTY SERVICES (3 US),GRADIENT CONSULTANTS LLP======,350.00,1.00,350.00,,
PSP/19645,30/03/15,5745.00,ASBESTOS REINSPECTIONS KENSINGTON FS,PROPERTY SERVICES (3 US),GRADIENT CONSULTANTS LLP======,55.00,1.00,55.00,,
PSP/19645,30/03/15,5745.00,ASBESTOS REINSPECTIONS LEWISHAM FS,PROPERTY SERVICES (3 US),GRADIENT CONSULTANTS LLP======,350.00,1.00,350.00,,
PSP/19645,30/03/15,5745.00,ASBESTOS REINSPECTIONS TOTTENHAM FS,PROPERTY SERVICES (3 US),GRADIENT CONSULTANTS LLP======,350.00,1.00,350.00,,
PSP/19645,30/03/15,5745.00,ASBESTOS REINSPECTIONS WALLINGTON FS,PROPERTY SERVICES (3 US),GRADIENT CONSULTANTS LLP======,350.00,1.00,350.00,,
PSP/19645,30/03/15,5745.00,ASBESTOS REINSPECTIONS WEMBLEY FS,PROPERTY SERVICES (3 US),GRADIENT CONSULTANTS LLP======,350.00,1.00,350.00,,
PSP/19645,30/03/15,5745.00,ASBESTOS REINSPECTIONS WEST NORWOOD FS,PROPERTY SERVICES (3 US),GRADIENT CONSULTANTS LLP======,55.00,1.00,55.00,,
PSP/19645,30/03/15,5745.00,ASBESTOS REINSPECTIONS 8 ALBERT EMBANKMENT,PROPERTY SERVICES (3 US),GRADIENT CONSULTANTS LLP======,700.00,1.00,700.00,,
PSP/19645,30/03/15,5745.00,ASBESTOS REINSPECTIONS BARNET FS,PROPERTY SERVICES (3 US),GRADIENT CONSULTANTS LLP======,55.00,1.00,55.00,,
PSP/19645,30/03/15,5745.00,ASBESTOS REINSPECTIONS CROYDON FS,PROPERTY SERVICES (3 US),GRADIENT CONSULTANTS LLP======,350.00,1.00,350.00,,
PSP/19645,30/03/15,5745.00,ASBESTOS REINSPECTIONS DOWGATE FS,PROPERTY SERVICES (3 US),GRADIENT CONSULTANTS LLP======,55.00,1.00,55.00,,
PSP/19645,30/03/15,5745.00,ASBESTOS REINSPECTIONS HORNCHURCH FS,PROPERTY SERVICES (3 US),GRADIENT CONSULTANTS LLP======,55.00,1.00,55.00,,
PSP/19645,30/03/15,5745.00,ASBESTOS REINSPECTIONS ISLINGTON  FS,PROPERTY SERVICES (3 US),GRADIENT CONSULTANTS LLP======,55.00,1.00,55.00,,
PSP/19645,30/03/15,5745.00,ASBESTOS REINSPECTIONS LAMBETH FS,PROPERTY SERVICES (3 US),GRADIENT CONSULTANTS LLP======,350.00,1.00,350.00,,
PSP/19645,30/03/15,5745.00,ASBESTOS REINSPECTIONS LAMBETH RIVER,PROPERTY SERVICES (3 US),GRADIENT CONSULTANTS LLP======,55.00,1.00,55.00,,
PSP/19645,30/03/15,5745.00,ASBESTOS REINSPECTIONS LEYTON FS,PROPERTY SERVICES (3 US),GRADIENT CONSULTANTS LLP======,55.00,1.00,55.00,,
PSP/19645,30/03/15,5745.00,ASBESTOS REINSPECTIONS PECKHAM FS,PROPERTY SERVICES (3 US),GRADIENT CONSULTANTS LLP======,55.00,1.00,55.00,,
PSP/19645,30/03/15,5745.00,ASBESTOS REINSPECTIONS SIDCUP FS,PROPERTY SERVICES (3 US),GRADIENT CONSULTANTS LLP======,350.00,1.00,350.00,,
PSP/19645,30/03/15,5745.00,ASBESTOS REINSPECTIONS UNION STREET HQ,PROPERTY SERVICES (3 US),GRADIENT CONSULTANTS LLP======,350.00,1.00,350.00,,
PSP/19645,30/03/15,5745.00,ASBESTOS REINSPECTIONS WIMBLEDON FS,PROPERTY SERVICES (3 US),GRADIENT CONSULTANTS LLP======,350.00,1.00,350.00,,
PSP/19648,30/03/15,6304.00,UNION STREET SPACE RATIONALISATION PROJECT,PROPERTY SERVICES (3 US),EDM GROUP LIMITED,"6,304.00",1.00,"6,304.00",PSP/19648,"6,304.00"
PSP/19650,30/03/15,9231.75,HENDON FS - REPLACEMENT FRONT APPLIANCE BAY DOORS,HENDON FIRE STATION,SWEETT  UK LTD,1.00,"9,231.75","9,231.75",PSP/19650,"9,231.75"
PSP/19653,31/03/15,6508.34,VARIABLE WORKS JANUARY 2015 ACTON,PROPERTY SERVICES (3 US),COFELY WORKPLACE LIMITED,125.40,1.00,125.40,PSP/19653,"6,508.34"
PSP/19653,31/03/15,6508.34,VARIABLE WORKS JANUARY 2015 ACTON,PROPERTY SERVICES (3 US),COFELY WORKPLACE LIMITED,200.20,1.00,200.20,,
PSP/19653,31/03/15,6508.34,VARIABLE WORKS JANUARY 2015 BARKING,PROPERTY SERVICES (3 US),COFELY WORKPLACE LIMITED,24.25,1.00,24.25,,
PSP/19653,31/03/15,6508.34,VARIABLE WORKS JANUARY 2015 BARNET,PROPERTY SERVICES (3 US),COFELY WORKPLACE LIMITED,70.45,1.00,70.45,,
PSP/19653,31/03/15,6508.34,VARIABLE WORKS JANUARY 2015 BETHNAL GREEN,PROPERTY SERVICES (3 US),COFELY WORKPLACE LIMITED,352.39,1.00,352.39,,
PSP/19653,31/03/15,6508.34,VARIABLE WORKS JANUARY 2015 BETHNAL GREEN,PROPERTY SERVICES (3 US),COFELY WORKPLACE LIMITED,82.50,1.00,82.50,,
PSP/19653,31/03/15,6508.34,VARIABLE WORKS JANUARY 2015 BETHNAL GREEN,PROPERTY SERVICES (3 US),COFELY WORKPLACE LIMITED,43.14,1.00,43.14,,
PSP/19653,31/03/15,6508.34,VARIABLE WORKS JANUARY 2015 CHELSEA,PROPERTY SERVICES (3 US),COFELY WORKPLACE LIMITED,10.79,1.00,10.79,,
PSP/19653,31/03/15,6508.34,VARIABLE WORKS JANUARY 2015 CHELSEA,PROPERTY SERVICES (3 US),COFELY WORKPLACE LIMITED,110.00,1.00,110.00,,
PSP/19653,31/03/15,6508.34,VARIABLE WORKS JANUARY 2015 DOWGATE,PROPERTY SERVICES (3 US),COFELY WORKPLACE LIMITED,26.96,1.00,26.96,,
PSP/19653,31/03/15,6508.34,VARIABLE WORKS JANUARY 2015 EALING,PROPERTY SERVICES (3 US),COFELY WORKPLACE LIMITED,10.79,1.00,10.79,,
PSP/19653,31/03/15,6508.34,VARIABLE WORKS JANUARY 2015 EDMONTON,PROPERTY SERVICES (3 US),COFELY WORKPLACE LIMITED,115.50,1.00,115.50,,
PSP/19653,31/03/15,6508.34,VARIABLE WORKS JANUARY 2015 EDMONTON,PROPERTY SERVICES (3 US),COFELY WORKPLACE LIMITED,203.50,1.00,203.50,,
PSP/19653,31/03/15,6508.34,VARIABLE WORKS JANUARY 2015 ENFIELD,PROPERTY SERVICES (3 US),COFELY WORKPLACE LIMITED,16.18,1.00,16.18,,
PSP/19653,31/03/15,6508.34,VARIABLE WORKS JANUARY 2015 EUSTON,PROPERTY SERVICES (3 US),COFELY WORKPLACE LIMITED,276.65,1.00,276.65,,
PSP/19653,31/03/15,6508.34,VARIABLE WORKS JANUARY 2015 HARROW,PROPERTY SERVICES (3 US),COFELY WORKPLACE LIMITED,165.00,1.00,165.00,,
PSP/19653,31/03/15,6508.34,VARIABLE WORKS JANUARY 2015 HAYES,PROPERTY SERVICES (3 US),COFELY WORKPLACE LIMITED,33.00,1.00,33.00,,
PSP/19653,31/03/15,6508.34,VARIABLE WORKS JANUARY 2015 HESTON,PROPERTY SERVICES (3 US),COFELY WORKPLACE LIMITED,86.28,1.00,86.28,,
PSP/19653,31/03/15,6508.34,VARIABLE WORKS JANUARY 2015 HILLINGDON,PROPERTY SERVICES (3 US),COFELY WORKPLACE LIMITED,49.07,1.00,49.07,,
PSP/19653,31/03/15,6508.34,VARIABLE WORKS JANUARY 2015 HORNCHRUCH,PROPERTY SERVICES (3 US),COFELY WORKPLACE LIMITED,49.07,1.00,49.07,,
PSP/19653,31/03/15,6508.34,VARIABLE WORKS JANUARY 2015 ILFORD,PROPERTY SERVICES (3 US),COFELY WORKPLACE LIMITED,19.84,1.00,19.84,,
PSP/19653,31/03/15,6508.34,VARIABLE WORKS JANUARY 2015 ISLINGTON,PROPERTY SERVICES (3 US),COFELY WORKPLACE LIMITED,53.93,1.00,53.93,,
PSP/19653,31/03/15,6508.34,VARIABLE WORKS JANUARY 2015 ISLINGTON,PROPERTY SERVICES (3 US),COFELY WORKPLACE LIMITED,75.50,1.00,75.50,,
PSP/19653,31/03/15,6508.34,VARIABLE WORKS JANUARY 2015 KENTISH TOWN,PROPERTY SERVICES (3 US),COFELY WORKPLACE LIMITED,16.18,1.00,16.18,,
PSP/19653,31/03/15,6508.34,VARIABLE WORKS JANUARY 2015 LEYTON,PROPERTY SERVICES (3 US),COFELY WORKPLACE LIMITED,126.00,1.00,126.00,,
PSP/19653,31/03/15,6508.34,VARIABLE WORKS JANUARY 2015 LEYTONSTONE,PROPERTY SERVICES (3 US),COFELY WORKPLACE LIMITED,243.42,1.00,243.42,,
PSP/19653,31/03/15,6508.34,VARIABLE WORKS JANUARY 2015 MILLWALL,PROPERTY SERVICES (3 US),COFELY WORKPLACE LIMITED,82.50,1.00,82.50,,
PSP/19653,31/03/15,6508.34,VARIABLE WORKS JANUARY 2015 NORTH KENSINGNTON,PROPERTY SERVICES (3 US),COFELY WORKPLACE LIMITED,10.79,1.00,10.79,,
PSP/19653,31/03/15,6508.34,VARIABLE WORKS JANUARY 2015 NORTHOLT,PROPERTY SERVICES (3 US),COFELY WORKPLACE LIMITED,132.00,1.00,132.00,,
PSP/19653,31/03/15,6508.34,VARIABLE WORKS JANUARY 2015 PADDINGTON,PROPERTY SERVICES (3 US),COFELY WORKPLACE LIMITED,59.40,1.00,59.40,,
PSP/19653,31/03/15,6508.34,VARIABLE WORKS JANUARY 2015 PADDINGTON,PROPERTY SERVICES (3 US),COFELY WORKPLACE LIMITED,21.57,1.00,21.57,,
PSP/19653,31/03/15,6508.34,VARIABLE WORKS JANUARY 2015 PARK ROYAL,PROPERTY SERVICES (3 US),COFELY WORKPLACE LIMITED,161.78,1.00,161.78,,
PSP/19653,31/03/15,6508.34,VARIABLE WORKS JANUARY 2015 POPLAR,PROPERTY SERVICES (3 US),COFELY WORKPLACE LIMITED,885.50,1.00,885.50,,
PSP/19653,31/03/15,6508.34,VARIABLE WORKS JANUARY 2015 SOHO,PROPERTY SERVICES (3 US),COFELY WORKPLACE LIMITED,36.02,1.00,36.02,,
PSP/19653,31/03/15,6508.34,VARIABLE WORKS JANUARY 2015 SOUTHGATE,PROPERTY SERVICES (3 US),COFELY WORKPLACE LIMITED,369.60,1.00,369.60,,
PSP/19653,31/03/15,6508.34,VARIABLE WORKS JANUARY 2015 SOUTHGATE,PROPERTY SERVICES (3 US),COFELY WORKPLACE LIMITED,308.00,1.00,308.00,,
PSP/19653,31/03/15,6508.34,VARIABLE WORKS JANUARY 2015 STANMORE,PROPERTY SERVICES (3 US),COFELY WORKPLACE LIMITED,315.37,1.00,315.37,,
PSP/19653,31/03/15,6508.34,VARIABLE WORKS JANUARY 2015 STOKE NEWINGTON,PROPERTY SERVICES (3 US),COFELY WORKPLACE LIMITED,49.07,1.00,49.07,,
PSP/19653,31/03/15,6508.34,VARIABLE WORKS JANUARY 2015 STRATFORD,PROPERTY SERVICES (3 US),COFELY WORKPLACE LIMITED,53.93,1.00,53.93,,
PSP/19653,31/03/15,6508.34,VARIABLE WORKS JANUARY 2015 TOTTENHAM,PROPERTY SERVICES (3 US),COFELY WORKPLACE LIMITED,75.50,1.00,75.50,,
PSP/19653,31/03/15,6508.34,VARIABLE WORKS JANUARY 2015 TOTTENHAM,PROPERTY SERVICES (3 US),COFELY WORKPLACE LIMITED,34.21,1.00,34.21,,
PSP/19653,31/03/15,6508.34,VARIABLE WORKS JANUARY 2015 WALTHAMSTOW,PROPERTY SERVICES (3 US),COFELY WORKPLACE LIMITED,198.00,1.00,198.00,,
PSP/19653,31/03/15,6508.34,VARIABLE WORKS JANUARY 2015 WEMBLEY,PROPERTY SERVICES (3 US),COFELY WORKPLACE LIMITED,21.57,1.00,21.57,,
PSP/19653,31/03/15,6508.34,VARIABLE WORKS JANUARY 2015  WENNINGTON,PROPERTY SERVICES (3 US),COFELY WORKPLACE LIMITED,208.26,1.00,208.26,,
PSP/19653,31/03/15,6508.34,VARIABLE WORKS JANUARY 2015  WEST HAMPSTEAD,PROPERTY SERVICES (3 US),COFELY WORKPLACE LIMITED,208.36,1.00,208.36,,
PSP/19653,31/03/15,6508.34,VARIABLE WORKS JANUARY 2015  WOODFORD,PROPERTY SERVICES (3 US),COFELY WORKPLACE LIMITED,110.00,1.00,110.00,,
PSP/19653,31/03/15,6508.34,VARIABLE WORKS JANUARY 2015  WOODFORD,PROPERTY SERVICES (3 US),COFELY WORKPLACE LIMITED,124.74,1.00,124.74,,
PSP/19653,31/03/15,6508.34,VARIABLE WORKS JANUARY 2015  WOODFORD,PROPERTY SERVICES (3 US),COFELY WORKPLACE LIMITED,412.50,1.00,412.50,,
PSP/19653,31/03/15,6508.34,VARIABLE WORKS JANUARY 2015  WOODFORD,PROPERTY SERVICES (3 US),COFELY WORKPLACE LIMITED,43.68,1.00,43.68,,
PSP/19654,31/03/15,6712.50,ASBESTOS MANAGEMENT CONSULTANCY,PROPERTY SERVICES (3 US),GRADIENT CONSULTANTS LLP======,"6,712.50",1.00,"6,712.50",PSP/19654,"6,712.50"
,,,,,,,,,,
