Borough,Ward,Incidents,Incidents,Incidents,Incidents,Incidents,Primary fires,Primary fires,Primary fires,Primary fires,Primary fires,Arson,Arson,Arson,Arson,Arson,"Dwelling fires
(Accidental)","Dwelling fires
(Accidental)","Dwelling fires
(Accidental)","Dwelling fires
(Accidental)","Dwelling fires
(Accidental)",Fires in care homes and sheltered housing,Fires in care homes and sheltered housing,Fires in care homes and sheltered housing,Fires in care homes and sheltered housing,Fires in care homes and sheltered housing,Fire deaths,Fire deaths,Fire deaths,Fire deaths,Fire deaths,Fire serious injuries,Fire serious injuries,Fire serious injuries,Fire serious injuries,Fire serious injuries,,
Borough,Ward,2012/13,2013/14,2014/15,2015/16,2016/17,2012/13,2013/14,2014/15,2015/16,2016/17,2012/13,2013/14,2014/15,2015/16,2016/17,2012/13,2013/14,2014/15,2015/16,2016/17,2012/13,2013/14,2014/15,2015/16,2016/17,2012/13,2013/14,2014/15,2015/16,2016/17,2012/13,2013/14,2014/15,2015/16,2016/17,,
Barking and Dagenham,Whalebone,85,89,74,108,102,16,13,12,20,17, 10 , 7 , 7 , 15 , 13 , 8 , 8 , 6 , 6 , 7 , , , , , , , , , , ,3,5, , , ,,
Barking and Dagenham,Village,145,145,136,139,125,13,18,21,25,12, 15 , 11 , 12 , 18 , 10 , 6 , 14 , 12 , 10 , 3 , , , , , , , , , , ,3,1,2, , ,,
Barking and Dagenham,Valence,87,79,51,79,78,7,15,5,12,18, 4 , 7 , 3 , 5 , 13 , 3 , 10 , 1 , 5 , 6 , , ,1, ,1, , , , , , ,4, ,1,1,,
Barking and Dagenham,Thames,232,217,212,280,285,43,42,39,49,37, 29 , 27 , 23 , 38 , 31 , 9 , 10 , 13 , 16 , 15 ,1, ,1,1,3, , , , , ,1,2,4, ,1,,
Barking and Dagenham,River,114,110,98,120,86,18,23,15,18,16, 5 , 10 , 12 , 7 , 6 , 11 , 9 , 8 , 8 , 8 , , , , , , , , , ,1,4,3,1, ,2,,
Barking and Dagenham,Parsloes,59,66,74,103,80,10,14,10,16,9, 8 , 14 , 8 , 13 , 11 , 5 , 8 , 6 , 7 , 3 , , , ,1, , ,1, , , , ,1,3,1,1,,
Barking and Dagenham,Mayesbrook,93,73,70,112,100,21,15,13,23,16, 15 , 11 , 6 , 12 , 14 , 10 , 7 , 8 , 10 , 5 ,1,1,1,2,1, , , , , ,2,1,2, , ,,
Barking and Dagenham,Longbridge,70,75,73,91,93,11,10,4,16,19, 6 , 7 , 5 , 3 , 3 , 6 , 4 , 1 , 12 , 13 , ,1, ,2, , , , , , , ,1, ,1,4,,
Barking and Dagenham,Heath,122,142,129,119,121,21,12,20,18,16, 13 , 10 , 23 , 14 , 15 , 11 , 10 , 8 , 9 , 8 , , ,1,1,1, , , , ,2,2, , , ,5,,
Barking and Dagenham,Goresbrook,86,106,82,82,104,18,17,14,18,25, 17 , 10 , 10 , 12 , 14 , 6 , 4 , 7 , 6 , 12 ,2, , ,1, , , , , , , , , ,1,2,,
Barking and Dagenham,Gascoigne,228,211,173,193,209,18,14,17,19,19, 16 , 13 , 10 , 11 , 16 , 10 , 5 , 10 , 10 , 12 , , , , , , , , , , , , , ,1,2,,
Barking and Dagenham,Eastbury,103,111,94,131,107,15,23,12,18,12, 11 , 13 , 9 , 12 , 6 , 8 , 10 , 6 , 10 , 5 , , , , , , , , , , ,3, ,1, , ,,
Barking and Dagenham,Eastbrook,109,124,109,87,97,11,17,12,11,13, 12 , 10 , 11 , 13 , 9 , 1 , 8 , 5 , 1 , 5 , , , , , , , , , , , ,1, , ,2,,
Barking and Dagenham,Chadwell Heath,123,123,96,106,102,18,13,14,20,13, 16 , 16 , 17 , 15 , 9 , 8 , 7 , 5 , 12 , 8 ,1, ,1, , , , , , , , , , , ,2,,
Barking and Dagenham,Becontree,87,79,115,134,100,14,11,16,26,18, 13 , 4 , 14 , 13 , 5 , 6 , 8 , 9 , 12 , 11 , , , , , , , , , , ,1, ,4,2,1,,
Barking and Dagenham,Alibon,79,76,79,78,88,16,9,16,12,18, 4 , 7 , 9 , 5 , 12 , 9 , 3 , 8 , 5 , 5 , , , , , , , , , , ,3, , ,1, ,,
Barking and Dagenham,Abbey,238,233,256,228,264,22,20,22,17,22, 8 , 17 , 19 , 13 , 13 , 11 , 8 , 8 , 8 , 6 , , , , , , , , , , , , ,1,1,2,,
Barnet,Woodhouse,191,149,120,157,162,17,20,19,20,15, 11 , 4 , 4 , 4 , 1 , 8 , 10 , 8 , 11 , 8 ,2,1, ,1,2, , , , , , ,2,2,1, ,,
Barnet,West Hendon,155,150,140,190,188,18,24,21,23,17, 3 , 10 , 7 , 10 , 3 , 10 , 10 , 6 , 10 , 6 , ,1, ,1, , , , , , ,1,1, ,1,1,,
Barnet,West Finchley,140,137,123,173,154,19,12,9,21,8, 3 , 5 , 3 , 3 ,   , 7 , 4 , 6 , 12 , 5 ,4, ,2,2,1, , , , , ,1, ,3,1, ,,
Barnet,Underhill,160,178,114,161,271,10,20,11,21,12, 7 , 16 , 6 , 8 , 5 , 7 , 8 , 6 , 12 , 6 , ,1, ,1,1, , , , , ,1, , , , ,,
Barnet,Totteridge,121,117,100,138,148,16,17,13,13,20, 2 , 1 , 3 , 5 , 6 , 10 , 10 , 8 , 6 , 9 ,2,2,1,1, , , , , , , ,1, , ,2,,
Barnet,Oakleigh,119,119,106,105,108,22,12,11,11,17, 9 , 4 , 2 , 1 , 1 , 11 , 5 , 6 , 7 , 12 ,1,1, , , , , , , , , , , , ,3,,
Barnet,Mill Hill,157,177,146,178,164,22,25,15,20,23, 3 , 6 , 5 , 10 , 5 , 11 , 9 , 7 , 9 , 12 , , , , , ,1, , , , , , ,1, , ,,
Barnet,High Barnet,185,159,160,167,157,24,11,21,15,19, 12 , 6 , 6 , 6 , 3 , 8 , 7 , 12 , 8 , 11 ,1,1,6,4,2, , , , , , , ,2,1, ,,
Barnet,Hendon,203,188,181,192,210,22,27,23,29,30, 6 , 6 , 7 , 7 , 3 , 13 , 20 , 16 , 20 , 19 , , ,2, , , ,1, , , ,1, ,1, ,4,,
Barnet,Hale,150,128,114,117,110,22,22,17,11,17, 6 , 6 , 3 , 4 , 3 , 11 , 11 , 10 , 4 , 12 ,2,1, , ,1, , , , , , , , , ,1,,
Barnet,Golders Green,215,214,216,263,206,31,22,17,25,26, 5 , 7 , 3 , 6 , 3 , 16 , 10 , 10 , 16 , 15 ,3,4,1,5,1, , , , , ,2, , , , ,,
Barnet,Garden Suburb,135,154,146,159,197,16,23,9,17,20, 2 ,   , 1 , 1 , 1 , 13 , 14 , 7 , 11 , 10 ,1,3,2,1,1, , , , , ,1, ,1, , ,,
Barnet,Finchley Church End,128,134,143,139,120,11,20,22,19,11,   , 3 , 4 , 2 , 2 , 8 , 14 , 16 , 11 , 7 , ,1, , , , , , , , ,2,4, , , ,,
Barnet,Edgware,190,204,182,139,166,16,27,29,20,17, 5 , 12 , 6 , 7 , 3 , 8 , 11 , 16 , 8 , 12 , , , , , , , , , , , , , ,2, ,,
Barnet,East Finchley,143,136,157,143,153,22,13,15,24,17, 9 , 3 , 4 , 3 , 3 , 9 , 8 , 9 , 13 , 8 ,3,1, ,4,2,1, , , , , ,2, ,1,1,,
Barnet,East Barnet,116,100,98,74,104,18,18,13,14,12, 9 , 1 , 2 , 7 , 2 , 8 , 11 , 8 , 10 , 7 , , , ,1, , , , , , ,3, ,3, ,1,,
Barnet,Coppetts,143,144,147,130,144,16,24,16,16,12, 9 , 6 , 9 , 3 , 7 , 9 , 11 , 8 , 11 , 8 , ,1, , , , , , , , ,4,2, ,3,2,,
Barnet,Colindale,201,169,178,209,174,29,24,27,28,21, 10 , 4 , 6 , 6 , 3 , 16 , 14 , 16 , 16 , 15 , , , , , , , , , , ,3,1,2,3,2,,
Barnet,Childs Hill,200,211,207,203,211,25,22,17,26,23, 6 , 4 , 2 , 6 , 3 , 12 , 13 , 12 , 8 , 11 ,2, , ,2, , , , , , ,4,2, ,1, ,,
Barnet,Burnt Oak,158,135,175,191,217,25,13,25,18,23, 14 , 10 , 24 , 18 , 17 , 13 , 8 , 17 , 12 , 11 ,1, ,2,1,1, , , , , ,3,2,1, ,1,,
Barnet,Brunswick Park,116,86,78,98,74,9,10,8,14,10, 1 , 4 , 3 , 5 , 4 , 7 , 7 , 4 , 7 , 5 ,2,1, ,1, , , , , , , , , , ,1,,
Bexley,Thamesmead East,133,157,135,131,157,30,30,20,27,19, 22 , 19 , 6 , 25 , 6 , 16 , 18 , 15 , 11 , 9 , , , , , , , , , , , ,2, , ,1,,
Bexley,St. Michael's,33,35,35,36,35,8,9,7,7,10, 4 , 3 , 1 , 1 , 4 , 4 , 5 , 4 , 6 , 3 , , , , , , , , , , , , , , ,1,,
Bexley,St. Mary's,55,57,73,80,53,8,4,14,9,4, 2 , 2 , 6 , 4 , 4 , 4 , 3 , 6 , 4 , 1 , , ,2, , , , , , , , , , ,1, ,,
Bexley,Sidcup,105,97,100,114,126,12,12,5,7,8, 4 ,   , 2 , 5 , 5 , 7 , 8 , 2 , 3 , 4 ,3,3,1,1,1, , , , , , ,2, ,1, ,,
Bexley,Northumberland Heath,54,36,47,45,64,13,9,17,8,10, 6 , 4 , 9 , 8 , 10 , 5 , 4 , 10 , 2 , 4 ,1,1, , , , , , , , , , , , , ,,
Bexley,North End,192,198,142,207,182,42,26,21,30,22, 36 , 34 , 21 , 39 , 20 , 11 , 9 , 6 , 13 , 8 ,3,2,1,1, , , , , , , , , , ,1,,
Bexley,Longlands,95,128,92,111,111,9,7,6,17,12, 1 , 3 , 3 , 5 , 2 , 5 , 3 , 4 , 6 , 7 ,2,2, ,2, , , , , , , ,3, , ,1,,
Bexley,Lesnes Abbey,75,68,91,115,66,15,11,19,27,12, 4 , 10 , 17 , 29 , 6 , 8 , 5 , 5 , 11 , 5 , , , , , , , , , , ,1, ,1,3,1,,
Bexley,Falconwood and Welling,56,34,63,62,63,5,2,11,13,16, 1 ,   , 5 , 4 , 12 , 5 ,   , 4 , 5 , 4 , , , , , , , , , , ,1, ,1,2,1,,
Bexley,Erith,217,213,197,231,227,23,20,22,32,39, 10 , 25 , 19 , 30 , 28 , 10 , 8 , 12 , 13 , 12 ,2,3, ,2,1, , , , , , , , ,1,2,,
Bexley,East Wickham,53,41,49,65,100,16,5,10,6,18, 1 , 1 , 6 , 7 , 6 , 13 , 2 , 7 , 3 , 8 , , ,2, ,1, , , , , ,1, , , ,6,,
Bexley,Danson Park,60,97,104,113,107,10,8,16,16,8, 5 , 3 , 11 , 10 , 6 , 4 , 3 , 5 , 8 , 4 , , ,1, ,1, , , , , ,1, ,2,2,1,,
Bexley,Crayford,109,130,141,135,128,13,17,20,18,18, 9 , 8 , 12 , 8 , 8 , 4 , 5 , 5 , 6 , 2 , , ,2,3,3, , , , , ,2, , , , ,,
Bexley,Cray Meadows,101,129,108,106,128,13,6,10,10,18, 7 , 3 , 8 , 5 , 12 , 2 , 4 , 1 , 4 , 3 ,1, , , , , , , , , , , , , ,1,,
Bexley,Colyers,76,58,45,53,65,12,14,10,6,10, 10 , 5 , 2 , 4 , 5 , 6 , 5 , 6 , 4 , 6 , , , ,1,1, , , , , , , ,1, ,1,,
Bexley,Christchurch,120,123,111,148,122,13,14,11,15,12, 2 , 7 , 5 , 5 , 5 , 8 , 3 , 2 , 2 , 6 ,2, ,1, ,1, , , , , ,1, , ,3,3,,
Bexley,Brampton,27,37,45,32,40,8,6, ,6,3, 1 , 3 ,   , 1 , 4 , 6 , 2 ,   , 2 ,   , , , , , , , , , , , , , , , ,,
Bexley,Blendon and Penhill,50,48,56,62,46,10,6,9,9,6, 1 , 2 , 3 , 3 , 5 , 1 , 2 , 1 , 2 , 4 , ,1, ,1, , , , ,1, , , , , , ,,
Bexley,Blackfen and Lamorbey,25,27,31,25,42,5,3,7,4,8, 1 , 1 , 2 , 2 , 1 , 4 , 3 , 6 , 1 , 5 , , , , , , , , , , , , , , , ,,
Bexley,Belvedere,157,114,139,139,161,20,20,25,19,19, 11 , 13 , 18 , 6 , 19 , 11 , 7 , 9 , 8 , 9 ,2,1,2,3,2, , , , , , , , , , ,,
Bexley,Barnehurst,84,93,112,89,94,12,4,13,11,14, 6 , 4 , 6 , 8 , 6 , 8 , 2 , 5 , 3 , 4 ,2,1,2,2, , , , , , , , , , ,1,,
Brent,Willesden Green,170,187,166,172,220,38,24,21,27,34, 13 , 3 , 3 , 6 , 13 , 17 , 12 , 11 , 16 , 17 ,2,1,1,2,1,1, , , , ,1,1, ,1,7,,
Brent,Wembley Central,211,190,153,184,155,18,13,24,21,12, 5 , 2 , 2 , 4 , 9 , 10 , 9 , 12 , 7 , 6 ,1, , , ,1, , , ,1, ,1,2,1,1,1,,
Brent,Welsh Harp,92,126,115,102,131,12,18,17,18,19, 5 , 4 , 3 , 3 , 8 , 5 , 9 , 8 , 10 , 10 ,1,2, ,1,1, , , , , ,2, , ,5,2,,
Brent,Tokyngton,161,173,146,199,190,16,11,15,18,19, 4 , 6 , 4 , 4 , 5 , 6 , 5 , 6 , 5 , 11 , , , , , , ,1, , , , ,1, ,3, ,,
Brent,Sudbury,81,88,89,98,100,15,15,20,12,14, 4 , 5 , 1 , 8 , 6 , 6 , 9 , 13 , 4 , 7 , , ,1,1, ,1, , , , , ,1,3,3, ,,
Brent,Stonebridge,356,355,263,336,364,44,39,31,51,33, 12 , 8 , 4 , 16 , 9 , 20 , 18 , 16 , 25 , 15 ,1,5,1,2,1, , , , , ,4,4,18, ,4,,
Brent,Queensbury,107,87,76,100,129,7,13,14,9,18, 5 , 4 , 2 , 1 , 4 , 4 , 4 , 10 , 5 , 9 , , , , , , ,1, , , , ,1,1,2,2,,
Brent,Queens Park,122,109,105,130,110,13,12,13,19,13, 5 , 5 , 1 , 2 , 1 , 8 , 6 , 10 , 14 , 10 , , , , , , , , , ,1,1,3,1, , ,,
Brent,Preston,146,164,123,118,135,12,21,15,13,19, 4 , 5 , 2 , 3 , 7 , 7 , 11 , 11 , 9 , 10 , , ,1,2,1, , , ,1, ,3,1, , ,2,,
Brent,Northwick Park,85,90,86,85,86,19,14,16,15,13, 5 , 2 , 2 , 4 , 5 , 6 , 3 , 5 , 8 , 7 , , , , ,1, , , , , , ,1,2,1, ,,
Brent,Mapesbury,148,137,141,115,104,28,15,16,25,14, 7 , 4 , 5 , 3 , 3 , 19 , 8 , 10 , 17 , 10 ,1,4,1,1,1, , , , , ,2,2, , , ,,
Brent,Kilburn,252,186,170,207,231,29,23,22,9,21, 8 , 2 , 3 , 3 , 3 , 20 , 17 , 11 , 6 , 12 ,3, ,1, , , , , , , ,1,1,1,2, ,,
Brent,Kenton,66,65,81,69,67,13,8,10,11,4, 1 , 3 , 5 , 4 ,   , 10 , 3 , 5 , 7 , 1 ,1, ,1,1, , , , , , ,1, , , , ,,
Brent,Kensal Green,123,128,106,144,142,25,19,22,18,20, 8 , 5 , 2 , 2 , 3 , 17 , 9 , 18 , 11 , 12 ,1,3, ,1, , , , , , ,1, , , , ,,
Brent,Harlesden,149,194,176,200,199,18,21,27,29,21, 2 , 5 , 8 , 9 , 8 , 14 , 16 , 16 , 17 , 15 , , , , ,1, , , , , ,1,2, ,1, ,,
Brent,Fryent,72,81,64,82,98,9,12,14,7,15, 1 , 1 , 7 , 1 , 5 , 5 , 9 , 3 , 1 , 9 , , , , , , , , , , , , , , , ,,
Brent,Dudden Hill,133,125,86,113,136,23,19,16,32,18, 5 , 10 , 2 , 9 , 7 , 14 , 11 , 10 , 21 , 10 , , , , , , , , , , , ,3,4,2, ,,
Brent,Dollis Hill,132,94,139,175,138,11,19,25,24,13, 1 , 1 , 4 , 8 , 5 , 4 , 11 , 12 , 11 , 7 , , , , , , , , ,1, ,1,1,1,2, ,,
Brent,Brondesbury Park,189,185,151,139,144,24,41,25,15,28, 3 , 9 , 5 , 2 , 3 , 13 , 21 , 13 , 9 , 18 ,7,17,7,2,6, , , , , ,2,2,1,3,3,,
Brent,Barnhill,125,123,100,130,150,20,21,9,16,25, 4 , 2 , 1 , 2 , 6 , 11 , 13 , 5 , 13 , 16 ,3,3,1, ,3, , , , , ,1,2,2, ,3,,
Brent,Alperton,95,97,95,92,105,17,11,14,18,15, 5 , 3 , 5 , 5 , 9 , 8 , 4 , 6 , 4 , 6 , , , , , , , , , , , , , ,1,1,,
Bromley,West Wickham,64,75,59,66,69,12,5,5,10,10, 1 , 2 , 1 , 5 , 2 , 5 , 1 , 2 , 6 , 6 ,2, , ,1, , , , ,1, , , ,1, , ,,
Bromley,Shortlands,53,65,67,45,50,10,5,13,5,3, 2 , 1 , 1 ,   ,   , 6 , 3 , 9 , 2 , 2 ,1, ,3,1,1, , ,1, , , , , , , ,,
Bromley,Plaistow and Sundridge,93,133,113,97,106,16,13,19,7,8, 5 , 5 , 7 , 3 , 1 , 10 , 7 , 10 , 5 , 6 ,4,2,2, ,1, , , , , , ,1, ,2, ,,
Bromley,Petts Wood and Knoll,57,67,47,53,70,9,5,9,8,5, 4 , 1 , 3 , 3 , 1 , 5 , 3 , 4 , 4 , 4 ,1, , , , , , , , , ,4, , , , ,,
Bromley,Penge and Cator,197,244,199,210,200,24,29,33,27,28, 8 , 25 , 22 , 14 , 17 , 11 , 13 , 12 , 14 , 13 , , ,1, ,1, , , , , ,2,1,3,5,2,,
Bromley,Orpington,151,160,147,205,164,13,23,15,22,16, 16 , 20 , 12 , 45 , 7 , 3 , 4 , 5 , 5 , 10 , ,1, ,1, , , , , , , , , , , ,,
Bromley,Mottingham and Chislehurst North,96,97,97,104,97,28,17,15,14,16, 14 , 12 , 17 , 10 , 9 , 10 , 9 , 3 , 3 , 7 ,2, , , , , , , , , ,1, , , , ,,
Bromley,Kelsey and Eden Park,161,170,130,151,129,17,22,10,9,14, 5 , 8 , 2 , 5 , 4 , 5 , 9 , 8 , 4 , 9 ,1,2,2,1, , , , , , , ,1,2,1, ,,
Bromley,Hayes and Coney Hall,86,116,93,89,113,13,16,10,11,12, 4 , 13 , 5 , 5 , 10 , 6 , 8 , 5 , 6 , 2 ,3,2,1,1, , , , , , , ,1, , , ,,
Bromley,Farnborough and Crofton,130,124,110,116,101,10,14,10,16,17, 3 , 6 , 8 , 5 , 10 , 5 , 6 , 3 , 5 , 8 ,2,2, , , , , , , ,1,2,1, ,2,1,,
Bromley,Darwin,58,63,47,68,71,7,7,8,13,12, 4 , 7 , 2 , 7 , 14 , 2 ,   , 3 , 4 , 1 , , ,1, , , , , ,1, , , ,1,2, ,,
Bromley,Crystal Palace,155,144,149,182,169,27,17,21,16,19, 15 , 10 , 18 , 9 , 11 , 11 , 6 , 12 , 7 , 9 ,3,5,1,1,1, , , , , ,2,1, ,1, ,,
Bromley,Cray Valley West,121,205,262,262,310,28,24,26,23,33, 25 , 16 , 10 , 12 , 39 , 9 , 5 , 6 , 11 , 9 , , ,2,2,1,1, , , , ,1, ,1, , ,,
Bromley,Cray Valley East,258,242,212,292,308,45,38,30,41,60, 43 , 42 , 44 , 62 , 93 , 13 , 12 , 7 , 11 , 11 ,2,2, ,1,1,1, , , ,1,1, ,3, ,4,,
Bromley,Copers Cope,127,151,143,146,134,15,12,17,15,15, 1 , 2 , 5 , 3 , 3 , 5 , 8 , 8 , 7 , 11 ,3,1,1,2, , , , , , ,5, , ,2,1,,
Bromley,Clock House,119,109,130,103,122,13,6,14,11,14, 3 , 2 , 8 , 1 , 4 , 6 , 2 , 4 , 4 , 10 ,2,1,1,2,1, , , , , ,1,1,1, ,1,,
Bromley,Chislehurst,145,154,126,140,134,14,16,11,12,22, 7 , 5 , 7 , 11 , 5 , 4 , 9 , 1 , 5 , 8 , ,1, , , , , , , , , , ,1, , ,,
Bromley,Chelsfield and Pratts Bottom,80,75,66,79,73,18,12,12,8,17, 5 , 3 , 5 , 4 , 8 , 12 , 5 , 6 , 3 , 5 ,3, ,1,2, , , , , , ,1, ,2, , ,,
Bromley,Bromley Town,300,281,288,291,350,27,23,17,17,27, 6 , 6 , 4 , 3 , 5 , 15 , 8 , 7 , 6 , 13 ,1, , ,2,1, , , , , ,2,2, , , ,,
Bromley,Bromley Common and Keston,137,157,155,175,140,11,16,16,22,24, 14 , 4 , 9 , 13 , 8 , 4 , 9 , 6 , 12 , 8 , , , , , , , , , , , , , ,1,1,,
Bromley,Biggin Hill,85,89,75,74,81,6,10,6,11,6, 9 , 4 , 3 , 6 , 4 , 1 , 4 , 4 , 7 , 3 , , ,3,2, , , , , , , ,1,1, , ,,
Bromley,Bickley,109,119,100,112,90,7,13,10,11,10, 3 , 5 , 8 , 2 , 1 , 5 , 4 , 2 , 6 , 4 , ,1, ,1, , , , , , , , ,1, , ,,
Camden,West Hampstead,234,234,182,155,182,18,16,16,14,17, 2 , 5 ,   , 2 , 2 , 12 , 11 , 13 , 9 , 11 ,1, , ,2,1, , , , , , ,2, ,1,3,,
Camden,Swiss Cottage,209,189,253,199,192,24,16,15,12,12, 3 , 7 , 8 , 2 , 3 , 16 , 12 , 8 , 10 , 6 ,1,1, , ,2,1, , , , , ,1,1, , ,,
Camden,St. Pancras and Somers Town,326,292,300,339,310,21,20,27,27,31, 5 , 4 , 6 , 3 , 6 , 14 , 12 , 13 , 9 , 11 ,3, ,1, , , , , , , ,2, , , ,2,,
Camden,Regent's Park,461,387,340,338,319,32,29,31,15,23, 8 , 12 , 12 , 6 , 6 , 11 , 10 , 13 , 7 , 7 ,1, ,2, , , , , , , ,2,2, , , ,,
Camden,King's Cross,322,332,274,280,298,21,14,23,11,16, 6 , 2 , 4 ,   , 3 , 7 , 4 , 7 , 7 , 10 ,2, , , ,1, , , , , ,1, , ,1, ,,
Camden,Kilburn,246,221,203,246,280,20,19,17,12,23, 3 , 4 , 2 , 4 , 4 , 13 , 13 , 12 , 8 , 16 ,2, , ,1, , , , , ,1,2,3,1, , ,,
Camden,Kentish Town,212,193,177,195,217,23,20,15,21,23, 5 , 4 , 4 , 5 , 8 , 12 , 11 , 8 , 12 , 9 ,1,1,2,1, , ,1, , , ,1, , ,1, ,,
Camden,Holborn and Covent Garden,858,855,785,765,721,46,49,39,40,35, 3 , 5 , 4 , 3 , 7 , 7 , 11 , 10 , 12 , 13 , , , ,1, , , , , ,1,1,5,1,2, ,,
Camden,Highgate,172,197,173,172,175,18,23,21,17,15, 1 , 3 , 5 , 4 , 6 , 13 , 16 , 13 , 11 , 9 ,1, , ,2, , , , , , , , , ,2,3,,
Camden,Haverstock,292,216,205,195,172,22,21,24,11,19, 3 , 3 , 3 , 2 , 9 , 12 , 13 , 16 , 8 , 8 ,2,1,2,2, , ,1, , , ,1, ,1,1,1,,
Camden,Hampstead Town,418,406,349,313,316,17,14,18,19,17, 6 , 2 , 4 , 6 ,   , 9 , 5 , 6 , 10 , 9 ,4, ,1,1,2, , , , , , , , ,1, ,,
Camden,Gospel Oak,151,124,117,115,128,13,16,14,12,8, 3 , 1 , 4 , 3 , 1 , 7 , 9 , 8 , 8 , 5 ,3,2,1, , , , , , , , ,2,2, , ,,
Camden,Frognal and Fitzjohns,143,137,155,149,173,15,12,12,11,8, 1 , 1 , 1 , 1 , 1 , 12 , 6 , 7 , 9 , 7 , , , , , , , , , , ,6,1,1,1, ,,
Camden,Fortune Green,118,124,116,142,123,13,8,10,12,8, 2 , 1 ,   ,   ,   , 10 , 6 , 10 , 11 , 7 , ,1, , , , , , , , ,2, , , ,1,,
Camden,Cantelowes,205,199,193,188,180,23,24,22,19,27, 2 , 9 , 6 , 4 , 7 , 17 , 13 , 11 , 13 , 19 ,3,1, ,1,1, , , ,1, ,1,1,1, ,1,,
Camden,Camden Town with Primrose Hill,202,249,231,273,225,17,33,20,30,26, 5 , 7 , 10 , 7 , 5 , 5 , 14 , 5 , 11 , 13 , ,1,1, ,2, , , , ,1, ,4,1,1,1,,
Camden,Bloomsbury,827,802,636,630,656,41,44,30,31,26, 2 , 5 , 2 , 2 , 4 , 9 , 9 , 10 , 6 , 6 , , , , , , , , , , , ,17,7, , ,,
Camden,Belsize,180,186,137,184,189,21,12,15,20,16, 2 , 7 , 10 , 3 , 2 , 16 , 5 , 4 , 16 , 13 , , , ,1, , , , , , , , ,2, , ,,
City of London,Walbrook,43,43,33,43,50,4,3,5,2,3,   ,   ,   ,   ,   ,   ,   ,   ,   ,   , , , , , , , , , , , , , , , ,,
City of London,Vintry,36,38,37,33,29,2,2,2,5,4,   ,   ,   ,   ,   ,   ,   ,   , 1 ,   , , , , , , , , , , , , , , , ,,
City of London,Tower,72,59,74,70,59,9,5,6,3,4,   ,   ,   ,   ,   ,   ,   , 1 ,   ,   , , , , , , , , , , ,2, , , , ,,
City of London,Queenhithe,22,23,24,17,14,1,1,1,1, ,   ,   ,   ,   ,   ,   ,   ,   ,   ,   , , , , , , , , , , , , , , , ,,
City of London,Portsoken,27,29,22,28,24,2,4,3,2,2,   ,   , 1 ,   ,   , 1 , 2 , 2 , 1 , 1 , , , , , ,1, , , , , , , ,1, ,,
City of London,Lime Street,20,28,29,42,40, ,2, ,1, ,   ,   ,   ,   ,   ,   ,   ,   ,   ,   , , , , , , , , , , , , , , , ,,
City of London,Langbourn,57,26,46,45,43, ,5,1,3,4,   ,   ,   ,   ,   ,   ,   ,   ,   ,   , , , , , , , , , , , , , , , ,,
City of London,Farringdon Without,116,94,81,74,65,6,13,6,8,1, 1 , 1 ,   ,   ,   , 1 , 1 , 2 , 1 ,   , , , , , , , , , , , , ,1, , ,,
City of London,Farringdon Within,96,102,96,94,76,6,6, ,9,6, 2 , 1 ,   , 1 ,   , 1 ,   ,   , 1 ,   , , , , , , , , , , , , , , , ,,
City of London,Dowgate,38,36,50,19,27,2,1,2,2, ,   ,   ,   ,   ,   ,   ,   , 1 ,   ,   , , , , , , , , , , , , , , , ,,
City of London,Cripplegate,45,52,39,44,40,1,1,4,2,3,   ,   , 1 ,   ,   ,   , 1 , 3 , 2 , 1 , , , , , , , , , , , , ,1, , ,,
City of London,Cornhill,38,43,32,48,49,2,3,3,1,3,   ,   ,   ,   ,   ,   ,   ,   ,   ,   , , , , , , , , , , , , , , , ,,
City of London,Cordwainer,30,41,43,62,67,3,3,2,1, ,   ,   ,   ,   ,   ,   ,   ,   ,   ,   , , , , , , , , , , , , , , , ,,
City of London,Coleman Street,51,49,60,51,58,5,3,5,3,3,   ,   ,   , 3 ,   ,   ,   ,   ,   ,   , , , , , , , , , , , , , , , ,,
City of London,Cheap,29,23,22,33,22,1, ,3,4,1,   ,   ,   ,   ,   ,   ,   ,   ,   ,   , , , , , , , , , , , , , , , ,,
City of London,Castle Baynard,109,130,98,108,122,5,8,7,3,9,   ,   ,   , 1 ,   , 1 , 2 , 1 ,   ,   , , , , , , , , , , , , , , ,1,,
City of London,Candlewick,57,39,31,49,56, ,2, ,3,1,   ,   ,   ,   ,   ,   ,   ,   ,   , 1 , , , , , , , , , , , , , , , ,,
City of London,Broad Street,47,52,58,47,41, ,2,2,5,3,   ,   ,   ,   ,   ,   ,   ,   ,   ,   , , , , , , , , , , , , , , , ,,
City of London,Bridge,43,42,41,34,26,2,1,4,2,2,   ,   ,   ,   , 1 , 1 ,   ,   ,   ,   , , , , , , , , , , , , , , , ,,
City of London,Bread Street,19,25,26,22,28, ,1,1,1,4,   ,   , 1 ,   ,   ,   ,   ,   ,   ,   , , , , , , , , , , , , , , , ,,
City of London,Bishopsgate,75,112,105,124,104,10,10,5,9,3, 1 , 2 , 1 ,   ,   ,   ,   ,   ,   ,   , , , , , , , , , , , , , , , ,,
City of London,Billingsgate,28,15,31,35,35,1,1,1, ,3,   ,   ,   ,   ,   ,   ,   ,   ,   ,   , , , , , , , , , , , , , , , ,,
City of London,Bassishaw,30,22,21,24,19,1,1,1, , ,   ,   ,   ,   ,   ,   ,   ,   ,   ,   , , , , , , , , , , , , , , , ,,
City of London,Aldgate,49,45,45,38,46,6,2,3,1,5,   ,   ,   ,   , 1 ,   ,   ,   ,   ,   , , , , , , , , , , , , , , , ,,
City of London,Aldersgate,21,40,27,22,24, ,1,2, , ,   ,   ,   ,   ,   ,   ,   , 2 ,   ,   , , , , , , , , , , , , ,1, , ,,
Croydon,Woodside,112,129,124,154,162,16,20,18,25,22, 5 , 10 , 6 , 6 , 7 , 9 , 17 , 8 , 16 , 11 ,1, , ,2,2, , ,1, , ,1, ,1,8,1,,
Croydon,West Thornton,187,218,152,149,180,42,32,26,27,24, 15 , 13 , 5 , 9 , 7 , 20 , 18 , 10 , 13 , 11 , , ,1,1, , , , , , ,5,5,1, ,6,,
Croydon,Waddon,228,263,198,201,244,29,32,15,23,35, 11 , 15 , 6 , 3 , 15 , 13 , 11 , 9 , 9 , 16 ,2,3,1,1, , ,1,1, ,1,1,2, ,1,3,,
Croydon,Upper Norwood,129,141,149,125,165,20,18,21,16,13, 3 , 5 , 7 , 5 , 5 , 17 , 8 , 13 , 13 , 9 ,1, , , , , , , ,1, ,4,1,4, , ,,
Croydon,Thornton Heath,165,171,152,164,172,31,32,19,34,24, 6 , 4 , 7 , 7 , 4 , 16 , 18 , 13 , 20 , 16 ,3, , ,2, , , , , , ,2,2,1,5,2,,
Croydon,South Norwood,183,219,189,201,182,28,26,19,26,17, 7 , 16 , 2 , 7 , 4 , 18 , 11 , 15 , 16 , 11 ,1,3,1,1,1, , , , , ,8,2, ,2, ,,
Croydon,Shirley,69,76,95,80,101,5,9,14,13,16, 4 , 6 , 7 , 10 , 8 , 5 , 3 , 8 , 7 , 8 , ,1, , ,1, , , , , ,3,1, , , ,,
Croydon,Selsdon and Ballards,71,70,74,63,56,11,8,9,6,10, 1 , 3 , 4 , 3 , 2 , 6 , 5 , 4 , 5 , 5 , , , , , , , , , , ,1,3,4, , ,,
Croydon,Selhurst,243,237,216,248,251,36,29,37,26,38, 14 , 5 , 18 , 11 , 10 , 19 , 16 , 18 , 13 , 24 , ,5,2,1, ,1, , , , ,3,2,3,1,1,,
Croydon,Sanderstead,69,78,60,56,61,10,5,10,10,3, 5 , 2 , 3 , 5 , 2 , 6 , 4 , 6 , 4 , 2 ,1, , ,1, , , , , , ,1, ,2, , ,,
Croydon,Purley,127,145,122,141,182,11,14,13,17,12, 3 , 4 , 1 , 1 , 9 , 7 , 7 , 6 , 14 , 5 ,1,1, , ,2, , , , , ,5,5, ,2,1,,
Croydon,Norbury,128,138,192,164,205,12,23,30,27,17, 4 , 5 , 5 , 1 , 3 , 6 , 13 , 17 , 16 , 7 , , ,2,1,1, , ,1, , , , , , , ,,
Croydon,New Addington,110,110,120,117,140,23,19,19,18,24, 17 , 15 , 27 , 21 , 24 , 8 , 8 , 8 , 7 , 8 , ,2,1,1, , , , , , , ,4,3, ,2,,
Croydon,Kenley,61,104,90,100,95,12,11,15,14,13, 3 , 3 , 4 , 2 , 8 , 8 , 8 , 9 , 7 , 8 , , ,2,1, , , , , , , ,2, ,2,1,,
Croydon,Heathfield,106,146,115,105,106,17,18,14,14,14, 11 , 5 , 15 , 15 , 9 , 8 , 8 , 3 , 5 , 5 , , , , , , , , , , , , ,1, , ,,
Croydon,Fieldway,173,156,158,128,156,19,16,21,13,18, 29 , 31 , 28 , 9 , 27 , 8 , 12 , 12 , 11 , 7 ,2,1, , , , , , , , ,1, , , , ,,
Croydon,Fairfield,410,469,383,466,453,34,41,35,35,41, 10 , 10 , 7 , 8 , 17 , 12 , 13 , 17 , 13 , 14 ,5,6,4,3,2, , , ,1, ,2,3,4,5,3,,
Croydon,Croham,133,130,116,97,123,19,17,10,20,16, 5 , 4 , 3 , 5 , 6 , 10 , 10 , 5 , 13 , 10 , ,2, ,1, , , , , , , ,1,1,2, ,,
Croydon,Coulsdon West,80,92,80,69,116,19,12,11,7,15, 8 , 2 , 6 , 1 ,   , 7 , 8 , 6 , 4 , 12 , ,1, ,1, , , , , , ,2, , , ,1,,
Croydon,Coulsdon East,105,94,75,46,79,13,11,10,12,13, 8 , 3 , 10 , 6 , 6 , 6 , 4 , 4 , 3 , 5 , ,2,1, ,1, , , , , , , ,1, , ,,
Croydon,Broad Green,280,316,350,321,323,24,34,47,41,21, 30 , 26 , 22 , 19 , 13 , 7 , 16 , 21 , 18 , 8 ,1, , , , , , , , , ,4,1,2,2, ,,
Croydon,Bensham Manor,152,149,118,107,115,23,18,19,11,16, 3 , 4 ,   , 2 , 3 , 17 , 15 , 13 , 9 , 9 ,1, , ,1, , , , , , ,5,2,4,2,3,,
Croydon,Ashburton,112,123,112,104,112,16,15,13,14,20, 9 , 9 , 6 , 5 , 5 , 6 , 8 , 7 , 7 , 9 , , , , , , , , , , ,1, ,1,1,1,,
Croydon,Addiscombe,128,125,105,138,150,15,19,16,23,19, 5 , 3 , 3 , 2 , 8 , 8 , 13 , 9 , 17 , 9 , ,2, ,2,1, , , , , , ,7, ,2, ,,
Ealing,Walpole,130,99,122,95,120,9,7,13,11,15, 3 ,   , 5 , 1 , 2 , 5 , 3 , 8 , 5 , 9 ,2,1, , , , , , , , , , , , ,1,,
Ealing,Southfield,113,109,89,114,121,13,10,13,9,8, 1 , 5 , 1 , 1 , 1 , 10 , 6 , 10 , 7 , 5 ,1,1,1, ,1,1, ,1, , ,2,2,1, ,6,,
Ealing,Southall Green,119,95,99,93,138,20,9,19,15,23, 18 , 4 , 11 , 15 , 15 , 6 , 6 , 7 , 9 , 6 , , , , , ,1, , , , ,12, ,1,3, ,,
Ealing,Southall Broadway,174,175,125,113,141,20,23,13,16,21, 16 , 10 , 6 , 12 , 12 , 4 , 8 , 4 , 5 , 11 , , , , ,1,1, , , ,1,2,1,5, ,2,,
Ealing,South Acton,248,220,192,243,267,19,26,26,24,26, 5 , 4 , 2 , 4 , 4 , 12 , 14 , 16 , 15 , 16 ,2,2,8,2,2, , ,1,1, , ,3,1, ,8,,
Ealing,Perivale,91,106,112,108,135,11,16,17,19,14, 1 , 2 , 4 , 5 , 7 , 5 , 6 , 9 , 5 , 8 , , , ,1, , , , , , ,2,3,1,1, ,,
Ealing,Norwood Green,273,209,166,157,162,23,27,13,22,15, 8 , 11 , 8 , 5 , 6 , 6 , 11 , 5 , 8 , 5 ,1, ,1, ,3, , ,1, , ,1,15, , ,5,,
Ealing,Northolt West End,165,191,163,186,194,22,25,11,13,21, 8 , 9 , 5 , 7 , 13 , 10 , 10 , 8 , 7 , 6 ,2,2,1,1,2, , , , , ,1,2, ,1, ,,
Ealing,Northolt Mandeville,161,126,137,152,149,25,18,22,17,16, 15 , 11 , 12 , 11 , 12 , 9 , 7 , 10 , 7 , 9 , ,1,1,1, , , , , , ,1,1, , ,1,,
Ealing,Northfield,54,76,58,64,91,11,13,6,5,9, 3 , 2 , 3 ,   , 2 , 5 , 6 , 3 , 3 , 6 ,1,1, , ,3, , , , , ,1, , , , ,,
Ealing,North Greenford,119,90,66,85,74,8,7,11,12,7, 9 , 7 , 5 , 6 , 3 , 3 , 3 , 4 , 5 , 5 , , , , , , , , , , ,1, , ,2, ,,
Ealing,Lady Margaret,66,61,63,53,64,8,11,10,10,7, 7 , 8 , 4 , 3 , 5 , 5 , 5 , 6 , 4 , 3 , , , , , , , , , ,1, ,3, , ,2,,
Ealing,Hobbayne,118,119,80,138,118,17,18,14,14,14, 3 , 5 , 4 , 5 , 6 , 11 , 11 , 9 , 7 , 7 ,1,2,1,3, , , , , , , ,1, ,3,2,,
Ealing,Hanger Hill,122,134,115,109,129,17,14,23,24,6, 4 , 1 , 7 , 3 , 7 , 8 , 6 , 9 , 17 , 3 ,1, ,1, ,1, , , , , , , ,3, , ,,
Ealing,Greenford Green,124,133,101,133,165,17,23,8,10,17, 4 , 2 ,   , 5 , 4 , 4 , 12 , 5 , 5 , 6 ,2, , ,1, , , , , , ,4,1,1,1, ,,
Ealing,Greenford Broadway,139,149,125,166,181,28,16,12,19,25, 9 , 7 , 6 , 11 , 13 , 12 , 9 , 7 , 10 , 10 , , ,1,1, , , , , , ,3, ,2,2, ,,
Ealing,Elthorne,177,163,156,158,165,22,12,23,24,21, 11 , 2 , 7 , 2 , 5 , 9 , 6 , 12 , 14 , 14 ,1,3,1,4,4, , , , , , , ,1,3, ,,
Ealing,East Acton,337,344,301,400,389,38,42,27,28,31, 13 , 5 , 10 , 7 , 9 , 17 , 17 , 9 , 11 , 10 ,2,3,1, , , , , , , , ,1, ,3, ,,
Ealing,Ealing Common,129,168,112,117,139,15,17,22,17,19, 2 , 2 , 4 , 7 , 3 , 7 , 11 , 9 , 7 , 9 , , ,2,2,1, , , , , ,1, ,1,1, ,,
Ealing,Ealing Broadway,236,214,176,222,215,16,20,16,19,18, 2 , 1 , 3 , 3 , 1 , 6 , 11 , 9 , 9 , 9 ,2,1,1,1,3, , , , , , , ,4,1, ,,
Ealing,Dormers Wells,127,159,96,119,151,8,13,11,12,19, 4 , 6 , 3 , 4 , 7 , 4 , 9 , 7 , 4 , 11 , ,1,1, ,3, , ,1,1, , ,1, , ,1,,
Ealing,Cleveland,129,120,117,156,157,13,19,12,14,17, 4 , 1 , 2 , 3 , 2 , 7 , 12 , 10 , 12 , 14 ,1,3,1,1,4, , , , , ,1,1,1,2,1,,
Ealing,Acton Central,184,174,155,208,234,21,25,31,26,21, 7 , 2 , 8 , 7 , 14 , 13 , 16 , 16 , 14 , 13 ,3,5,6,3,2, , , , ,1,1,1,2, ,4,,
Enfield,Winchmore Hill,82,75,68,62,74,11,12,11,6,9, 3 , 3 , 8 , 2 , 5 , 9 , 9 , 6 , 2 , 4 ,1,1,2,2,2, , , , , , , , , , ,,
Enfield,Upper Edmonton,291,278,225,232,230,34,29,44,39,33, 15 , 19 , 24 , 16 , 15 , 13 , 14 , 15 , 17 , 9 ,2, ,3,1, , , , , , , ,1,1,3,1,,
Enfield,Turkey Street,130,131,126,117,133,21,16,18,13,20, 14 , 9 , 4 , 6 , 11 , 9 , 8 , 10 , 6 , 11 , , ,1, , , , , , , , ,6, , ,1,,
Enfield,Town,94,97,73,94,96,13,16,14,12,10, 1 , 7 , 2 , 4 , 4 , 5 , 7 , 7 , 4 , 4 ,2,3,1,1, , , , , , , , ,1,1,1,,
Enfield,Southgate Green,113,79,84,93,87,21,10,15,5,7, 6 , 4 , 3 , 1 , 1 , 15 , 6 , 7 , 4 , 4 ,1,1,2, , , , , , , ,5,1, , , ,,
Enfield,Southgate,111,122,114,143,130,15,16,14,5,16, 8 , 2 , 5 , 6 , 7 , 9 , 10 , 10 , 2 , 8 ,1, ,1, ,1,1, , , , ,2,1,1, ,1,,
Enfield,Southbury,174,211,207,212,241,27,23,26,20,31, 8 , 14 , 8 , 10 , 18 , 16 , 12 , 11 , 9 , 8 , , , , ,1, , , , ,1,1, ,1,2,2,,
Enfield,Ponders End,187,172,176,165,182,27,28,27,18,28, 18 , 11 , 4 , 16 , 11 , 9 , 13 , 18 , 4 , 16 , , ,1, , , , , , , ,5,1,1,6, ,,
Enfield,Palmers Green,107,120,121,127,115,13,17,11,15,11, 3 , 9 , 3 , 6 , 5 , 9 , 7 , 6 , 6 , 3 ,1, , , , , , , , , ,1, , , ,1,,
Enfield,Lower Edmonton,125,126,135,140,133,18,19,24,12,22, 7 , 9 , 6 , 4 , 9 , 10 , 11 , 18 , 7 , 9 ,2,1, , ,1, , , , , ,2,1,1,1,2,,
Enfield,Jubilee,126,103,125,117,119,17,13,21,13,20, 11 , 9 , 11 , 7 , 9 , 9 , 5 , 12 , 4 , 7 ,1,1, ,1, ,1, , , , , ,1, , , ,,
Enfield,Highlands,225,182,149,120,103,17,18,16,9,9, 3 , 5 , 5 , 4 , 3 , 9 , 7 , 9 , 4 , 7 ,3, , ,1,1, , , , , ,3, ,2, , ,,
Enfield,Haselbury,147,129,137,132,151,26,22,17,16,23, 16 , 10 , 8 , 6 , 11 , 18 , 18 , 7 , 15 , 10 , , , , , , , , , , ,7,1, ,1,2,,
Enfield,Grange,96,104,93,112,100,7,8,9,10,11, 4 , 10 , 1 , 2 , 6 , 3 , 4 , 4 , 4 , 3 , ,1, , , , , , , , , , ,1, , ,,
Enfield,Enfield Lock,154,164,147,158,139,23,30,24,19,17, 12 , 11 , 11 , 7 , 7 , 17 , 16 , 11 , 10 , 8 , ,1, ,1, , , , , , ,2,1,8,1, ,,
Enfield,Enfield Highway,273,245,221,180,214,42,28,31,20,22, 22 , 13 , 17 , 14 , 12 , 17 , 11 , 11 , 8 , 6 ,2, ,1, , , , , , , ,8,2,1, , ,,
Enfield,Edmonton Green,302,265,261,285,311,28,35,33,35,35, 25 , 14 , 17 , 9 , 12 , 15 , 15 , 14 , 21 , 20 , ,1,2,1,1, ,2,1, , ,2,5,7,7,5,,
Enfield,Cockfosters,143,139,117,113,103,21,13,10,11,19, 9 , 6 , 10 , 8 , 7 , 13 , 9 , 4 , 5 , 10 ,2,1,2, ,1,1, , , , ,1, ,1,1,1,,
Enfield,Chase,182,200,150,180,193,24,31,16,22,34, 9 , 12 , 10 , 11 , 19 , 9 , 5 , 5 , 7 , 6 ,1,1, , ,1, ,1, , , ,2, ,1, ,1,,
Enfield,Bush Hill Park,85,102,96,91,94,11,11,12,14,10, 2 , 6 , 7 , 4 , 3 , 5 , 7 , 5 , 4 , 5 , , ,1,3, , , , , , ,3, , , , ,,
Enfield,Bowes,104,81,121,122,107,16,10,25,23,18, 10 , 1 , 7 , 11 , 6 , 9 , 6 , 18 , 8 , 9 , ,2,1, ,1, , , , , , , ,2, ,5,,
Greenwich,Woolwich Riverside,351,354,274,311,335,31,41,37,31,26, 16 , 16 , 6 , 17 , 17 , 10 , 24 , 22 , 14 , 13 ,2, ,3, ,1, , , , , ,1,3, , ,3,,
Greenwich,Woolwich Common,334,320,296,252,255,40,33,28,20,23, 21 , 18 , 7 , 6 , 7 , 22 , 14 , 15 , 13 , 10 ,2,5,1,1,1, , , , , ,2,1,1,1,1,,
Greenwich,Thamesmead Moorings,194,228,207,185,265,36,32,39,45,57, 25 , 23 , 33 , 28 , 35 , 14 , 12 , 12 , 16 , 17 , ,2, , , , , , , , ,1, ,1,1, ,,
Greenwich,Shooters Hill,101,115,90,121,124,9,15,13,12,22, 9 , 12 , 1 , 4 , 8 , 4 , 10 , 12 , 5 , 15 ,1,1, , , , ,1, , ,1, ,1,2,1,1,,
Greenwich,Plumstead,182,217,163,159,197,26,21,28,28,24, 13 , 38 , 19 , 13 , 13 , 17 , 9 , 13 , 18 , 11 ,1,1,2,1,1, ,2, , ,1,3,15, , ,1,,
Greenwich,Peninsula,245,233,240,263,286,37,30,34,20,29, 11 , 8 , 4 , 5 , 9 , 11 , 10 , 15 , 6 , 14 , ,1,5,1,1, , , , ,1,1, ,2,3,5,,
Greenwich,Middle Park and Sutcliffe,133,136,131,132,140,8,14,14,13,15, 9 , 10 , 9 , 13 , 7 , 4 , 8 , 4 , 6 , 8 , ,1, , , , , , , , ,2, , ,1, ,,
Greenwich,Kidbrooke with Hornfair,128,149,117,115,143,30,18,14,17,21, 12 , 12 , 5 , 10 , 8 , 15 , 11 , 7 , 10 , 10 , ,1,2, , , , , , , ,3,2, ,1, ,,
Greenwich,Greenwich West,278,227,258,275,281,21,22,28,22,28, 8 , 11 , 9 , 7 , 5 , 9 , 10 , 11 , 11 , 16 ,2,1, , , , , , , , ,1,1,4,3,2,,
Greenwich,Glyndon,201,208,162,164,156,41,29,23,20,22, 24 , 29 , 7 , 13 , 12 , 17 , 16 , 15 , 12 , 10 ,2, ,1, , , , , ,1, ,1,2,1, ,1,,
Greenwich,Eltham West,90,70,70,99,79,14,7,10,16,15, 8 , 3 , 2 , 4 , 2 , 7 , 1 , 5 , 6 , 8 , , , ,1,1, , , , , ,1,1, ,1,1,,
Greenwich,Eltham South,149,128,136,166,140,16,15,12,22,16, 7 , 6 , 11 , 13 , 11 , 10 , 5 , 3 , 11 , 6 , , , , , , , ,1,1, ,1,1, ,1,1,,
Greenwich,Eltham North,85,92,92,98,128,10,14,6,7,19, 4 ,   , 4 , 1 , 10 , 3 , 10 , 1 , 2 , 9 , , ,1,1,1, , , , , , ,2, , , ,,
Greenwich,Coldharbour and New Eltham,75,59,71,87,103,17,7,14,19,15, 5 , 4 , 6 , 10 , 4 , 7 , 3 , 7 , 7 , 7 ,1,1,1, , , , , , , ,2, , ,1, ,,
Greenwich,Charlton,143,123,113,143,124,20,23,22,24,9, 8 , 14 , 8 , 7 , 2 , 12 , 12 , 9 , 10 , 7 ,5,2,3,3, , , , , , ,4,1, ,4, ,,
Greenwich,Blackheath Westcombe,148,140,148,127,147,18,18,21,17,13, 1 , 6 , 2 , 5 , 4 , 14 , 10 , 13 , 11 , 7 ,2,4,5,2,1,1, , , , ,2,1, ,1, ,,
Greenwich,Abbey Wood,128,157,123,174,167,21,37,37,36,35, 19 , 16 , 21 , 30 , 22 , 11 , 20 , 15 , 15 , 11 , , , , , , , , , , ,1,1,2,2, ,,
Hackney,Woodberry Down,230,201,234,191,276,20,13,16,16,20, 9 , 3 , 5 , 1 , 7 , 11 , 9 , 9 , 12 , 13 ,3,1,2,1,1, , , , , ,1,3, ,2, ,,
Hackney,Victoria,194,175,133,158,158,9,19,14,13,17, 8 , 11 , 7 , 3 , 6 , 7 , 12 , 9 , 9 , 9 ,1,1,2, ,2, , , , , , ,1, , , ,,
Hackney,Stoke Newington,164,141,161,143,167,22,25,27,17,19, 4 , 2 , 2 , 3 ,   , 17 , 19 , 16 , 9 , 12 ,3,3,1, , , , , , , ,6,1,2, , ,,
Hackney,Stamford Hill West,109,100,109,119,108,13,17,9,14,14, 5 , 2 , 3 , 3 , 3 , 9 , 13 , 6 , 11 , 9 , , , ,1,1, , , , , ,2, ,3,1,1,,
Hackney,Springfield,258,236,229,267,256,28,32,29,31,30, 9 , 3 , 7 , 2 , 9 , 15 , 25 , 24 , 20 , 22 ,3,1,3, ,3, ,1, , , ,1, ,1,1, ,,
Hackney,Shacklewell,119,137,90,113,99,11,16,7,14,9, 1 , 3 ,   , 2 , 1 , 10 , 10 , 7 , 9 , 7 ,2, , , , , , , , , , , , , , ,,
Hackney,London Fields,200,193,218,206,178,21,28,21,30,14, 5 , 4 , 2 , 5 , 1 , 16 , 18 , 11 , 17 , 10 , ,4, ,3, , , , , , ,2, ,1,1,2,,
Hackney,Lea Bridge,140,116,126,128,140,16,21,20,17,19, 3 , 5 , 7 , 6 , 5 , 9 , 12 , 11 , 11 , 10 ,2,1, , ,1,2, , , , ,2, , , , ,,
Hackney,King's Park,137,142,163,156,168,18,16,17,13,14, 7 , 3 , 6 , 5 , 2 , 10 , 12 , 13 , 8 , 11 ,1,1,1, , , , , , , , ,1,2,2,1,,
Hackney,Hoxton West,274,260,249,278,294,14,24,29,16,17, 3 , 6 , 6 ,   , 3 , 7 , 13 , 17 , 12 , 8 , , , , ,1, , , , , ,1,4,1, ,1,,
Hackney,Hoxton East & Shoreditch,374,388,378,378,378,20,27,24,26,23, 9 , 13 , 4 , 4 , 5 , 9 , 12 , 8 , 11 , 8 , ,1, , , , , , , , ,1, , ,1, ,,
Hackney,Homerton,386,338,278,321,274,36,31,31,30,22, 16 , 5 , 5 , 12 , 7 , 17 , 16 , 19 , 9 , 10 , , ,1,2, , , , , , ,3, ,1,1,2,,
Hackney,Haggerston,198,169,175,204,166,19,17,24,20,14, 9 , 13 , 8 , 14 , 9 , 13 , 7 , 15 , 15 , 11 , , , ,3, , , , , , , ,2, ,1, ,,
Hackney,Hackney Wick,245,177,200,174,170,21,29,21,18,11, 3 , 8 , 6 , 3 , 4 , 12 , 18 , 11 , 10 , 4 ,1,3,1,2,1, ,1, ,1, ,1,1,1,4, ,,
Hackney,Hackney Downs,185,184,172,183,184,20,22,18,16,14, 5 , 3 , 3 , 5 , 2 , 12 , 15 , 15 , 10 , 12 ,4,1,1, , , , , , , ,2,2, , ,1,,
Hackney,Hackney Central,297,277,309,259,287,32,24,25,28,15, 3 , 2 , 3 , 2 , 3 , 26 , 17 , 22 , 22 , 9 , ,2,4,1, , , , , , ,3,1, ,2, ,,
Hackney,De Beauvoir,150,133,137,131,125,6,15,7,8,12, 3 , 4 , 3 , 4 , 6 , 5 , 8 , 4 , 5 , 8 , , , , , , , , , , , ,1, , , ,,
Hackney,Dalston,170,142,122,164,160,16,15,8,13,14, 5 , 3 , 3 , 1 , 4 , 6 , 7 , 4 , 6 , 6 ,2,1, ,2, , , , , , , , , , , ,,
Hackney,Clissold,182,191,209,223,218,24,18,18,14,27, 1 , 7 , 6 , 8 , 6 , 18 , 13 , 10 , 7 , 19 ,4, ,3,1,2, , , , , ,1,1, ,1,3,,
Hackney,Cazenove,156,147,156,146,151,24,18,18,16,20, 5 , 4 , 1 , 7 , 9 , 14 , 16 , 13 , 11 , 12 , ,1, , , , , , , ,1,4, , , ,5,,
Hackney,Brownswood,108,117,94,88,69,12,9,10,9,3, 2 , 1 , 4 , 2 , 1 , 9 , 7 , 6 , 7 , 1 , ,1,2,1,1, , ,1, , ,3, ,1,1, ,,
Hammersmith and Fulham,Wormholt and White City,160,136,150,156,158,15,19,16,10,2, 6 , 2 , 2 , 3 , 1 , 8 , 8 , 12 , 5 , 1 , ,4,2,1, , , , ,1, ,1, ,1,1, ,,
Hammersmith and Fulham,Town,180,146,132,142,175,17,13,13,8,16, 1 ,   , 2 , 1 , 3 , 11 , 7 , 9 , 1 , 9 ,1, , , , ,1, , , , , ,2, ,1, ,,
Hammersmith and Fulham,Shepherd's Bush Green,245,222,228,214,233,21,16,12,26,26, 4 , 2 , 2 , 5 , 1 , 11 , 7 , 6 , 12 , 12 , , , , ,1, ,1, , , ,4, ,1,1,1,,
Hammersmith and Fulham,Sands End,298,250,194,171,197,8,16,18,27,15, 2 , 1 , 1 , 5 , 2 , 8 , 12 , 11 , 16 , 11 ,1,1,1,1,1, , , , , ,1, ,1,1,3,,
Hammersmith and Fulham,Ravenscourt Park,194,161,174,169,182,14,12,20,12,16, 1 , 1 , 2 ,   , 1 , 6 , 8 , 13 , 5 , 8 ,3,3,2,5,3, , , , , , , ,1, , ,,
Hammersmith and Fulham,Parsons Green and Walham,159,147,137,155,155,17,12,13,8,17, 4 ,   , 3 , 1 , 1 , 10 , 9 , 10 , 7 , 13 , ,1,2,2,2, , , , ,1, , , , ,1,,
Hammersmith and Fulham,Palace Riverside,123,143,148,144,155,13,7,7,6,6, 2 , 1 , 1 ,   , 2 , 10 , 7 , 4 , 5 , 2 ,4,1,1,1,1,1, , , , , , , , , ,,
Hammersmith and Fulham,North End,164,184,166,178,148,18,15,14,20,16, 2 , 2 , 4 , 3 ,   , 12 , 6 , 9 , 15 , 11 ,1,1,1,1, ,1, , , , , , , , ,1,,
Hammersmith and Fulham,Munster,118,94,82,81,75,7,13,8,9,13, 1 ,   , 2 , 3 ,   , 7 , 10 , 5 , 5 , 11 , , ,1,1,2, , , , , , ,1, , ,2,,
Hammersmith and Fulham,Hammersmith Broadway,310,304,264,270,313,21,24,16,15,24, 4 , 2 , 1 , 3 , 4 , 6 , 11 , 6 , 8 , 14 , ,1, ,2,1, ,1, , , ,4,2, , ,2,,
Hammersmith and Fulham,Fulham Reach,117,119,104,109,98,9,14,13,18,4, 2 , 2 , 2 , 6 , 2 , 6 , 7 , 8 , 6 , 2 , , , , , , , , , , ,1,2, , ,2,,
Hammersmith and Fulham,Fulham Broadway,210,218,248,203,204,21,12,18,12,18, 1 ,   , 1 ,   , 3 , 15 , 11 , 12 , 8 , 9 ,5,2,4,1,1, , , , , ,5,1, , ,2,,
Hammersmith and Fulham,College Park and Old Oak,212,174,140,161,189,24,31,19,26,34, 10 , 9 , 8 , 13 , 16 , 5 , 14 , 5 , 2 , 6 , ,3, , , , , , , , , ,1,1,2,1,,
Hammersmith and Fulham,Avonmore and Brook Green,185,174,178,156,203,18,20,7,14,18,   , 2 , 1 , 1 , 1 , 14 , 14 , 3 , 7 , 13 ,2,1,1, ,2,1, , , , , ,1,1, ,1,,
Hammersmith and Fulham,Askew,158,189,156,181,206,23,18,21,20,16, 1 , 6 , 3 , 10 , 5 , 15 , 6 , 13 , 9 , 9 ,3,5,1,1,1, , , ,1, ,1, ,1, , ,,
Hammersmith and Fulham,Addison,166,139,151,144,168,14,17,15,11,19, 1 , 1 , 1 , 2 ,   , 12 , 9 , 12 , 7 , 14 , , ,1, , , , , , , ,1,5,2,1, ,,
Haringey,Woodside,130,118,145,168,144,22,18,13,20,28, 7 , 5 , 8 , 3 , 8 , 16 , 11 , 5 , 10 , 11 , , ,1, ,1, , , , , ,9,3, , ,2,,
Haringey,White Hart Lane,120,133,115,112,125,13,23,15,20,17, 2 , 17 , 6 , 10 , 11 , 7 , 11 , 7 , 10 , 9 , ,2,3, , , , , , , ,1,2, ,1, ,,
Haringey,West Green,142,117,131,145,156,11,20,21,11,14, 6 , 6 , 10 , 8 , 12 , 2 , 12 , 12 , 5 , 8 , , , , ,1, , , , , , , ,4, , ,,
Haringey,Tottenham Hale,182,196,167,198,205,21,18,24,18,20, 11 , 4 , 7 , 7 , 9 , 12 , 8 , 14 , 10 , 15 , , ,2, ,2, , , , , ,2, ,3,1,1,,
Haringey,Tottenham Green,240,249,209,257,233,20,17,19,21,27, 3 , 4 , 7 , 14 , 6 , 6 , 9 , 11 , 9 , 16 ,4,1,1,1,2, , , , ,1,1,1,4,3,2,,
Haringey,Stroud Green,111,110,72,94,105,9,13,7,11,17, 5 , 6 , 1 , 3 , 5 , 6 , 4 , 6 , 7 , 12 , ,1, ,1,1, ,1, , , , , ,1, , ,,
Haringey,St. Ann's,116,111,111,104,119,16,18,11,16,16, 6 , 6 , 5 , 8 , 3 , 10 , 12 , 5 , 9 , 11 , , , , , , , , , , ,1,6, ,1,2,,
Haringey,Seven Sisters,186,137,152,169,206,32,18,29,20,28, 9 , 5 , 13 , 15 , 5 , 15 , 13 , 17 , 10 , 18 ,1,1,3,1, , , ,1, ,1,8, , ,1, ,,
Haringey,Northumberland Park,242,253,276,274,293,26,30,28,31,29, 5 , 7 , 9 , 16 , 9 , 12 , 16 , 17 , 18 , 12 ,3,2,1,2,1, , , , ,1, ,6,8,3, ,,
Haringey,Noel Park,171,162,211,212,242,19,15,28,23,15, 5 , 9 , 12 , 9 , 12 , 11 , 9 , 16 , 11 , 10 , , , , , ,1, , , , ,3, ,4, , ,,
Haringey,Muswell Hill,115,121,98,150,97,10,14,13,14,11,   , 4 , 4 , 6 , 5 , 6 , 9 , 4 , 5 , 5 ,1,1,1, ,1, , , , , , ,1,1, , ,,
Haringey,Hornsey,161,138,127,116,147,19,13,6,6,21, 2 , 3 , 1 ,   , 6 , 15 , 7 , 5 , 5 , 14 ,4,3, , , , , , , , ,2, , ,1,1,,
Haringey,Highgate,74,89,84,94,99,8,17,20,15,12, 3 , 2 , 2 ,   , 3 , 2 , 12 , 12 , 9 , 4 , ,2,2, , , , , , , ,1, ,3,1,1,,
Haringey,Harringay,125,130,134,119,139,15,18,19,21,18, 2 , 4 , 2 , 1 , 4 , 8 , 11 , 15 , 13 , 10 , , , , , , , , , , ,2,2, ,1,1,,
Haringey,Fortis Green,99,126,111,131,100,9,16,16,17,9, 2 , 3 , 7 , 6 , 4 , 6 , 11 , 7 , 9 , 6 , ,2, , , , , , , , ,1,5, ,3, ,,
Haringey,Crouch End,152,136,124,106,123,16,8,16,9,12, 1 , 1 , 2 , 3 , 1 , 10 , 4 , 14 , 5 , 8 ,3,1,2, , , , , , , ,1, , ,2, ,,
Haringey,Bruce Grove,118,135,140,138,152,16,14,20,23,20, 1 , 1 , 8 , 7 , 5 , 13 , 9 , 12 , 17 , 12 ,1, , , ,1, , , , , ,1, ,1,2,1,,
Haringey,Bounds Green,127,126,118,130,143,17,17,20,19,14, 6 , 2 , 6 , 4 , 5 , 14 , 12 , 12 , 12 , 9 ,4, ,3,1, , , , ,1, , ,2,4, , ,,
Haringey,Alexandra,60,62,74,70,84,5,5,11,7,9,   ,   , 2 , 2 , 4 , 3 , 3 , 6 , 4 , 7 , , , , ,1, , , , , , , ,1,2, ,,
Harrow,West Harrow,34,51,36,44,47,6,11,10,4,8,   , 4 , 2 , 2 , 3 , 5 , 7 , 8 , 2 , 4 , , , , ,1, , , , , , , , , , ,,
Harrow,Wealdstone,101,96,76,94,100,10,10,7,11,13, 2 , 1 , 3 , 3 , 2 , 7 , 7 , 6 , 6 , 7 ,4,1, , , , , , , , ,1, , , ,4,,
Harrow,Stanmore Park,124,109,102,105,114,11,18,11,14,11, 2 , 6 , 3 , 3 , 6 , 7 , 11 , 6 , 10 , 5 , , ,2, ,1, , , , , ,1,1, , , ,,
Harrow,Roxeth,73,74,65,54,63,7,10,4,5,10, 1 , 2 , 3 ,   , 2 , 3 , 5 , 1 , 1 , 5 , ,1, , , , , , , , , , ,1, , ,,
Harrow,Roxbourne,130,95,108,95,105,18,6,15,13,14, 7 , 6 , 4 , 8 , 4 , 11 , 4 , 10 , 6 , 9 ,2,1,2,1, , , ,1, , ,3, , , , ,,
Harrow,Rayners Lane,47,41,31,42,52,9,7,7,3,5, 1 , 3 , 4 , 3 , 1 , 5 , 5 , 4 , 3 , 4 ,1,1,1, , , , , , , ,3, , , ,2,,
Harrow,Queensbury,41,53,45,53,44,6,11,8,7,3,   ,   ,   , 5 , 2 , 5 , 7 , 3 , 3 , 3 , , , , , , , , , , , , , ,1, ,,
Harrow,Pinner South,67,43,44,57,53,9,8,8,5,5, 1 , 1 , 2 , 3 , 1 , 5 , 6 , 6 , 2 , 3 ,1,1, , ,1, , , , , , , , , , ,,
Harrow,Pinner,76,79,73,74,86,10,14,9,10,4, 2 , 3 , 7 ,   ,   , 6 , 9 , 4 , 6 , 3 , , ,1,1, , , , , , ,3, ,1, , ,,
Harrow,Marlborough,103,119,97,114,108,24,14,11,13,17, 4 , 10 , 1 , 4 , 3 , 13 , 7 , 6 , 10 , 11 ,1,1, ,1, , , ,1, , , , ,1, ,2,,
Harrow,Kenton West,43,47,51,42,52,6,10,14,4,10, 2 , 2 , 2 , 1 , 5 , 3 , 7 , 10 , 3 , 5 , , , , , , , , , , ,1, , , ,1,,
Harrow,Kenton East,99,114,67,63,63,3,6,10,8,6, 3 , 2 , 3 , 2 , 3 , 3 , 4 , 6 , 5 , 5 , ,2,1,1, , , , , , ,1,2, ,1, ,,
Harrow,Headstone South,88,82,76,63,80,10,6,11,8,8, 4 , 3 , 2 , 1 , 2 , 9 , 2 , 9 , 5 , 3 , , , , , , , , , , , , , , , ,,
Harrow,Headstone North,43,55,49,74,69,3,7,7,9,3,   , 2 , 1 , 3 , 1 , 2 , 5 , 4 , 4 , 1 ,1,1, , , , , , , , , , ,1,1, ,,
Harrow,Hatch End,48,68,52,47,68,6,3,8,3,6, 2 , 4 , 1 , 3 ,   , 1 , 2 , 4 ,   , 3 , , ,1, , , , , , , , , , , , ,,
Harrow,Harrow Weald,124,139,118,117,128,12,13,10,6,15, 3 , 7 , 3 , 1 , 4 , 9 , 7 , 5 , 4 , 8 ,2,2,1,1,1, , , , , , , , , , ,,
Harrow,Harrow on the Hill,136,140,135,142,104,10,13,10,15,12, 3 , 1 , 3 , 2 , 3 , 5 , 8 , 3 , 6 , 7 ,1,1,1,1, , , , , , , ,1,1,1,3,,
Harrow,Greenhill,209,216,196,212,205,23,21,17,14,11, 3 , 5 , 5 , 1 , 1 , 13 , 8 , 8 , 5 , 3 ,5,3,3, ,2, , , , , , , ,1, , ,,
Harrow,Edgware,86,79,58,93,77,7,13,10,8,8, 3 ,   , 2 , 2 , 4 , 4 , 5 , 7 , 2 , 6 , ,2, , ,1, , , , , ,1, , ,1, ,,
Harrow,Canons,189,162,129,126,131,9,14,14,14,18, 3 , 2 , 3 , 7 , 5 , 7 , 7 , 9 , 10 , 8 , ,1,1, ,2, , , , , , ,2, ,4,1,,
Harrow,Belmont,77,61,71,63,45,9,4,8,7,4, 1 ,   , 3 , 2 ,   , 6 , 2 , 5 , 5 , 4 ,1, , , , , , , , , , , , , , ,,
Havering,Upminster,96,104,101,112,102,14,17,15,20,17, 8 , 11 , 12 , 13 , 11 , 3 , 4 , 8 , 5 , 3 ,1,2, , , , , , , , ,1, , ,1, ,,
Havering,St. Andrew's,133,120,136,138,140,13,14,16,12,14, 6 , 9 , 8 , 1 , 7 , 9 , 8 , 5 , 5 , 4 ,3, ,3,2,1, , , , , ,1,1, , , ,,
Havering,Squirrel's Heath,94,107,115,91,114,10,16,16,8,14, 2 , 7 , 2 , 5 , 7 , 6 , 7 , 11 , 2 , 9 , , ,2,1, , , , , , ,1, ,1, ,3,,
Havering,South Hornchurch,116,171,183,155,179,20,29,26,21,19, 8 , 18 , 13 , 10 , 14 , 5 , 10 , 5 , 6 , 7 ,1, , ,1, , , , ,1, , ,2,4,2,1,,
Havering,Romford Town,288,302,271,325,294,20,14,28,30,23, 11 , 7 , 17 , 22 , 13 , 11 , 2 , 12 , 14 , 6 ,1,2,7,1, , , , , , ,1, ,1,1,1,,
Havering,Rainham and Wennington,134,169,165,165,164,27,21,24,24,21, 10 , 13 , 12 , 9 , 15 , 4 , 5 , 9 , 3 , 4 , , , ,1, ,1, , , , ,3,3, ,1, ,,
Havering,Pettits,102,79,65,91,92,13,11,6,11,8, 3 , 5 , 2 , 8 , 11 , 6 , 5 , 4 , 1 , 1 , , , ,1, , , , , , ,1, , , , ,,
Havering,Mawneys,77,66,66,71,102,13,6,10,9,15, 2 , 2 , 5 , 9 , 12 , 6 , 2 , 4 , 4 , 5 , , ,1, , , , , , , ,2, , , ,1,,
Havering,Hylands,79,90,89,108,86,6,6,9,11,7, 5 , 9 , 5 , 13 , 10 , 5 ,   , 6 , 4 , 6 , ,1, ,2, , , , , ,3, , , ,4, ,,
Havering,Heaton,127,137,128,118,130,19,15,13,13,13, 11 , 22 , 24 , 13 , 18 , 11 , 7 , 3 , 5 , 7 ,2, ,1,1,1, , , , , ,2,2, , ,1,,
Havering,Havering Park,72,80,78,89,89,8,8,12,18,12, 3 , 8 , 18 , 6 , 11 , 6 , 6 , 5 , 10 , 4 , ,1,1,2, , , , , , ,2, ,1,1, ,,
Havering,Harold Wood,129,140,138,113,132,7,14,18,19,12, 6 , 8 , 10 , 8 , 18 , 3 , 8 , 6 , 10 , 3 , , ,2, , , , , , , ,2, ,1,2, ,,
Havering,Hacton,44,31,47,59,51,4,3,11,8,9,   , 3 , 3 , 4 , 2 , 2 , 2 , 5 , 4 , 6 , , , , , , , , , , , , ,6,1,1,,
Havering,Gooshays,193,200,188,188,212,28,25,18,25,34, 24 , 32 , 22 , 38 , 36 , 11 , 9 , 3 , 8 , 18 ,2,1,1,1, , ,1, , , ,5,1, ,2, ,,
Havering,Emerson Park,70,64,54,71,72,7,8,7,5,13, 5 , 1 , 3 ,   , 6 , 1 , 6 , 2 , 4 , 7 ,1, ,1, , , , , , , , ,1, , , ,,
Havering,Elm Park,64,75,75,99,95,8,7,8,16,17, 9 , 8 , 8 , 14 , 11 , 5 , 3 , 3 , 6 , 8 , ,2, , ,2, , , , , , , , , ,1,,
Havering,Cranham,72,84,73,63,61,12,9,8,7,9, 4 , 5 , 5 , 6 , 9 , 8 , 4 , 5 , 3 , 4 ,2,1, ,1,1, , , , , ,1, , , , ,,
Havering,Brooklands,209,164,174,197,211,21,14,26,22,23, 11 , 5 , 18 , 10 , 13 , 5 , 9 , 9 , 13 , 7 , ,1,1,4,1, , , , , ,1,3,1,2,1,,
Hillingdon,Yiewsley,151,153,150,142,156,17,19,26,26,20, 23 , 23 , 24 , 13 , 19 , 6 , 6 , 6 , 9 , 5 ,1,2, ,1, , , , , , , , , ,1, ,,
Hillingdon,Yeading,109,129,103,129,120,18,14,8,18,18, 6 , 7 , 9 , 9 , 13 , 9 , 8 , 4 , 6 , 6 , ,1, , ,1, ,1, , , , ,3,1,2, ,,
Hillingdon,West Ruislip,108,123,109,91,121,11,12,6,10,14, 6 , 2 , 2 , 5 , 1 , 4 , 6 , 5 , 4 , 9 ,3,3, ,1,2, , , , , , , ,1, , ,,
Hillingdon,West Drayton,178,125,156,161,141,36,22,32,23,24, 25 , 12 , 22 , 22 , 30 , 14 , 11 , 14 , 13 , 9 ,2, ,3,2, , , , , , ,5,1, , ,1,,
Hillingdon,Uxbridge South,184,184,167,168,159,23,26,26,23,18, 12 , 10 , 9 , 11 , 8 , 12 , 9 , 10 , 7 , 5 , , , , ,1, ,1, , , ,3, ,1,5, ,,
Hillingdon,Uxbridge North,160,145,173,167,182,22,19,14,23,17, 5 , 5 , 10 , 13 , 11 , 11 , 6 , 4 , 5 , 8 , ,3,1,2,3, ,1, , , ,2, , ,1, ,,
Hillingdon,Townfield,244,201,253,207,223,25,24,31,28,30, 21 , 10 , 18 , 18 , 18 , 6 , 8 , 9 , 13 , 10 , ,1,1,1,1, , , , , , , ,1,1,1,,
Hillingdon,South Ruislip,100,94,102,113,101,11,6,8,12,17, 5 , 9 , 3 , 4 , 8 , 6 , 4 , 6 , 5 , 10 , , , , ,1, , , , , , , , ,1,3,,
Hillingdon,Pinkwell,129,152,132,133,137,26,17,24,19,15, 11 , 9 , 14 , 17 , 13 , 9 , 9 , 11 , 8 , 6 ,1, , , , , , , , , ,5, ,3, , ,,
Hillingdon,Northwood Hills,81,93,78,89,112,10,5,9,4,13, 5 , 5 , 5 , 1 , 4 , 6 , 3 , 3 , 3 , 6 , , ,1, ,1, , , , , ,1, , , , ,,
Hillingdon,Northwood,140,147,142,107,126,13,10,10,17,13, 3 , 2 , 2 , 2 , 3 , 5 , 6 , 7 , 7 , 5 , , ,1,1, , , , , , , ,1, , , ,,
Hillingdon,Manor,58,72,72,63,80,6,8,10,5,12, 4 , 1 ,   , 1 , 5 , 5 , 2 , 5 , 3 , 5 , , , , , , , , , , , , ,2, , ,,
Hillingdon,Ickenham,56,57,49,62,64,5,9,8,11,9, 8 , 5 , 2 , 2 , 2 , 2 , 2 , 2 , 6 , 4 , , , , ,1, , , , , , , ,2, , ,,
Hillingdon,Hillingdon East,74,82,85,81,94,5,13,14,6,22, 9 , 5 , 7 , 9 , 10 , 3 , 5 , 6 , 2 , 10 , , , , , , , , , , , , ,2, ,1,,
Hillingdon,Heathrow Villages,1029,1009,541,611,665,105,84,89,94,112, 17 , 18 , 14 , 12 , 18 , 8 , 11 , 4 , 8 , 7 , ,1, ,2,1, , , , , , , ,2,4,1,,
Hillingdon,Harefield,138,113,106,92,104,10,21,22,18,16, 17 , 22 , 17 , 10 , 7 , 6 , 3 , 5 , 3 , 5 ,1, , ,1, , ,1, , , ,1,3, ,1, ,,
Hillingdon,Eastcote and East Ruislip,59,75,55,70,83,7,13,5,10,10, 4 , 3 , 1 , 4 , 5 , 7 , 7 , 3 , 6 , 7 , , , ,1, , , , , , , ,1, ,2, ,,
Hillingdon,Charville,68,70,60,82,94,14,10,12,16,14, 6 , 2 , 4 , 12 , 7 , 8 , 5 , 10 , 7 , 4 ,1, , , , , , , , , ,1,1, ,6,1,,
Hillingdon,Cavendish,51,45,73,74,77,7,5,9,9,6, 1 , 4 , 4 , 2 , 6 , 3 , 1 , 3 , 4 , 3 , ,1, ,1, , , , , , , , ,4, , ,,
Hillingdon,Brunel,209,203,149,147,146,29,23,21,23,25, 8 , 8 , 8 , 10 , 8 , 14 , 7 , 9 , 7 , 8 ,3, , , , ,1, , , , ,2,1,1,1,8,,
Hillingdon,Botwell,220,224,184,196,200,32,35,35,28,29, 19 , 24 , 21 , 21 , 27 , 9 , 11 , 10 , 6 , 6 , ,1,2, , , , , , , , ,4, , , ,,
Hillingdon,Barnhill,80,106,76,94,96,13,16,11,17,21, 7 , 9 , 5 , 13 , 16 , 8 , 10 , 5 , 4 , 8 , , , , , , , , , , ,2, ,1,2, ,,
Hounslow,Turnham Green,202,189,184,193,217,15,16,18,18,9, 7 , 2 , 2 , 2 , 2 , 7 , 7 , 11 , 7 , 6 , , ,1,2, , , , , , , ,2,3, ,1,,
Hounslow,Syon,183,169,163,144,139,11,19,19,21,18, 5 , 1 , 7 , 8 , 4 , 2 , 6 , 8 , 8 , 8 , , ,1, ,1, , , , , , ,3, , ,1,,
Hounslow,Osterley and Spring Grove,165,176,166,154,163,14,18,15,10,27, 11 , 3 , 7 , 4 , 6 , 4 , 6 , 4 , 2 , 10 , , , ,1, , , , , , , ,1,1, ,2,,
Hounslow,Isleworth,80,114,107,103,125,14,22,21,12,17, 3 , 8 , 4 , 6 , 10 , 10 , 13 , 9 , 5 , 4 ,1, ,1,3,1, , ,1, , ,1, ,5, , ,,
Hounslow,Hounslow West,94,113,136,112,149,17,22,10,23,14, 12 , 6 , 8 , 2 , 7 , 8 , 12 , 4 , 12 , 5 ,4,3, ,1,1, , , , , ,2,3, , , ,,
Hounslow,Hounslow South,40,46,52,43,53,10,12,10,12,5, 4 , 4 , 2 , 5 , 4 , 6 , 9 , 7 , 6 , 2 , , , , , , , , , , , ,1, ,1, ,,
Hounslow,Hounslow Heath,78,124,112,113,102,11,15,13,18,9, 5 , 12 , 8 , 11 , 11 , 3 , 9 , 7 , 8 , 6 , ,1, ,1, , , , ,1, , , , , ,1,,
Hounslow,Hounslow Central,172,176,170,180,205,17,19,22,29,23, 9 , 6 , 7 , 11 , 6 , 7 , 9 , 13 , 11 , 11 ,1,4,3,3,2, , , , , , ,1,2, ,1,,
Hounslow,Heston West,119,140,142,152,145,15,19,16,23,16, 9 , 13 , 15 , 19 , 5 , 7 , 7 , 8 , 10 , 6 , , , , , , , , , , , , ,1, , ,,
Hounslow,Heston East,80,79,72,93,85,11,14,11,11,8, 10 , 9 , 3 , 7 , 7 , 4 , 7 , 7 , 6 , 7 , , , , , , , , , , , , , , , ,,
Hounslow,Heston Central,82,64,70,57,81,20,13,9,11,11, 6 , 5 , 9 , 8 , 10 , 15 , 8 , 6 , 3 , 5 , , , , , , ,2, , , ,1,2, , , ,,
Hounslow,Hanworth Park,136,148,112,183,151,16,19,14,21,19, 13 , 14 , 7 , 7 , 18 , 3 , 8 , 4 , 7 , 9 , , ,2, , , ,1, , , ,1,2,2,2, ,,
Hounslow,Hanworth,72,93,67,99,120,9,17,19,27,16, 3 , 12 , 10 , 14 , 20 , 6 , 4 , 8 , 11 , 3 , ,1, , , , , , , , ,4, , ,6,2,,
Hounslow,Feltham West,143,161,127,173,194,24,30,21,17,38, 17 , 28 , 16 , 14 , 34 , 11 , 7 , 4 , 7 , 13 , , , , , , , , , , ,2,2,1,1, ,,
Hounslow,Feltham North,118,115,110,123,121,22,16,14,20,11, 9 , 4 , 5 , 4 , 5 , 8 , 8 , 10 , 7 , 6 , ,1,2,1,1, , , , , ,1, , ,3, ,,
Hounslow,Cranford,131,111,88,87,127,19,11,9,13,15, 7 , 4 , 1 , 7 , 9 , 9 , 5 , 5 , 4 , 6 , , , , , , , , , , ,2,2,1, ,2,,
Hounslow,Chiswick Riverside,136,120,110,106,126,16,12,9,9,12, 6 , 2 , 1 , 3 , 2 , 7 , 7 , 7 , 5 , 6 , , ,1, , , , , , , , ,1,2, , ,,
Hounslow,Chiswick Homefields,118,108,93,107,92,15,14,13,12,9, 5 , 6 , 4 , 2 , 1 , 7 , 5 , 5 , 9 , 4 , , , , , ,1, , , , ,4,1, , ,1,,
Hounslow,Brentford,186,181,170,178,231,31,17,19,19,22, 9 , 9 , 5 , 10 , 11 , 15 , 10 , 9 , 9 , 10 ,2, ,3, , , , ,2, ,1, , , ,2, ,,
Hounslow,Bedfont,123,149,105,105,158,22,19,19,17,17, 12 , 20 , 10 , 7 , 14 , 10 , 5 , 8 , 7 , 8 ,1, , , ,1, , , , , , , , , , ,,
Islington,Tollington,193,149,145,171,168,22,13,14,18,16, 9 , 5 , 7 , 7 , 4 , 17 , 8 , 5 , 10 , 12 , , ,3,1, , , , , , , , , ,1, ,,
Islington,St. Peter's,213,234,162,173,181,12,13,18,19,16, 8 , 8 , 8 , 1 , 5 , 6 , 11 , 6 , 16 , 7 , , , ,2, , , , , ,1,2,2,1, ,2,,
Islington,St. Mary's,237,200,218,199,217,21,16,16,11,26, 6 , 3 , 5 , 2 , 1 , 13 , 10 , 6 , 5 , 14 ,1,1, , , , ,1, , , , ,2, , ,2,,
Islington,St. George's,178,154,154,155,145,15,18,20,15,17, 4 , 4 , 8 , 9 , 3 , 9 , 10 , 11 , 5 , 14 ,2,1,3, ,2,1, , , , ,1,1,1, , ,,
Islington,Mildmay,130,108,185,132,143,18,8,21,15,16, 3 , 4 , 7 , 5 , 2 , 13 , 3 , 10 , 10 , 11 ,2, , , , , , , , , , , , ,1,3,,
Islington,Junction,202,213,218,216,205,16,27,22,22,17, 3 , 7 , 6 , 8 , 3 , 9 , 12 , 13 , 15 , 8 ,3,2, ,1,1, , , , , , , ,3,3,2,,
Islington,Holloway,240,203,222,191,209,32,22,28,26,15, 16 , 4 , 6 , 5 , 6 , 15 , 13 , 17 , 12 , 9 , , ,1, ,1, , , , , , ,1,2,1,2,,
Islington,Hillrise,129,125,127,137,117,16,8,14,11,10, 6 , 8 , 13 , 11 , 6 , 10 , 2 , 8 , 10 , 7 ,2, ,1, , , , , , , ,1, , , , ,,
Islington,Highbury West,176,176,160,171,165,30,15,15,18,14, 8 , 1 , 1 , 2 , 4 , 18 , 10 , 13 , 8 , 8 , , , ,1, , , , , , ,1, , , ,1,,
Islington,Highbury East,114,139,152,145,164,6,16,28,9,10, 1 , 7 , 16 , 5 , 6 , 5 , 7 , 13 , 2 , 6 , ,1, ,1, , , , , , , , , , , ,,
Islington,Finsbury Park,211,206,235,239,231,27,16,19,20,20, 3 , 5 , 3 , 6 , 6 , 17 , 9 , 7 , 11 , 7 , , , , , , , , , , , ,1,2, ,1,,
Islington,Clerkenwell,309,320,263,305,266,27,20,21,23,17, 7 , 1 , 3 , 2 , 6 , 9 , 7 , 10 , 12 , 11 , , , ,2, , , , , , ,1, , , , ,,
Islington,Canonbury,135,117,125,114,113,18,14,13,12,9, 3 , 3 , 2 , 1 , 1 , 13 , 11 , 9 , 10 , 7 , , ,1, , , , , ,1, , , , , , ,,
Islington,Caledonian,230,242,216,219,223,32,39,36,37,32, 13 , 19 , 24 , 28 , 21 , 12 , 11 , 9 , 7 , 10 , ,1, ,1, , , , , , ,3,1, ,3,8,,
Islington,Bunhill,576,575,500,457,532,22,28,45,24,22, 4 , 16 , 8 , 8 , 2 , 12 , 11 , 19 , 9 , 11 , ,1,3, , , , , , , , ,1,1,1,1,,
Islington,Barnsbury,137,158,125,152,160,13,11,11,28,23, 3 , 3 , 2 , 13 , 10 , 6 , 5 , 8 , 12 , 13 , , ,2,2,1, , , ,1, ,1, ,2, ,1,,
Kensington and Chelsea,Stanley,337,282,235,248,212,22,20,20,19,16,   ,   ,   ,   ,   , 9 , 10 , 10 , 11 , 9 , , , , , , , , , , , ,1,1,4,1,,
Kensington and Chelsea,St. Helen's,106,114,94,90,99,7,11,9,8,5, 2 , 2 ,   , 1 ,   , 5 , 6 , 5 , 4 , 3 ,1,3,1,2,1, , , , , ,1, , , , ,,
Kensington and Chelsea,Royal Hospital,258,205,212,194,241,14,9,10,15,14,   ,   ,   ,   , 1 , 8 , 5 , 9 , 10 , 8 , , ,1, , , , , , , ,1, , , , ,,
Kensington and Chelsea,Redcliffe,128,137,134,117,120,8,11,19,7,13,   ,   , 1 ,   , 2 , 5 , 7 , 14 , 5 , 8 , , ,1, , , , , , , , ,1,2,1,4,,
Kensington and Chelsea,Queen's Gate,171,181,190,180,206,9,10,13,18,18,   , 1 ,   ,   ,   , 4 , 8 , 5 , 11 , 12 , , , , , , , , , , , , , , , ,,
Kensington and Chelsea,Pembridge,119,111,106,120,98,9,8,5,5,7, 1 , 1 ,   , 2 ,   , 6 , 4 , 5 , 2 , 5 , ,1, , , , , , , , , , , , ,1,,
Kensington and Chelsea,Notting Dale,211,190,171,196,184,11,14,12,10,9,   , 6 , 2 ,   , 2 , 8 , 9 , 6 , 7 , 3 ,1,4,1,1, , , , , , ,1,1,1, , ,,
Kensington and Chelsea,Norland,77,81,119,75,81,3,6,6,7,5,   ,   ,   , 1 ,   , 2 , 5 , 4 , 3 , 3 , ,1,1, , , , , , , , , , , ,1,,
Kensington and Chelsea,Holland,123,121,138,115,110,12,16,16,6,8, 1 ,   ,   ,   , 1 , 10 , 10 , 14 , 4 , 6 , , , , , , , , , , ,7,1,1, , ,,
Kensington and Chelsea,Golborne,188,196,157,164,173,14,16,20,13,11, 1 , 1 , 6 , 2 , 3 , 12 , 14 , 6 , 7 , 4 ,1, ,1, , , , , , , , , , ,19,1,,
Kensington and Chelsea,Earl's Court,207,230,181,197,226,18,14,15,17,15, 1 , 1 , 3 , 4 ,   , 9 , 11 , 5 , 9 , 8 ,2, , ,1,1, , , ,1, ,2,2, ,1,2,,
Kensington and Chelsea,Dalgarno,147,118,145,124,119,10,9,10,8,8, 3 , 1 , 2 , 4 , 1 , 8 , 8 , 5 , 4 , 4 ,2, , ,1,1,1, , , , , , , , ,3,,
Kensington and Chelsea,Courtfield,200,191,159,185,198,15,18,14,15,18,   , 1 ,   , 1 ,   , 7 , 10 , 12 , 9 , 8 , , , , , , , , , , , ,1,1,3, ,,
Kensington and Chelsea,Colville,207,195,174,231,209,17,9,14,17,12,   ,   , 2 , 1 ,   , 13 , 8 , 8 , 9 , 10 ,1,1,1,1,2, , , , , ,1, , , ,1,,
Kensington and Chelsea,Chelsea Riverside,161,149,167,191,172,16,14,12,14,16, 2 ,   ,   , 1 , 1 , 12 , 9 , 9 , 8 , 14 , , , , , , , , , , ,8, ,1, ,2,,
Kensington and Chelsea,Campden,197,193,141,166,193,12,11,10,10,8,   ,   ,   , 2 ,   , 7 , 6 , 4 , 5 , 5 , , , , , , , , ,1, , , , , , ,,
Kensington and Chelsea,Brompton & Hans Town,316,311,346,378,401,23,24,14,22,22,   ,   , 2 , 1 , 1 , 16 , 9 , 10 , 6 , 6 , , , , , , , , , , , , , , ,1,,
Kensington and Chelsea,Abingdon,168,170,129,124,139,11,11,12,5,9,   , 1 ,   ,   ,   , 7 , 7 , 9 , 4 , 5 , , ,2, , , , , , , ,2,3,1, , ,,
Kingston upon Thames,Tudor,51,58,44,39,60,7,2,12,2,9, 3 , 2 , 1 , 1 , 3 , 4 , 2 , 9 , 1 , 7 , , , , , , , , , , ,1, , , , ,,
Kingston upon Thames,Tolworth and Hook Rise,146,119,77,84,96,6,14,14,11,13, 4 , 6 , 7 , 4 , 7 , 2 , 4 , 2 , 6 , 5 , ,1, ,1,2, , , , , , , , ,2, ,,
Kingston upon Thames,Surbiton Hill,79,50,78,71,69,11,9,8,12,6, 6 , 2 , 2 ,   , 2 , 5 , 8 , 6 , 8 , 4 , , , ,2, , , , , , , , ,1,2, ,,
Kingston upon Thames,St. Mark's,143,107,99,77,86,7,13,6,10,10, 3 , 2 , 5 , 1 , 10 , 3 , 7 , 2 , 7 , 5 ,1, , , ,1, , , , , , ,1, , , ,,
Kingston upon Thames,St. James,63,67,55,74,75,16,6,10,16,11, 3 , 7 , 4 , 5 , 6 , 11 , 4 , 4 , 9 , 3 ,1, , ,2, , , , , , ,9, , , , ,,
Kingston upon Thames,Old Malden,44,19,48,33,45,6,5,7,3,8, 3 ,   , 1 ,   , 1 , 4 , 2 , 3 , 3 , 5 , , , , ,1, , , , , , , ,1, , ,,
Kingston upon Thames,Norbiton,97,101,82,94,109,6,13,12,15,15, 7 , 4 , 2 , 2 , 7 , 3 , 4 , 7 , 7 , 7 , , , ,1,2, , , , , , , , ,1, ,,
Kingston upon Thames,Grove,348,255,282,298,327,25,18,17,18,25, 15 , 11 , 3 , 5 , 8 , 9 , 9 , 7 , 6 , 6 ,2, , ,1,1, , , , , ,1,2,1, ,3,,
Kingston upon Thames,Coombe Vale,40,49,56,47,46,11,12,10,8,7, 3 , 2 , 2 ,   , 1 , 7 , 11 , 5 , 3 , 5 , ,1,2,1, , , , , , , ,3, , ,1,,
Kingston upon Thames,Coombe Hill,228,154,114,112,116,15,13,9,9,6, 2 , 2 , 3 , 2 , 1 , 11 , 8 , 5 , 6 , 5 , , , , , , , , , , ,2, , , ,1,,
Kingston upon Thames,Chessington South,73,75,73,67,64,9,12,14,8,13, 9 , 2 , 7 , 2 , 3 , 5 , 8 , 4 , 4 , 6 , , , , , , , ,1, , , , ,2,2, ,,
Kingston upon Thames,Chessington North and Hook,54,56,57,49,57,6,7,15,8,3, 3 , 2 , 11 , 3 , 5 , 4 , 2 , 5 , 2 , 1 , ,1,2, , , , , , , , , , , , ,,
Kingston upon Thames,Canbury,83,92,63,77,68,9,10,7,11,11,   ,   , 3 ,   , 2 , 7 , 6 , 3 , 10 , 6 ,1, , , ,1, , , , , ,1, , ,1, ,,
Kingston upon Thames,Beverley,78,92,86,79,110,9,15,12,12,11, 3 , 9 , 6 , 4 , 10 , 5 , 4 , 5 , 8 , 4 , ,1,1,1, , , ,1, ,1,3, , , , ,,
Kingston upon Thames,Berrylands,109,85,65,89,64,9,11,7,11,6, 2 , 5 ,   , 3 , 1 , 5 , 7 , 5 , 7 , 5 ,5,2,2,1,3, , , , , , , ,1,2, ,,
Kingston upon Thames,Alexandra,71,60,44,37,58,7,5,7,6,5, 3 , 2 , 3 , 3 , 3 , 5 , 4 , 3 , 2 , 2 , , , , , , , , , , , , , , , ,,
Lambeth,Vassall,215,229,253,170,203,32,22,24,20,12, 14 , 5 , 28 , 4 , 1 , 19 , 14 , 15 , 16 , 9 ,1, ,1,1, , , , , , ,1,5,1,2,1,,
Lambeth,Tulse Hill,166,176,173,198,203,30,23,21,23,15, 12 , 7 , 6 , 4 , 11 , 18 , 14 , 15 , 19 , 8 ,1, ,1, , , , , ,1, ,1, , , , ,,
Lambeth,Thurlow Park,183,189,174,170,174,22,17,20,10,13, 3 , 5 , 6 , 22 , 3 , 14 , 10 , 10 , 4 , 5 ,2,2,4,1,3, , , , , ,2,1,1, , ,,
Lambeth,Thornton,177,172,155,147,181,20,14,19,14,20, 1 , 3 , 3 , 4 , 4 , 15 , 9 , 15 , 10 , 15 ,3,2, ,1, , , , , , , ,9,1,1, ,,
Lambeth,Streatham Wells,183,173,134,153,184,17,21,24,19,25, 5 , 4 , 2 , 3 , 5 , 11 , 16 , 17 , 10 , 16 ,4,4,5,4,3, , , , , , , , ,3,3,,
Lambeth,Streatham South,127,95,87,110,133,19,12,12,8,9, 4 , 4 , 4 , 3 , 2 , 9 , 7 , 5 , 3 , 6 ,1, ,1, , , , , , , ,1,3,3, , ,,
Lambeth,Streatham Hill,143,150,152,170,199,23,28,17,18,16, 1 , 8 ,   , 5 , 4 , 18 , 14 , 13 , 10 , 11 ,2,6,2,2, , , , , ,1,3,2, ,1,1,,
Lambeth,Stockwell,193,208,172,184,214,22,29,18,15,23, 7 , 5 , 4 , 4 , 6 , 16 , 20 , 14 , 12 , 19 , ,2, , , , , , , , , ,2, ,1,2,,
Lambeth,St. Leonard's,170,179,155,168,188,32,21,18,19,20, 3 , 4 , 4 , 2 , 2 , 19 , 8 , 8 , 12 , 13 ,3,1,3, ,2,2, , , , ,6,3, , ,2,,
Lambeth,Prince's,344,347,290,335,330,26,27,25,17,22, 5 , 3 ,   , 1 , 4 , 15 , 17 , 19 , 13 , 12 ,2,4,2,1,2, , , , , ,1,2,3, , ,,
Lambeth,Oval,287,265,237,227,305,19,13,28,16,16, 4 , 4 , 7 , 4 , 3 , 8 , 9 , 13 , 8 , 9 ,1, , , , ,1, , ,1, ,2, ,1, , ,,
Lambeth,Larkhall,209,207,254,212,216,27,29,32,23,29, 6 , 10 , 14 , 2 , 12 , 21 , 16 , 20 , 16 , 14 ,3,4,3,3,2, , , , , ,2,6,3,1,1,,
Lambeth,Knight's Hill,181,186,152,175,230,29,24,20,21,22, 3 , 3 , 5 , 6 , 8 , 18 , 16 , 14 , 13 , 16 ,6,1,1,2,1, , , , ,1, , ,2, ,2,,
Lambeth,Herne Hill,364,299,194,225,222,29,22,26,21,27, 7 , 4 , 1 , 8 , 8 , 17 , 8 , 16 , 9 , 10 ,3, ,1, ,1, , , , , ,2,3,1,7,1,,
Lambeth,Gipsy Hill,143,167,177,174,187,22,25,21,20,21, 4 , 13 , 12 , 7 , 7 , 15 , 20 , 12 , 12 , 11 , , , ,1, , , , , , ,3,3,1,1, ,,
Lambeth,Ferndale,241,207,223,218,250,37,30,25,23,17, 8 , 8 , 3 , 4 , 8 , 25 , 16 , 15 , 16 , 9 ,5,4, ,2,2, , , , , ,4,1,1, ,3,,
Lambeth,Coldharbour,277,267,264,308,346,44,29,18,40,29, 7 , 11 , 5 , 3 , 9 , 26 , 16 , 12 , 25 , 15 ,1, , ,4, ,1, , , , ,6,2, ,5,3,,
Lambeth,Clapham Town,213,208,173,235,219,21,17,20,29,11, 7 , 5 , 6 , 7 , 10 , 13 , 12 , 10 , 18 , 5 ,2,2,1,2,2, , , , , , , , , , ,,
Lambeth,Clapham Common,224,202,167,159,220,20,21,23,25,17, 3 , 8 , 7 , 1 , 6 , 16 , 13 , 16 , 22 , 11 ,3,2,3,4,2, , , , ,1, ,2, , , ,,
Lambeth,Brixton Hill,247,202,203,233,216,36,27,17,24,17, 10 , 7 , 4 , 5 , 4 , 19 , 12 , 11 , 16 , 9 ,1,2,2,1, , , , , , ,3,1,2,1, ,,
Lambeth,Bishop's,360,271,265,270,279,21,23,21,23,18, 4 , 3 , 5 , 2 , 1 , 6 , 5 , 8 , 4 , 2 , , ,1, , , , , , , , , ,1, ,1,,
Lewisham,Whitefoot,124,153,138,148,118,9,17,21,19,21, 7 , 7 , 13 , 7 , 8 , 4 , 10 , 8 , 12 , 15 , , ,1, ,1, , , , , ,3, ,2, ,1,,
Lewisham,Telegraph Hill,211,170,178,213,209,28,14,22,24,17, 4 , 5 , 5 , 1 , 2 , 21 , 12 , 15 , 18 , 11 , , , ,1,2, , ,1, , ,2,1,4,1,1,,
Lewisham,Sydenham,170,189,172,179,193,14,20,22,20,17, 1 , 8 , 3 , 9 , 6 , 10 , 11 , 14 , 7 , 9 ,1,2,3,1,2, , , , , ,7,1, , ,3,,
Lewisham,Rushey Green,261,227,214,226,246,28,18,28,20,24, 13 , 9 , 17 , 11 , 8 , 13 , 10 , 15 , 12 , 16 ,3, ,4, ,1, , , , , ,2, ,4,5,2,,
Lewisham,Perry Vale,182,206,196,207,186,19,21,17,14,18, 11 , 6 , 5 , 7 , 3 , 12 , 11 , 14 , 10 , 15 ,1,2,5,1, , , , , , ,1, ,2,2,2,,
Lewisham,New Cross,258,245,259,271,254,30,31,27,42,27, 7 , 13 , 11 , 6 , 12 , 19 , 14 , 18 , 27 , 13 ,1, , , ,1, , , ,1, ,1,2,1,2, ,,
Lewisham,Lewisham Central,419,403,422,466,512,41,38,33,46,33, 18 , 6 , 8 , 13 , 10 , 17 , 28 , 20 , 22 , 22 ,3,5,4,2,1, , , , , ,11, ,3,3,3,,
Lewisham,Lee Green,145,151,113,146,154,13,17,12,17,11, 7 , 8 , 1 , 6 , 3 , 5 , 8 , 8 , 14 , 4 , , ,1, , , , , , , , ,1, ,4,1,,
Lewisham,Ladywell,102,128,140,139,104,18,12,15,24,21, 3 , 5 , 5 , 8 , 4 , 12 , 12 , 10 , 15 , 14 , , , ,1, , , , , , , , ,1,3,1,,
Lewisham,Grove Park,146,153,172,121,114,12,16,16,14,15, 2 , 9 , 7 , 3 , 5 , 9 , 11 , 8 , 10 , 10 ,1, ,1, ,1, , , , , ,2,2,2,1, ,,
Lewisham,Forest Hill,184,219,182,167,167,24,19,22,22,16, 7 , 7 , 8 , 8 , 2 , 14 , 11 , 13 , 12 , 9 ,1,1, , , , , , , , , , ,1,2,1,,
Lewisham,Evelyn,387,310,302,258,311,36,37,27,34,26, 7 , 6 , 15 , 11 , 4 , 26 , 20 , 17 , 17 , 19 ,1,2,1,1, , ,1, , , ,7,4, ,1,2,,
Lewisham,Downham,159,153,163,154,122,28,19,19,16,13, 11 , 3 , 13 , 6 , 2 , 10 , 9 , 10 , 10 , 6 , , , , , , , , ,1, ,3, ,2,1, ,,
Lewisham,Crofton Park,185,164,121,119,137,13,16,12,14,14, 2 , 12 , 5 , 3 , 3 , 5 , 8 , 7 , 9 , 10 ,1,1, ,1, , , , , , ,1, , , ,1,,
Lewisham,Catford South,112,118,125,89,103,12,15,15,15,14, 3 ,   , 1 , 5 , 1 , 6 , 11 , 10 , 6 , 8 , , , ,1, , , ,1, , ,1,2, , , ,,
Lewisham,Brockley,203,218,238,235,257,22,36,30,30,23, 3 , 10 , 7 , 5 , 5 , 15 , 22 , 18 , 18 , 17 ,4,3,6,2,1, , ,2, , ,2,3, ,1, ,,
Lewisham,Blackheath,202,168,170,184,170,20,24,14,14,22, 4 , 5 , 4 , 2 , 5 , 14 , 13 , 10 , 8 , 14 , , , , ,1, , , , , , ,3, , ,2,,
Lewisham,Bellingham,178,173,169,207,176,23,19,25,26,17, 8 , 9 , 12 , 19 , 8 , 13 , 8 , 13 , 8 , 10 ,1,1, , , , , , , , ,8, ,3,1, ,,
Merton,Wimbledon Park,118,89,104,102,112,13,14,9,7,8, 4 , 3 , 1 , 2 , 4 , 4 , 4 , 7 , 5 , 3 , , , , , , , , , , , , , , , ,,
Merton,West Barnes,78,81,55,92,94,8,10,6,9,7, 5 , 4 , 1 , 8 , 4 , 3 , 7 , 1 , 4 , 2 ,1, , , , , ,1, , , , , , , , ,,
Merton,Village,95,104,107,93,107,11,13,8,7,4, 3 ,   ,   ,   ,   , 5 , 6 , 3 , 4 , 3 , , , , , , , , , , , , , ,1, ,,
Merton,Trinity,85,93,80,103,117,4,9,12,5,13, 1 , 5 , 1 , 1 , 2 , 2 , 5 , 4 , 3 , 9 , , , , , , , , , , ,1, , ,1, ,,
Merton,St. Helier,56,72,72,70,97,4,9,7,7,5, 3 , 4 , 2 ,   , 4 , 2 , 3 , 5 , 5 , 3 , , , ,1, , , , , , , , ,1,1, ,,
Merton,Raynes Park,96,80,79,100,92,6,11,10,6,11,   , 2 , 4 , 6 , 3 , 5 , 5 , 5 , 4 , 5 , ,2, , , , , , , , , , , , , ,,
Merton,Ravensbury,72,66,84,102,97,8,10,11,8,9, 2 , 5 , 3 , 5 , 6 , 3 , 5 , 6 , 6 , 5 , , , , , , , , , , , ,3, ,1, ,,
Merton,Pollards Hill,78,111,59,85,96,20,17,15,17,11, 4 , 15 , 10 , 5 , 4 , 13 , 9 , 3 , 10 , 6 , , , , , , , , , , ,1,1, ,1,1,,
Merton,Merton Park,76,81,73,94,128,3,10,9,17,12, 2 , 6 , 1 , 7 , 3 ,   , 4 , 6 , 11 , 6 , , ,1, , , , , , ,1, , , ,6,3,,
Merton,Lower Morden,36,25,34,38,52,9,3,9,8,12, 1 , 3 , 2 ,   , 4 , 7 ,   , 4 , 7 , 6 , , , , , , , , , , , ,1, , , ,,
Merton,Longthornton,47,63,64,66,86,7,13,13,14,5, 2 , 5 , 2 , 5 , 1 , 5 , 7 , 8 , 9 , 2 , ,1, , , , , , , , , ,2, , , ,,
Merton,Lavender Fields,72,71,79,103,119,12,11,10,11,13, 4 , 3 , 5 , 3 , 6 , 7 , 3 , 5 , 6 , 6 , , , , , , , , , , , ,2, , ,1,,
Merton,Hillside,139,106,82,114,147,11,10,6,6,9, 1 ,   ,   , 1 , 2 , 4 , 5 , 4 , 6 , 4 ,2,1, , ,2, , , , , , , , ,1,1,,
Merton,Graveney,46,52,59,51,68,8,10,9,10,6, 1 , 1 ,   , 5 , 2 , 7 , 6 , 8 , 7 , 5 , , , , , , , , , , ,2, ,1, ,2,,
Merton,Figge's Marsh,149,122,91,104,105,18,8,8,20,18, 3 , 6 , 3 , 9 , 6 , 10 , 2 , 4 , 9 , 7 ,3,1, ,1,1, , , , , , , , ,2, ,,
Merton,Dundonald,79,88,57,57,106,6,4,6,3,9, 2 , 1 , 1 , 4 , 4 , 3 , 2 , 3 , 2 , 5 , , , , , , , , , , , , ,1,2,2,,
Merton,Cricket Green,160,163,160,192,188,20,17,18,28,18, 5 , 10 , 13 , 9 , 6 , 10 , 7 , 7 , 13 , 6 , , , ,1, , , , , , ,1, ,1, , ,,
Merton,Colliers Wood,73,83,76,88,95,13,13,14,8,13, 3 , 4 , 5 , 2 , 1 , 5 , 7 , 9 , 5 , 5 , , , , , , , , , , , , ,2,3, ,,
Merton,Cannon Hill,40,43,41,40,78,14,5,9,7,6, 9 , 4 , 3 , 2 , 2 , 3 , 1 , 6 , 6 , 4 , , ,1, ,1, , , , , , , , , , ,,
Merton,Abbey,148,123,135,142,134,20,19,14,17,8, 5 , 2 , 3 , 2 , 3 , 4 , 12 , 9 , 8 , 2 ,1,3,2,1, , , , , , ,1,1,1, , ,,
Newham,West Ham,145,144,161,114,160,18,11,21,16,17, 9 , 20 , 5 , 7 , 6 , 11 , 7 , 17 , 9 , 10 ,1, , , , , , , , , ,1, ,2,1,3,,
Newham,Wall End,78,86,65,60,82,18,14,15,12,9, 10 , 8 , 5 , 2 , 4 , 12 , 8 , 12 , 11 , 6 , , , , , , ,1, , , , ,1,4,1,2,,
Newham,Stratford and New Town,582,338,358,396,456,34,42,15,31,37, 22 , 25 , 15 , 19 , 18 , 14 , 22 , 7 , 14 , 12 ,1,3,1,1, ,1, , ,1, ,1, , , , ,,
Newham,Royal Docks,184,174,171,183,174,32,24,17,20,15, 11 , 10 , 4 , 13 , 7 , 14 , 10 , 9 , 7 , 4 , , , , , , , , , , ,1,2, , , ,,
Newham,Plaistow South,226,200,122,160,186,21,26,19,19,23, 12 , 13 , 7 , 6 , 16 , 9 , 12 , 10 , 14 , 11 ,1,1,2, , , , , , ,2, ,1,1,1, ,,
Newham,Plaistow North,158,140,115,112,176,23,19,18,9,19, 19 , 16 , 4 , 9 , 13 , 14 , 9 , 8 , 5 , 6 ,1,3,3,1,2, , ,1, , ,1,1, , , ,,
Newham,Manor Park,109,119,133,115,97,19,12,26,14,18, 15 , 14 , 5 , 5 , 8 , 10 , 11 , 14 , 5 , 9 ,3, ,1, ,1, , ,1, , ,1,3,1, , ,,
Newham,Little Ilford,140,127,121,141,150,20,26,18,20,21, 6 , 17 , 7 , 6 , 2 , 12 , 16 , 12 , 13 , 11 , ,1, , ,1, , , , , ,3,5, ,1, ,,
Newham,Green Street West,90,98,107,94,113,17,17,10,19,13, 12 , 10 , 9 , 7 , 11 , 11 , 9 , 5 , 12 , 6 ,1,3, , ,1, , , , , , ,3, ,1, ,,
Newham,Green Street East,120,78,104,84,95,12,19,14,14,8, 10 , 10 , 3 , 11 , 2 , 6 , 11 , 9 , 3 , 2 , , , , , , , , , , ,2,1, ,3, ,,
Newham,Forest Gate South,191,175,179,168,216,21,19,17,19,28, 17 , 27 , 10 , 4 , 12 , 8 , 9 , 11 , 12 , 13 , , , , , , ,1, , , , ,3, ,3, ,,
Newham,Forest Gate North,132,144,113,130,136,19,20,16,17,10, 12 , 16 , 9 , 7 , 5 , 11 , 9 , 11 , 13 , 5 ,1,1,1, ,1, ,1, ,1, ,1, , , , ,,
Newham,East Ham South,116,137,129,151,178,22,31,20,11,24, 10 , 14 , 10 , 22 , 16 , 14 , 14 , 14 , 4 , 12 , ,1, , , , , , , , , ,3,4, ,1,,
Newham,East Ham North,78,97,69,71,118,10,20,12,11,16, 5 , 12 , 2 , 5 , 8 , 6 , 9 , 8 , 9 , 7 , ,1, ,2, , , , , , , ,2, ,1, ,,
Newham,East Ham Central,165,160,131,163,171,19,22,19,23,10, 11 , 18 , 11 , 14 , 11 , 9 , 7 , 6 , 6 , 2 ,4,2, , , , , , , , ,6, , ,2, ,,
Newham,Custom House,188,171,155,179,230,23,24,27,28,55, 23 , 16 , 16 , 28 , 55 , 14 , 7 , 16 , 9 , 14 , , , , , , , , , , ,3,2, , ,5,,
Newham,Canning Town South,166,167,166,198,240,22,25,29,28,42, 10 , 18 , 18 , 24 , 37 , 14 , 9 , 10 , 10 , 13 ,1, , , , , , , , , , ,1, , ,1,,
Newham,Canning Town North,267,270,267,261,268,31,41,28,29,27, 18 , 40 , 52 , 31 , 25 , 18 , 16 , 5 , 9 , 12 ,2,1,1,1, ,1, , , , ,1,3, ,4,2,,
Newham,Boleyn,189,186,147,173,181,25,19,13,12,22, 23 , 18 , 5 , 6 , 11 , 11 , 14 , 9 , 6 , 12 , ,4,2, , , , , , , ,1,2,1,3, ,,
Newham,Beckton,249,231,230,286,300,33,33,38,34,42, 25 , 22 , 19 , 28 , 40 , 10 , 9 , 12 , 9 , 7 ,1,5,2,2,1, , , , , ,4, ,3, ,1,,
Redbridge,Wanstead,77,95,100,92,117,12,12,15,7,12, 5 , 4 , 8 , 9 , 7 , 7 , 6 , 7 , 2 , 5 , ,1, , , , , , , , ,1, ,1, ,2,,
Redbridge,Valentines,140,135,113,133,133,14,21,18,17,24, 6 , 8 , 5 , 4 , 9 , 8 , 11 , 11 , 9 , 7 , , ,1, ,2, , , , , , , ,3, ,1,,
Redbridge,Snaresbrook,114,118,93,118,113,8,7,9,7,8, 4 , 4 , 2 , 3 , 3 , 3 , 1 , 3 , 3 , 4 ,2,2,1, ,1, , , , , , , , , , ,,
Redbridge,Seven Kings,205,155,164,164,183,23,15,16,24,18, 11 , 6 , 5 , 7 , 7 , 7 , 3 , 5 , 11 , 8 , , , ,3, , , , , ,1,1,1,1,2,3,,
Redbridge,Roding,101,120,112,74,108,19,18,21,9,16, 3 , 6 , 4 ,   , 4 , 13 , 14 , 12 , 6 , 6 , , , , , , , , , , ,1,2,1, ,2,,
Redbridge,Newbury,100,116,121,90,102,11,12,29,13,10, 4 , 4 , 10 , 2 , 3 , 5 , 10 , 18 , 8 , 3 , ,2, ,2, , , , , , , , ,3,2, ,,
Redbridge,Monkhams,79,97,62,83,89,10,9,8,4,10, 2 , 5 , 2 ,   , 1 , 6 , 5 , 5 , 2 , 6 ,2,1,1,1, , , , , , ,1, , , , ,,
Redbridge,Mayfield,71,77,73,84,98,10,8,14,10,15, 2 , 7 , 1 , 7 , 10 , 9 , 4 , 8 , 4 , 9 , , , , ,1, , , , , , , ,1,1, ,,
Redbridge,Loxford,187,171,165,182,191,32,22,21,15,20, 8 , 10 , 8 , 3 , 8 , 18 , 9 , 9 , 8 , 13 ,2, ,2,1, , , , , , ,3,1, , ,1,,
Redbridge,Hainault,144,127,88,106,113,15,16,23,17,17, 9 , 13 , 5 , 6 , 4 , 4 , 8 , 14 , 11 , 8 , , , , , , , , ,1, , , ,1, , ,,
Redbridge,Goodmayes,111,108,77,94,96,16,15,14,10,19, 8 , 8 , 8 , 6 , 9 , 12 , 8 , 8 , 4 , 8 , , , ,1,2, , , , , , ,3, , ,3,,
Redbridge,Fullwell,117,86,80,121,107,10,9,13,20,6, 8 , 4 ,   , 2 , 2 , 4 , 5 , 11 , 15 , 5 , , ,1,3,1, , , , , , , ,2,1, ,,
Redbridge,Fairlop,66,91,96,109,105,11,10,10,9,12, 1 , 7 , 2 , 4 , 3 , 7 , 5 , 7 , 1 , 6 ,1, , , , , , , , , ,11,1,3, , ,,
Redbridge,Cranbrook,120,105,101,105,112,17,14,14,13,21, 1 , 3 , 7 , 2 , 6 , 7 , 2 , 7 , 7 , 10 , , , , , , , , , , ,3, ,1, ,1,,
Redbridge,Clementswood,162,202,183,186,199,17,22,14,21,15, 7 , 15 , 6 , 4 , 5 , 9 , 10 , 9 , 10 , 5 , , , ,2,2, , , , , ,2,3, ,1,2,,
Redbridge,Clayhall,93,103,129,96,115,8,7,19,14,13, 2 , 2 , 5 , 5 , 5 , 5 , 3 , 9 , 6 , 4 , , ,3, , , , , , , ,2, ,2,2, ,,
Redbridge,Church End,78,107,97,88,93,5,23,16,10,14, 2 , 2 ,   , 1 , 3 , 3 , 11 , 6 , 4 , 4 ,1,3,2, , , , , , , ,1, ,1,2,1,,
Redbridge,Chadwell,64,77,89,82,103,20,6,15,8,9, 5 , 3 , 4 , 2 , 2 , 12 , 5 , 10 , 6 , 7 , , ,1, ,1, , , , , , , ,3, ,5,,
Redbridge,Bridge,75,84,75,95,88,6,13,10,8,8, 3 , 3 , 3 , 3 , 4 , 4 , 7 , 6 , 5 , 2 , , ,1, , , , , , , ,1,1, , ,1,,
Redbridge,Barkingside,91,83,58,52,72,9,8,8,6,11, 2 , 4 , 3 , 3 , 1 , 6 , 4 , 3 , 5 , 5 ,1, , ,1, , , , , , ,1, , , , ,,
Redbridge,Aldborough,111,82,85,134,111,17,8,7,14,8, 4 , 4 , 2 , 5 , 2 , 8 , 5 , 1 , 8 , 3 , ,2, ,1, , ,1, , , ,1,1,1,1, ,,
Richmond upon Thames,Whitton,61,45,62,59,60,10,8,2,12,13, 2 , 2 , 4 , 6 , 1 , 5 , 2 , 2 , 8 , 7 , ,2, , , , , , , , , , , ,1, ,,
Richmond upon Thames,West Twickenham,78,89,74,68,65,6,13,11,14,10, 8 , 2 , 3 , 2 , 1 , 4 , 6 , 9 , 6 , 5 , ,1, ,1, , , , , , , , , , , ,,
Richmond upon Thames,Twickenham Riverside,114,114,113,104,109,9,11,14,8,14, 3 , 4 , 1 , 2 , 2 , 3 , 6 , 8 , 4 , 6 , , ,2,1,1, , , , , ,2, , , ,1,,
Richmond upon Thames,Teddington,87,94,111,113,91,6,5,9,12,10, 1 , 2 , 1 ,   ,   , 2 , 2 , 7 , 9 , 4 , , ,1,1, , , , , , ,4, , ,1, ,,
Richmond upon Thames,St. Margarets and North Twickenham,78,75,96,71,74,5,11,8,7,6, 3 , 4 , 4 , 4 , 4 , 2 , 5 , 4 , 1 , 1 , , , ,1, , , , , , ,1, , , , ,,
Richmond upon Thames,South Twickenham,89,85,100,84,95,6,10,11,12,6, 3 , 2 , 1 , 1 ,   , 1 , 6 , 6 , 6 , 5 ,1,1,3,1, , , , , , , , ,1, , ,,
Richmond upon Thames,South Richmond,222,178,183,188,204,18,20,13,14,11, 1 , 3 , 1 , 2 , 5 , 8 , 8 , 8 , 6 , 6 ,5,1,2,1, , , , , , ,1, , ,2, ,,
Richmond upon Thames,North Richmond,109,106,125,138,112,18,7,10,16,9, 2 ,   , 3 ,   , 1 , 13 , 5 , 7 , 12 , 6 ,3,1,2,1,1, , , , , ,3, ,1,1, ,,
Richmond upon Thames,Mortlake and Barnes Common,112,97,101,70,103,13,16,18,6,7, 5 , 2 , 4 ,   , 2 , 8 , 11 , 14 , 5 , 6 ,3,6,3, , , , , , , , , ,1, , ,,
Richmond upon Thames,Kew,106,90,89,75,101,13,10,11,8,14, 1 , 4 , 2 ,   , 7 , 8 , 6 , 7 , 4 , 7 , , , , ,1, , , , , , , , ,1,2,,
Richmond upon Thames,Heathfield,70,65,61,70,59,10,13,4,13,13, 10 , 6 , 5 , 6 , 5 , 5 , 7 , 2 , 6 , 4 , , , , , , , , , , , ,1, ,1, ,,
Richmond upon Thames,Hampton Wick,95,72,65,93,69,10,5,2,12,6, 3 , 1 ,   , 4 , 2 , 5 , 5 , 2 , 8 , 2 , ,1, , , , , , ,1, ,1,1, ,1, ,,
Richmond upon Thames,Hampton North,77,65,62,61,72,7,8,11,8,13, 1 , 6 , 3 , 4 , 6 , 5 , 5 , 8 , 4 , 5 , ,1,7,2, ,1, , , , ,1,1, ,1, ,,
Richmond upon Thames,Hampton,93,75,99,95,105,19,6,18,14,7, 2 , 1 , 4 , 4 , 3 , 10 , 2 , 8 , 7 , 1 ,2, ,1,1,1, , , , , ,1, ,3, , ,,
Richmond upon Thames,"Ham, Petersham and Richmond Riverside",101,110,126,106,116,7,13,10,4,10, 3 , 9 , 8 , 5 , 7 , 5 , 9 , 8 , 2 , 7 , , ,1, , , , , , , , , , , , ,,
Richmond upon Thames,Fulwell and Hampton Hill,50,74,60,58,67,4,5,6,4,6, 3 , 3 , 2 , 1 ,   , 2 , 1 , 4 , 3 , 5 , , , , , , , , , , , , , , , ,,
Richmond upon Thames,East Sheen,56,70,70,72,64,10,3,11,5,4, 2 ,   , 2 ,   , 1 , 4 , 3 , 6 , 4 , 3 , ,1, , , , , , , , , , , , ,1,,
Richmond upon Thames,Barnes,81,66,82,72,82,8,3,9,4,10, 3 , 1 ,   ,   ,   , 6 , 2 , 9 , 3 , 10 ,2, ,1,2, ,1, , , , , , ,1, , ,,
Southwark,Village,118,122,122,105,125,15,9,12,11,13, 4 , 1 ,   , 1 , 3 , 9 , 4 , 5 , 7 , 7 ,1,1, ,2,1, , , ,1, , , ,1,1, ,,
Southwark,The Lane,335,264,270,243,283,22,27,22,24,26, 3 , 10 , 4 , 7 , 13 , 16 , 18 , 12 , 13 , 12 ,1,1,3,1, , , , , , ,4,4,1,2,1,,
Southwark,Surrey Docks,163,168,147,189,172,14,13,18,25,24, 2 , 5 , 27 , 17 , 10 , 11 , 10 , 8 , 13 , 9 ,2, , , , , , , , , , ,1,1,2,1,,
Southwark,South Camberwell,124,88,123,91,117,18,11,15,7,17, 6 , 4 , 3 , 3 , 3 , 12 , 9 , 9 , 5 , 13 , , , , , , , , , ,1, , , , , ,,
Southwark,South Bermondsey,197,180,177,183,202,22,17,23,25,19, 9 , 2 , 5 , 12 , 11 , 13 , 13 , 14 , 10 , 11 ,1,2, , , , , ,1, , , ,2,4, , ,,
Southwark,Rotherhithe,254,226,241,228,215,37,19,34,28,21, 6 , 10 , 11 , 16 , 6 , 24 , 13 , 18 , 17 , 12 ,1, ,4,1, , , , , , , ,1,5, ,1,,
Southwark,Riverside,351,305,293,275,362,32,26,29,20,34, 4 , 4 , 7 , 9 , 10 , 16 , 11 , 18 , 11 , 17 , ,1,1, ,1, ,1, , ,1,1, ,1,1,3,,
Southwark,Peckham Rye,140,131,104,103,125,14,6,14,16,21, 2 , 2 , 2 , 1 , 3 , 8 , 3 , 8 , 10 , 16 , , ,1, , , , , , , , , ,3,1, ,,
Southwark,Peckham,196,179,183,149,187,18,16,24,11,20, 8 , 9 , 6 , 2 , 6 , 12 , 10 , 19 , 10 , 14 , , , , ,1, , , , , ,6,2, , ,1,,
Southwark,Nunhead,221,234,204,193,178,26,14,34,24,23, 3 , 7 , 12 , 4 , 9 , 19 , 9 , 20 , 15 , 12 ,5,1,2,2, , , , , , ,1,1,4,1, ,,
Southwark,Newington,203,188,202,239,219,22,17,33,19,22, 3 , 5 , 18 , 8 , 5 , 19 , 12 , 12 , 11 , 13 , , ,2, ,2, , , , , , ,3,2,3,1,,
Southwark,Livesey,346,277,258,255,259,38,36,21,29,27, 18 , 16 , 8 , 10 , 9 , 17 , 17 , 16 , 10 , 16 ,2, ,4,1,2, , , , , ,6,4,3,2, ,,
Southwark,Grange,256,298,255,281,313,23,18,36,28,23, 5 , 9 , 14 , 8 , 7 , 15 , 12 , 16 , 12 , 11 , , , , , , , , , , ,3,1,4,2, ,,
Southwark,Faraday,227,257,235,202,218,33,38,50,25,27, 12 , 24 , 22 , 15 , 12 , 21 , 19 , 31 , 14 , 16 , , , , , , , , , , ,2,1,5, ,8,,
Southwark,East Walworth,269,195,193,232,241,36,19,13,21,17, 20 , 9 , 5 , 7 , 3 , 20 , 14 , 9 , 12 , 9 , , , ,1,4, ,1, , , ,1, , , , ,,
Southwark,East Dulwich,117,134,137,109,94,9,15,10,9,10, 3 ,   , 3 , 1 , 2 , 6 , 10 , 4 , 3 , 5 , , , ,1, ,1, , , , ,1,1, , , ,,
Southwark,College,118,137,151,130,167,25,16,16,19,12, 3 , 3 , 9 , 6 , 2 , 14 , 13 , 10 , 9 , 6 , , , ,3, , , , , , , , , ,3,1,,
Southwark,Chaucer,277,262,201,211,194,21,25,27,21,19, 7 , 13 , 2 , 3 , 3 , 15 , 11 , 19 , 14 , 7 , ,1, , , , , , , , ,2,1,2, ,2,,
Southwark,Cathedrals,589,580,426,535,498,49,43,30,34,33, 7 , 8 , 9 , 4 , 6 , 13 , 17 , 11 , 13 , 11 ,1,2, ,1,1, , , , , ,6,4,1, ,3,,
Southwark,Camberwell Green,317,321,322,302,333,24,31,27,25,24, 1 , 8 , 12 , 5 , 6 , 17 , 18 , 19 , 19 , 16 ,1,1,1,1,2, , , , ,1,1, ,3, ,1,,
Southwark,Brunswick Park,229,204,187,204,201,27,18,24,27,15, 15 , 5 , 8 , 9 , 3 , 13 , 11 , 15 , 11 , 7 , , ,3,1, , , , , , ,1, , ,2, ,,
Sutton,Worcester Park,46,65,54,57,67,6,14,11,10,7, 3 , 3 , 5 , 3 , 1 , 4 , 6 , 6 , 4 , 5 , , , , , , , , , , , , , , , ,,
Sutton,Wandle Valley,83,115,113,139,88,18,19,20,28,11, 11 , 19 , 11 , 16 , 8 , 6 , 9 , 12 , 13 , 3 , , , ,1, , , , , , ,1, ,1, , ,,
Sutton,Wallington South,76,129,103,117,121,11,17,15,10,12, 3 , 7 , 1 , 1 , 1 , 6 , 7 , 8 , 5 , 7 ,2,3,2,2,1, , , , , ,1, ,1, , ,,
Sutton,Wallington North,83,104,122,99,88,19,11,14,10,7, 1 , 10 , 3 , 4 , 2 , 15 , 7 , 5 , 8 , 6 ,1,3,1, ,1, , , , , , , ,1,1, ,,
Sutton,The Wrythe,65,62,52,58,73,17,10,8,13,17, 14 ,   , 5 , 5 , 4 , 4 , 7 , 5 , 8 , 11 ,1, , , , , , , , , ,1,4, ,1, ,,
Sutton,Sutton West,65,69,62,65,55,9,12,8,6,5, 3 ,   , 1 , 1 ,   , 6 , 7 , 5 , 4 , 3 , , ,1,1, , , , , , , , , , , ,,
Sutton,Sutton South,99,102,92,85,81,20,17,12,5,10, 5 , 2 ,   , 2 , 3 , 13 , 14 , 12 , 4 , 7 ,8,3, , ,1, , , ,1, ,1, ,3,1,3,,
Sutton,Sutton North,75,75,79,97,88,9,21,11,12,10, 5 , 5 , 2 , 1 , 3 , 4 , 13 , 9 , 8 , 5 ,2,5,2, , , , , , , , , , , ,1,,
Sutton,Sutton Central,214,236,174,173,206,28,30,26,14,23, 13 , 14 , 19 , 6 , 13 , 15 , 14 , 9 , 7 , 7 ,6,4,1, ,1, ,1, , , , ,3,1, , ,,
Sutton,Stonecot,71,67,68,46,89,8,11,10,5,9, 6 , 5 , 13 ,   , 2 , 2 , 3 , 4 , 4 , 4 , ,1,1,1, , , , , , , , , , , ,,
Sutton,St. Helier,173,191,137,125,136,17,19,9,14,11, 5 , 7 , 4 , 4 , 10 , 7 , 13 , 6 , 5 , 2 ,1,1,1,1, , ,1, , , , ,2,1,2, ,,
Sutton,Nonsuch,62,39,49,71,82,9,5,6,7,8, 7 , 3 , 2 , 3 , 2 , 2 , 3 , 2 , 7 , 4 ,1,1,1, , , , , , , , , , ,1,3,,
Sutton,Cheam,53,80,78,81,66,10,12,13,6,8, 1 , 6 , 3 ,   , 2 , 8 , 5 , 9 , 2 , 3 ,2,2,1,2, , , , , , ,1,2,1,1,1,,
Sutton,Carshalton South and Clockhouse,51,80,68,66,82,7,11,11,7,12,   , 4 , 4 , 1 , 6 , 3 , 6 , 6 , 4 , 4 , , , , ,2, , , , , , , , , , ,,
Sutton,Carshalton Central,80,90,81,74,84,12,10,6,12,8, 2 , 6 , 3 , 1 , 1 , 7 , 4 , 2 , 7 , 5 ,2, , , , , , , , , ,2, , , , ,,
Sutton,Belmont,121,110,96,99,87,3,16,9,7,9, 3 , 8 , 1 , 1 , 1 ,   , 12 , 8 , 3 , 4 ,1,4,1,1, , , , , , , ,2,1, ,1,,
Sutton,Beddington South,72,82,83,81,101,12,10,8,8,11, 9 , 10 , 4 , 4 , 3 , 6 , 2 , 6 , 5 , 5 , , , , , , , , , ,1,5, , ,1, ,,
Sutton,Beddington North,100,110,102,80,94,12,17,6,10,7, 3 , 11 , 3 , 4 , 7 , 6 , 4 , 2 , 4 , 1 ,1,1,1, , , , , , , , ,1, , ,1,,
Totals,,104772,102124,95220,99533,104721,11487,11005,10816,10636,10615,4220,4237,4094,4135,4193,5897,5550,5564,5301,5102,581,548,524,422,321,44,43,30,36,44,775,647,593,570,542,,
Tower Hamlets,Whitechapel,540,489,376,354,422,35,36,22,14,39, 19 , 10 , 8 , 7 , 12 , 12 , 15 , 15 , 4 , 19 ,1, ,1, , , , , , , , ,6, ,3,1,,
Tower Hamlets,Weavers,207,184,190,218,232,17,18,21,20,19, 9 , 6 , 6 , 12 , 6 , 10 , 11 , 14 , 9 , 14 ,1, , ,1, , , , , , , ,1, , ,1,,
Tower Hamlets,Stepney Green,188,205,182,180,163,19,10,12,22,21, 20 , 27 , 18 , 34 , 16 , 3 , 4 , 5 , 10 , 6 ,1, , ,1, , , , , , , ,1, ,1,1,,
Tower Hamlets,St. Peter's,396,343,322,356,363,35,35,35,28,29, 12 , 30 , 26 , 30 , 15 , 20 , 16 , 17 , 10 , 10 ,1,2,3,2,3, ,1, , , ,3,1,1, ,1,,
Tower Hamlets,St. Katharine's & Wapping,119,113,125,127,120,16,15,14,13,13, 5 , 1 , 4 , 2 , 15 , 6 , 10 , 9 , 8 , 2 , , , , , , , , , , , ,1, , , ,,
Tower Hamlets,St. Dunstan's,143,161,150,154,133,11,15,14,13,15, 10 , 8 , 7 , 12 , 17 , 7 , 10 , 9 , 5 , 5 ,1, ,1,1, , , , , , , , , ,5, ,,
Tower Hamlets,Spitalfields & Banglatown,308,283,326,311,336,36,25,20,17,25, 12 , 6 , 20 , 10 , 8 , 16 , 12 , 9 , 8 , 8 ,1,1,1, ,3, , ,1, , , ,1, ,2, ,,
Tower Hamlets,Shadwell,244,231,256,256,250,21,18,20,23,29, 23 , 15 , 16 , 18 , 12 , 7 , 6 , 11 , 8 , 14 ,1,1,1, ,2, , , , , , , , , ,1,,
Tower Hamlets,Poplar,221,167,164,211,150,20,8,6,21,13, 24 , 19 , 18 , 28 , 14 , 5 , 3 , 2 , 8 , 6 ,1, , , , , , , , , , , , , , ,,
Tower Hamlets,Mile End,267,256,222,248,254,28,43,31,26,30, 46 , 36 , 29 , 20 , 21 , 9 , 21 , 11 , 14 , 18 , ,1, , , , , , , , , ,3,1,1, ,,
Tower Hamlets,Limehouse,98,62,75,72,98,8,6,6,9,9, 8 , 3 , 5 , 13 , 10 , 3 , 3 , 3 , 2 , 3 , , , , , , , , , , ,1, , , , ,,
Tower Hamlets,Lansbury,323,285,321,388,368,38,26,38,40,35, 52 , 33 , 46 , 54 , 44 , 15 , 12 , 13 , 16 , 11 , , ,1,1, , , , , , , , , ,4, ,,
Tower Hamlets,Island Gardens,108,114,113,107,89,11,14,17,12,11, 6 , 3 , 5 , 9 , 8 , 5 , 13 , 11 , 4 , 4 ,1,1, , , , , , , , ,2, ,1, , ,,
Tower Hamlets,Canary Wharf,294,305,309,306,327,34,20,32,15,32, 5 , 6 , 9 , 5 , 4 , 15 , 7 , 15 , 7 , 9 ,2,1,1, ,1, , , , , ,2,1,1,2,1,,
Tower Hamlets,Bromley South,128,134,109,111,126,14,18,22,17,19, 12 , 13 , 18 , 9 , 15 , 5 , 8 , 6 , 12 , 9 , , , , , , , , , , , , ,2, ,1,,
Tower Hamlets,Bromley North,151,155,163,155,177,19,22,25,17,18, 16 , 21 , 23 , 21 , 15 , 6 , 13 , 15 , 8 , 7 , ,1, , ,1, , , , , , ,2,2, ,1,,
Tower Hamlets,Bow West,215,193,149,170,164,32,24,16,21,16, 29 , 32 , 13 , 9 , 14 , 16 , 14 , 10 , 16 , 7 ,4,4, , , , , , ,1, ,1,7, , ,1,,
Tower Hamlets,Bow East,231,222,235,226,247,21,26,28,29,25, 9 , 20 , 46 , 26 , 9 , 13 , 13 , 10 , 11 , 10 , , , ,1,1, , , , , , ,1, ,1,2,,
Tower Hamlets,Blackwall & Cubitt Town,186,162,188,199,160,27,23,19,10,17, 10 , 10 , 11 , 7 , 3 , 14 , 11 , 4 , 5 , 7 , , , , , ,1, , , , ,5, ,1, ,1,,
Tower Hamlets,Bethnal Green,597,480,305,340,260,30,31,32,36,25, 30 , 24 , 20 , 35 , 18 , 13 , 11 , 22 , 19 , 13 ,1, , ,1, , , , , , ,2, ,2,2, ,,
Waltham Forest,Wood Street,154,147,163,181,205,17,18,16,18,18, 7 , 2 , 8 , 13 , 9 , 9 , 11 , 8 , 10 , 8 ,2,2, ,2, , , , , , ,2,1, , , ,,
Waltham Forest,William Morris,126,113,133,133,116,13,9,24,11,13, 8 , 3 , 10 , 2 , 9 , 6 , 5 , 10 , 8 , 5 ,1,1,1, , , , ,1, , ,1, , ,1, ,,
Waltham Forest,Valley,119,128,128,105,123,12,11,17,12,7, 12 , 5 , 6 , 11 , 2 , 5 , 6 , 9 , 3 , 5 , , ,1, , , , , , , , ,2, , ,2,,
Waltham Forest,Markhouse,143,175,148,161,192,19,20,21,19,18, 8 , 10 , 18 , 10 , 12 , 8 , 6 , 10 , 9 , 7 ,1,3, , , , ,1,1, , , ,5,5,1,5,,
Waltham Forest,Leytonstone,129,127,140,121,133,7,13,16,10,6, 3 , 2 , 8 , 6 , 2 , 4 , 6 , 9 , 4 ,   , , , , , , , , , , ,7, ,1, ,3,,
Waltham Forest,Leyton,242,212,195,162,175,36,20,23,22,16, 22 , 5 , 16 , 6 , 5 , 19 , 11 , 8 , 12 , 8 ,1, , ,3,1, ,1, , , ,3,1,1,4,1,,
Waltham Forest,Lea Bridge,155,159,129,157,153,21,23,23,12,19, 9 , 8 , 5 , 4 , 5 , 8 , 11 , 11 , 4 , 8 , , , , , , , , ,1, ,2,1,2, , ,,
Waltham Forest,Larkswood,160,139,106,113,132,19,10,5,4,10, 4 , 11 , 2 , 3 , 5 , 10 , 4 , 3 , 1 , 6 ,3, ,1, , , , , , , , ,2, , , ,,
Waltham Forest,Hoe Street,189,188,192,169,154,18,17,21,20,11, 8 , 8 , 7 , 10 , 2 , 12 , 7 , 10 , 9 , 7 ,1,2,1,1, , , , , , , ,5, ,2,1,,
Waltham Forest,Higham Hill,168,169,127,131,155,23,21,22,21,17, 14 , 15 , 20 , 12 , 12 , 9 , 7 , 8 , 7 , 8 ,1,1, , ,1, , , , , , ,1, , , ,,
Waltham Forest,High Street,173,173,147,143,165,24,22,17,15,26, 17 , 10 , 5 , 8 , 5 , 10 , 8 , 8 , 9 , 14 , , , , , , , , , ,1,1, , , ,1,,
Waltham Forest,Hatch Lane,87,100,100,89,82,12,14,16,9,5, 10 , 6 , 6 , 3 , 4 , 5 , 5 , 10 , 7 , 2 , ,2,2, , , , , , , , , , ,1, ,,
Waltham Forest,Hale End and Highams Park,86,99,78,111,129,12,7,4,14,17, 5 , 1 ,   , 4 , 10 , 8 , 4 , 2 , 4 , 3 , , , , , ,1, , , , , , , , ,2,,
Waltham Forest,Grove Green,77,79,68,94,76,14,7,14,11,9, 8 ,   , 5 , 3 , 1 , 9 , 3 , 9 , 8 , 4 , , , , , , , , , , , , , , , ,,
Waltham Forest,Forest,183,203,76,136,122,15,18,9,17,10, 9 , 8 , 5 , 4 , 6 , 5 , 7 , 5 , 10 , 5 , ,1, , , , , , , , ,1, , , , ,,
Waltham Forest,Endlebury,73,85,81,99,105,10,9,10,8,7, 3 , 4 , 4 , 4 , 1 , 9 , 5 , 6 , 6 , 6 ,1,1, , , , , , , , , , , , ,1,,
Waltham Forest,Chingford Green,101,88,70,99,133,9,13,12,17,9, 4 , 4 , 4 , 4 , 4 , 3 , 8 , 5 , 5 , 5 , ,4,1,2, , , , , , , , ,1, , ,,
Waltham Forest,Chapel End,133,103,111,111,118,17,15,10,14,15, 5 , 9 , 9 , 10 , 4 , 6 , 7 , 5 , 6 , 9 , , , , ,1, , , , , ,2, ,2, , ,,
Waltham Forest,Cathall,146,154,156,146,180,15,18,28,10,14, 4 , 5 , 9 , 8 , 6 , 8 , 12 , 15 , 5 , 4 ,4, ,5,1, , , , , , ,1,1, , ,1,,
Waltham Forest,Cann Hall,210,194,161,120,165,27,16,16,14,10, 10 , 7 , 8 , 3 , 4 , 13 , 11 , 7 , 8 , 5 ,2,2,1,1,1, , , , , , , ,2,1,1,,
Wandsworth,West Putney,138,118,119,99,130,18,11,14,11,9, 3 , 3 , 2 , 3 , 3 , 13 , 7 , 12 , 10 , 6 ,2, , ,1, ,1, , , , ,4,1, , ,3,,
Wandsworth,West Hill,138,119,97,139,137,13,10,18,14,15, 10 , 2 , 2 , 6 , 3 , 6 , 6 , 14 , 8 , 12 , , , ,1, , , , ,1, , , ,1,1,1,,
Wandsworth,Wandsworth Common,108,115,96,139,121,17,35,33,58,42, 10 , 18 , 22 , 48 , 30 , 7 , 8 , 4 , 5 , 7 ,2,3, ,2, , , , , , ,1,8,2,6,1,,
Wandsworth,Tooting,285,303,286,215,266,24,32,25,28,22, 3 , 3 , 4 , 6 , 1 , 11 , 12 , 13 , 15 , 7 ,1,1,2,1,1, ,2, , , ,1,1, ,2, ,,
Wandsworth,Thamesfield,162,127,138,137,185,14,15,9,15,12, 3 ,   , 2 , 1 ,   , 6 , 10 , 3 , 6 , 8 , , , , , , , , , , ,1, , , , ,,
Wandsworth,St. Mary's Park,176,172,195,189,218,24,25,28,20,21, 10 , 2 , 8 , 4 , 5 , 10 , 16 , 14 , 12 , 13 ,3,6,4,2,2, , , , , , , ,5, ,1,,
Wandsworth,Southfields,115,114,135,156,172,25,17,9,22,14, 9 , 2 , 1 , 10 , 2 , 12 , 8 , 7 , 11 , 9 ,2, ,1, , , , , , , , , ,4,5,1,,
Wandsworth,Shaftesbury,118,110,101,105,107,16,20,9,18,10, 2 , 4 , 1 ,   , 1 , 9 , 11 , 8 , 10 , 5 , , , , , , , , , , ,1,3, , , ,,
Wandsworth,Roehampton and Putney Heath,247,262,258,221,262,34,24,20,15,16, 9 , 7 , 7 , 4 , 4 , 19 , 14 , 11 , 11 , 9 ,2,2, , ,2, , , , ,1,4,3,3,3,4,,
Wandsworth,Queenstown,262,259,179,227,296,36,43,19,30,26, 3 , 15 , 8 , 8 , 13 , 24 , 19 , 12 , 19 , 16 ,2, ,3, , , , , , , , ,1,1, ,2,,
Wandsworth,Northcote,127,147,118,112,181,15,12,15,8,15, 4 ,   , 1 , 2 , 3 , 7 , 7 , 10 , 5 , 9 , ,1, , , , , , , , , , ,1, , ,,
Wandsworth,Nightingale,172,178,131,155,146,17,18,17,12,12, 2 , 3 , 7 , 1 , 1 , 13 , 9 , 14 , 9 , 6 ,2,3,3,1,2, , , , , , , ,2, ,1,,
Wandsworth,Latchmere,268,216,189,207,273,42,23,38,25,28, 13 , 9 , 16 , 2 , 15 , 30 , 20 , 24 , 23 , 14 ,7,6,5,3, , , , , , ,2,5,3, ,3,,
Wandsworth,Graveney,150,162,131,132,178,15,17,18,18,17,   , 1 , 3 ,   , 2 , 13 , 9 , 10 , 11 , 13 ,3, ,3,2,1, , ,1, ,1, , , , ,1,,
Wandsworth,Furzedown,130,104,108,120,148,16,21,18,22,19, 1 , 3 , 3 , 5 , 3 , 13 , 18 , 14 , 16 , 14 ,1,2,6,1, , , , , , , ,1, ,10,4,,
Wandsworth,Fairfield,136,176,151,194,176,18,18,15,25,20,   ,   , 5 ,   , 2 , 12 , 11 , 7 , 12 , 11 ,1,1, ,2, , , , , , , , , , , ,,
Wandsworth,East Putney,154,145,144,156,135,15,18,17,14,10, 3 , 3 , 4 ,   , 2 , 10 , 11 , 10 , 11 , 9 ,1, ,1, ,1, , , , , , ,3,3, , ,,
Wandsworth,Earlsfield,89,118,87,139,139,18,15,11,24,20, 4 , 2 , 2 , 4 , 3 , 9 , 5 , 10 , 13 , 11 , ,1, , , , , , , ,1,1,1,2,1,1,,
Wandsworth,Bedford,121,108,87,113,118,22,11,14,18,11, 5 , 2 , 1 , 6 , 4 , 12 , 10 , 10 , 11 , 7 ,2, ,1, ,1, , , , , ,1, ,1,2,1,,
Wandsworth,Balham,121,129,104,106,103,20,11,13,11,9, 2 , 1 , 3 , 5 , 3 , 14 , 7 , 7 , 6 , 6 ,1,1, ,3, , , , , , ,1,2,2,1, ,,
Westminster,Westbourne,229,195,211,243,235,29,18,23,21,13, 4 , 1 , 6 , 2 , 1 , 22 , 17 , 14 , 15 , 9 ,2,2,1, , , ,1, , , , ,3,5, ,2,,
Westminster,West End,1754,1749,1596,1794,1866,108,89,89,83,88, 1 , 4 , 7 , 5 , 4 , 16 , 10 , 11 , 11 , 16 ,1, , ,1, , , , , , ,1,1, , ,1,,
Westminster,Warwick,358,336,278,255,303,27,22,17,18,12, 2 , 1 , 4 ,   , 1 , 11 , 13 , 10 , 12 , 5 , ,1,1,1,1, , , , , ,3, ,1,1, ,,
Westminster,Vincent Square,273,257,230,198,249,21,20,17,13,13, 2 , 2 , 3 ,   , 2 , 10 , 12 , 10 , 6 , 7 ,2, ,2,1, , , , , , , ,1,3,1, ,,
Westminster,Tachbrook,186,189,185,156,224,9,13,19,6,10,   , 3 , 6 ,   , 1 , 9 , 10 , 13 , 5 , 4 , ,1, , , , , , , , , ,2, , , ,,
Westminster,St. James's,1575,1373,1379,1390,1522,95,65,87,68,76, 2 , 5 , 5 , 4 , 5 , 17 , 12 , 9 , 15 , 11 , ,1,1,2, , , , , ,1,5,4,6,2,3,,
Westminster,Regent's Park,357,342,350,330,295,22,22,23,14,15,   , 2 ,   ,   ,   , 13 , 11 , 14 , 11 , 6 ,2,3,5,2,2, , , , , ,1, , , , ,,
Westminster,Queen's Park,192,132,145,115,145,16,12,12,18,18, 4 ,   , 3 , 5 , 5 , 12 , 11 , 10 , 13 , 10 ,1, , , , , , , , , ,2,2,2,2,1,,
Westminster,Marylebone High Street,689,606,605,587,648,34,26,27,29,22, 2 ,   , 2 , 1 , 2 , 5 , 5 , 9 , 11 , 7 , , , , , , , , , , , , ,1,2, ,,
Westminster,Maida Vale,92,117,99,107,120,15,14,7,3,16, 1 , 3 ,   ,   , 4 , 10 , 9 , 5 , 3 , 9 ,1,1, , , , , , , , ,1, , ,1,2,,
Westminster,Little Venice,133,144,122,124,142,12,16,6,11,10, 1 , 1 ,   , 1 , 2 , 9 , 13 , 2 , 7 , 9 ,1,1,1, , , , , , , , ,1, ,1, ,,
Westminster,Lancaster Gate,261,257,227,255,233,26,16,23,19,20, 3 , 1 , 2 ,   ,   , 20 , 8 , 11 , 12 , 16 , , , , , ,1, , , , ,4,1,3, , ,,
Westminster,Knightsbridge and Belgravia,288,298,316,346,330,15,14,14,15,14,   , 1 , 2 ,   ,   , 9 , 9 , 5 , 9 , 6 , , , , , , , , , , ,4, , ,1,3,,
Westminster,Hyde Park,286,265,277,236,272,27,37,18,29,19,   ,   , 1 , 1 , 1 , 13 , 13 , 11 , 17 , 8 , , , ,1, , , , , , ,4, ,6, , ,,
Westminster,Harrow Road,183,153,170,187,179,12,15,11,14,11,   , 1 ,   , 2 , 2 , 12 , 11 , 7 , 9 , 5 , ,2,2, ,1,1, , , , , ,1, , ,1,,
Westminster,Churchill,186,163,176,182,183,20,14,12,17,10, 5 , 1 ,   ,   , 3 , 17 , 12 , 10 , 11 , 7 ,1,1,2,2, , , , , , ,3, , ,2, ,,
Westminster,Church Street,225,247,253,270,313,16,34,29,16,20, 2 , 4 , 2 , 5 , 8 , 11 , 21 , 21 , 6 , 12 , ,3,4, , ,1, , , , , ,1,4, , ,,
Westminster,Bryanston and Dorset Square,312,264,276,324,289,17,27,20,22,20, 3 , 1 , 2 , 2 ,   , 7 , 11 , 9 , 8 , 9 , , , ,1, ,1, , , , ,1,1,1, , ,,
Westminster,Bayswater,168,151,152,150,182,24,13,16,14,13, 4 ,   ,   , 1 , 1 , 15 , 4 , 12 , 12 , 6 ,3, ,2,1, , , , , , , ,1,3, ,3,,
Westminster,Abbey Road,127,168,148,143,148,16,10,19,7,11, 1 , 1 , 3 , 3 , 2 , 14 , 7 , 7 , 5 , 8 , , , , ,1, , , , , , , , , , ,,
